[1/44] lote com 100 snippets
Arquivos:
Snippet_3829184.java
Snippet_6632851.java
Snippet_8986119.java
Snippet_8215542.java
Snippet_9278685.java
Snippet_9380244.java
Snippet_6183095.java
Snippet_6782933.java
Snippet_3874200.java
Snippet_6880454.java
Snippet_5670492.java
Snippet_7757709.java
Snippet_5997662.java
Snippet_4853285.java
Snippet_7373719.java
Snippet_7471737.java
Snippet_5731614.java
Snippet_4308354.java
Snippet_5212058.java
Snippet_5305545.java
Snippet_8674686.java
Snippet_4750918.java
Snippet_8514954.java
Snippet_7576345.java
Snippet_4933953.java
Snippet_4937510.java
Snippet_4481500.java
Snippet_4556966.java
Snippet_8763437.java
Snippet_7196784.java
Snippet_4210356.java
Snippet_5788107.java
Snippet_7539523.java
Snippet_3858066.java
Snippet_8142013.java
Snippet_3860739.java
Snippet_6120570.java
Snippet_4246529.java
Snippet_5775855.java
Snippet_5190920.java
Snippet_8119264.java
Snippet_5704168.java
Snippet_6486798.java
Snippet_7294696.java
Snippet_9158643.java
Snippet_8141607.java
Snippet_8902566.java
Snippet_4913801.java
Snippet_3962016.java
Snippet_9414619.java
Snippet_4384349.java
Snippet_5586136.java
Snippet_8741587.java
Snippet_4088843.java
Snippet_9160221.java
Snippet_5450135.java
Snippet_7247219.java
Snippet_5019534.java
Snippet_5685504.java
Snippet_8533873.java
Snippet_8827191.java
Snippet_9177949.java
Snippet_3978398.java
Snippet_6511643.java
Snippet_4194832.java
Snippet_8284419.java
Snippet_7255679.java
Snippet_8346160.java
Snippet_8146289.java
Snippet_6475184.java
Snippet_8167612.java
Snippet_9263532.java
Snippet_9243860.java
Snippet_5343588.java
Snippet_6445236.java
Snippet_4523536.java
Snippet_4774610.java
Snippet_5153171.java
Snippet_6977042.java
Snippet_6328547.java
Snippet_7197234.java
Snippet_5270720.java
Snippet_3791832.java
Snippet_4959879.java
Snippet_4218981.java
Snippet_7628568.java
Snippet_7110712.java
Snippet_7907703.java
Snippet_5262454.java
Snippet_5323752.java
Snippet_4545257.java
Snippet_9197046.java
Snippet_5537428.java
Snippet_7957449.java
Snippet_6287167.java
Snippet_9388648.java
Snippet_7370553.java
Snippet_7372240.java
Snippet_5939530.java
Snippet_7576371.java
INFO: Scanner configuration file: /home/oscar/sonar-scanner-5.0.1.3006-linux/conf/sonar-scanner.properties
INFO: Project root configuration file: /home/oscar/Área de trabalho/TCC-Artur-Jackson-e-Oscar-de-Brito--BaseMLCQ/sonar-trechos/generated-snippets-batch-run/sonar-project.properties
INFO: SonarScanner 5.0.1.3006
INFO: Java 17.0.7 Eclipse Adoptium (64-bit)
INFO: Linux 6.17.0-35-generic amd64
INFO: User cache: /home/oscar/.sonar/cache
INFO: Analyzing on SonarQube server 10.5.1.90531
INFO: Default locale: "pt_BR", source code encoding: "UTF-8"
INFO: Load global settings
INFO: Load global settings (done) | time=134ms
INFO: Server id: 147B411E-AZ1pIPMJY3k3y_epkpuj
INFO: User cache: /home/oscar/.sonar/cache
INFO: Loading required plugins
INFO: Load plugins index
INFO: Load plugins index (done) | time=102ms
INFO: Load/download plugins
INFO: Load/download plugins (done) | time=135ms
INFO: Process project properties
INFO: Process project properties (done) | time=10ms
INFO: Project key: tcc-snippets-final-3
INFO: Base dir: /home/oscar/Área de trabalho/TCC-Artur-Jackson-e-Oscar-de-Brito--BaseMLCQ/sonar-trechos/generated-snippets-batch-run
INFO: Working dir: /home/oscar/Área de trabalho/TCC-Artur-Jackson-e-Oscar-de-Brito--BaseMLCQ/sonar-trechos/generated-snippets-batch-run/.scannerwork
INFO: Load project settings for component key: 'tcc-snippets-final-3'
INFO: Load project settings for component key: 'tcc-snippets-final-3' (done) | time=22ms
INFO: Load quality profiles
INFO: Load quality profiles (done) | time=130ms
INFO: Load active rules
INFO: Load active rules (done) | time=10977ms
INFO: Load analysis cache
INFO: Load analysis cache (2.6 kB) | time=84ms
INFO: Preprocessing files...
INFO: 1 language detected in 101 preprocessed files
INFO: 0 files ignored because of scm ignore settings
INFO: Loading plugins for detected languages
INFO: Load/download plugins
INFO: Load/download plugins (done) | time=6ms
INFO: Inconsistent constructor declaration on bean with name 'org.sonarsource.scanner.api.internal.IsolatedClassloader@1a1d6a08-org.sonar.scanner.issue.IssueFilters': single autowire-marked constructor flagged as optional - this constructor is effectively required since there is no default constructor to fall back to: public org.sonar.scanner.issue.IssueFilters(org.sonar.api.batch.fs.internal.DefaultInputProject)
INFO: Load project repositories
INFO: Load project repositories (done) | time=53ms
INFO: Indexing files...
INFO: Project configuration:
INFO: 101 files indexed
INFO: Quality profile for java: TCC
INFO: ------------- Run sensors on module TCC Snippets Final 3
INFO: Load metrics repository
INFO: Load metrics repository (done) | time=48ms
INFO: Sensor JavaSensor [java]
INFO: No rules with 'symbolic-execution' tag were enabled, the Symbolic Execution Engine will not run during the analysis.
INFO: Server-side caching is enabled. The Java analyzer will not try to leverage data from a previous analysis.
INFO: Using ECJ batch to parse 100 Main java source files with batch size 156 KB.
INFO: Starting batch processing.
INFO: The Java analyzer cannot skip unchanged files in this context. A full analysis is performed for all files.
INFO: 100% analyzed
INFO: Batch processing: Done.
INFO: Did not optimize analysis for any files, performed a full analysis for all 100 files.
WARN: Dependencies/libraries were not provided for analysis of SOURCE files. The 'sonar.java.libraries' property is empty. Verify your configuration, as you might end up with less precise results.
WARN: Unresolved imports/types have been detected during analysis. Enable DEBUG mode to see them.
WARN: Use of preview features have been detected during analysis. Enable DEBUG mode to see them.
INFO: No "Test" source files to scan.
INFO: No "Generated" source files to scan.
INFO: Sensor JavaSensor [java] (done) | time=4696ms
INFO: Sensor SurefireSensor [java]
INFO: parsing [/home/oscar/Área de trabalho/TCC-Artur-Jackson-e-Oscar-de-Brito--BaseMLCQ/sonar-trechos/generated-snippets-batch-run/target/surefire-reports]
INFO: Sensor SurefireSensor [java] (done) | time=2ms
INFO: Sensor JaCoCo XML Report Importer [jacoco]
INFO: 'sonar.coverage.jacoco.xmlReportPaths' is not defined. Using default locations: target/site/jacoco/jacoco.xml,target/site/jacoco-it/jacoco.xml,build/reports/jacoco/test/jacocoTestReport.xml
INFO: No report imported, no coverage information will be imported by JaCoCo XML Report Importer
INFO: Sensor JaCoCo XML Report Importer [jacoco] (done) | time=2ms
INFO: Sensor IaC Docker Sensor [iac]
INFO: 0 source files to be analyzed
INFO: 0/0 source files have been analyzed
INFO: Sensor IaC Docker Sensor [iac] (done) | time=106ms
INFO: Sensor TextAndSecretsSensor [text]
INFO: Available processors: 2
INFO: Using 2 threads for analysis.
INFO: 100 source files to be analyzed
INFO: 100/100 source files have been analyzed
INFO: Sensor TextAndSecretsSensor [text] (done) | time=1662ms
INFO: ------------- Run sensors on project
INFO: Sensor Zero Coverage Sensor
INFO: Sensor Zero Coverage Sensor (done) | time=48ms
INFO: Sensor Java CPD Block Indexer
INFO: Sensor Java CPD Block Indexer (done) | time=253ms
INFO: SCM Publisher SCM provider for this project is: git
INFO: SCM Publisher 100 source files to be analyzed
INFO: SCM Publisher 0/100 source files have been analyzed (done) | time=55ms
WARN: Missing blame information for the following files:
WARN:   * Snippet_5153171.java
WARN:   * Snippet_6880454.java
WARN:   * Snippet_6120570.java
WARN:   * Snippet_6486798.java
WARN:   * Snippet_6511643.java
WARN:   * Snippet_3978398.java
WARN:   * Snippet_7255679.java
WARN:   * Snippet_7372240.java
WARN:   * Snippet_6445236.java
WARN:   * Snippet_8763437.java
WARN:   * Snippet_8146289.java
WARN:   * Snippet_4246529.java
WARN:   * Snippet_3962016.java
WARN:   * Snippet_4959879.java
WARN:   * Snippet_7373719.java
WARN:   * Snippet_9263532.java
WARN:   * Snippet_9158643.java
WARN:   * Snippet_3860739.java
WARN:   * Snippet_8346160.java
WARN:   * Snippet_4218981.java
WARN:   * Snippet_5775855.java
WARN:   * Snippet_7197234.java
WARN:   * Snippet_6782933.java
WARN:   * Snippet_6328547.java
WARN:   * Snippet_8142013.java
WARN:   * Snippet_7757709.java
WARN:   * Snippet_5939530.java
WARN:   * Snippet_8284419.java
WARN:   * Snippet_4774610.java
WARN:   * Snippet_6632851.java
WARN:   * Snippet_4545257.java
WARN:   * Snippet_8514954.java
WARN:   * Snippet_5670492.java
WARN:   * Snippet_5788107.java
WARN:   * Snippet_8986119.java
WARN:   * Snippet_5343588.java
WARN:   * Snippet_4523536.java
WARN:   * Snippet_7471737.java
WARN:   * Snippet_9243860.java
WARN:   * Snippet_4088843.java
WARN:   * Snippet_9278685.java
WARN:   * Snippet_9414619.java
WARN:   * Snippet_8741587.java
WARN:   * Snippet_7196784.java
WARN:   * Snippet_6977042.java
WARN:   * Snippet_5704168.java
WARN:   * Snippet_9380244.java
WARN:   * Snippet_5685504.java
WARN:   * Snippet_9197046.java
WARN:   * Snippet_7247219.java
WARN:   * Snippet_6475184.java
WARN:   * Snippet_4481500.java
WARN:   * Snippet_5019534.java
WARN:   * Snippet_4210356.java
WARN:   * Snippet_4750918.java
WARN:   * Snippet_4384349.java
WARN:   * Snippet_8119264.java
WARN:   * Snippet_9177949.java
WARN:   * Snippet_6183095.java
WARN:   * Snippet_8167612.java
WARN:   * Snippet_8533873.java
WARN:   * Snippet_5305545.java
WARN:   * Snippet_9160221.java
WARN:   * Snippet_4937510.java
WARN:   * Snippet_5731614.java
WARN:   * Snippet_7294696.java
WARN:   * Snippet_7110712.java
WARN:   * Snippet_8674686.java
WARN:   * Snippet_5323752.java
WARN:   * Snippet_5270720.java
WARN:   * Snippet_7539523.java
WARN:   * Snippet_7907703.java
WARN:   * Snippet_3829184.java
WARN:   * Snippet_3858066.java
WARN:   * Snippet_5212058.java
WARN:   * Snippet_7576345.java
WARN:   * Snippet_8902566.java
WARN:   * Snippet_8141607.java
WARN:   * Snippet_5997662.java
WARN:   * Snippet_5586136.java
WARN:   * Snippet_3874200.java
WARN:   * Snippet_5537428.java
WARN:   * Snippet_8827191.java
WARN:   * Snippet_7576371.java
WARN:   * Snippet_8215542.java
WARN:   * Snippet_4556966.java
WARN:   * Snippet_5190920.java
WARN:   * Snippet_7370553.java
WARN:   * Snippet_5450135.java
WARN:   * Snippet_6287167.java
WARN:   * Snippet_7628568.java
WARN:   * Snippet_4933953.java
WARN:   * Snippet_7957449.java
WARN:   * Snippet_3791832.java
WARN:   * Snippet_4913801.java
WARN:   * Snippet_4194832.java
WARN:   * Snippet_4853285.java
WARN:   * Snippet_4308354.java
WARN:   * Snippet_5262454.java
WARN:   * Snippet_9388648.java
WARN: This may lead to missing/broken features in SonarQube
INFO: CPD Executor 35 files had no CPD blocks
INFO: CPD Executor Calculating CPD for 65 files
INFO: CPD Executor CPD calculation finished (done) | time=26ms
INFO: SCM revision ID '26261eff0fdfe0b82ee446873a05666cce5522df'
INFO: Analysis report generated in 137ms, dir size=520.4 kB
INFO: Analysis report compressed in 533ms, zip size=242.9 kB
INFO: Analysis report uploaded in 46ms
INFO: ANALYSIS SUCCESSFUL, you can find the results at: http://localhost:9000/dashboard?id=tcc-snippets-final-3
INFO: Note that you will be able to access the updated dashboard once the server has processed the submitted analysis report
INFO: More about the report processing at http://localhost:9000/api/ce/task?id=5302cfba-f30e-4f6f-b1b5-d6a6a7db6555
INFO: Analysis total time: 22.240 s
INFO: ------------------------------------------------------------------------
INFO: EXECUTION SUCCESS
INFO: ------------------------------------------------------------------------
INFO: Total time: 27.492s
INFO: Final Memory: 18M/74M
INFO: ------------------------------------------------------------------------

================================================================================
[2/44] lote com 100 snippets
Arquivos:
Snippet_9355318.java
Snippet_8856936.java
Snippet_8822271.java
Snippet_9548458.java
Snippet_4693914.java
Snippet_8387845.java
Snippet_7633038.java
Snippet_7473205.java
Snippet_7633445.java
Snippet_7882655.java
Snippet_5836088.java
Snippet_5501417.java
Snippet_7200879.java
Snippet_7513758.java
Snippet_5128334.java
Snippet_6010673.java
Snippet_7491946.java
Snippet_4129438.java
Snippet_7513555.java
Snippet_4960684.java
Snippet_4221930.java
Snippet_6189879.java
Snippet_4608696.java
Snippet_6205101.java
Snippet_4301941.java
Snippet_7356682.java
Snippet_6210636.java
Snippet_5450234.java
Snippet_5555115.java
Snippet_7409026.java
Snippet_3940072.java
Snippet_5844151.java
Snippet_9395153.java
Snippet_5854207.java
Snippet_9539121.java
Snippet_4108183.java
Snippet_4310755.java
Snippet_4445017.java
Snippet_3919083.java
Snippet_8190064.java
Snippet_5693079.java
Snippet_8925039.java
Snippet_7034516.java
Snippet_7599209.java
Snippet_3819835.java
Snippet_9230800.java
Snippet_7007225.java
Snippet_7248409.java
Snippet_6866681.java
Snippet_7638207.java
Snippet_8322298.java
Snippet_3784303.java
Snippet_4218453.java
Snippet_6075386.java
Snippet_7394379.java
Snippet_5328888.java
Snippet_7864012.java
Snippet_9429785.java
Snippet_7568142.java
Snippet_8778291.java
Snippet_7454233.java
Snippet_7287653.java
Snippet_6471435.java
Snippet_8599703.java
Snippet_9523314.java
Snippet_9478878.java
Snippet_9357604.java
Snippet_6842606.java
Snippet_7336602.java
Snippet_7795012.java
Snippet_9121712.java
Snippet_4838704.java
Snippet_6579602.java
Snippet_4243718.java
Snippet_5514575.java
Snippet_9205838.java
Snippet_5809960.java
Snippet_7850192.java
Snippet_5358686.java
Snippet_7130892.java
Snippet_5294252.java
Snippet_4172580.java
Snippet_6093270.java
Snippet_4308723.java
Snippet_8099651.java
Snippet_3923939.java
Snippet_5497076.java
Snippet_9220014.java
Snippet_7496459.java
Snippet_6198340.java
Snippet_6637734.java
Snippet_8902996.java
Snippet_6537386.java
Snippet_3993831.java
Snippet_4413114.java
Snippet_5705708.java
Snippet_3897581.java
Snippet_5271942.java
Snippet_8436827.java
Snippet_8439567.java
INFO: Scanner configuration file: /home/oscar/sonar-scanner-5.0.1.3006-linux/conf/sonar-scanner.properties
INFO: Project root configuration file: /home/oscar/Área de trabalho/TCC-Artur-Jackson-e-Oscar-de-Brito--BaseMLCQ/sonar-trechos/generated-snippets-batch-run/sonar-project.properties
INFO: SonarScanner 5.0.1.3006
INFO: Java 17.0.7 Eclipse Adoptium (64-bit)
INFO: Linux 6.17.0-35-generic amd64
INFO: User cache: /home/oscar/.sonar/cache
INFO: Analyzing on SonarQube server 10.5.1.90531
INFO: Default locale: "pt_BR", source code encoding: "UTF-8"
INFO: Load global settings
INFO: Load global settings (done) | time=160ms
INFO: Server id: 147B411E-AZ1pIPMJY3k3y_epkpuj
INFO: User cache: /home/oscar/.sonar/cache
INFO: Loading required plugins
INFO: Load plugins index
INFO: Load plugins index (done) | time=95ms
INFO: Load/download plugins
INFO: Load/download plugins (done) | time=130ms
INFO: Process project properties
INFO: Process project properties (done) | time=10ms
INFO: Project key: tcc-snippets-final-3
INFO: Base dir: /home/oscar/Área de trabalho/TCC-Artur-Jackson-e-Oscar-de-Brito--BaseMLCQ/sonar-trechos/generated-snippets-batch-run
INFO: Working dir: /home/oscar/Área de trabalho/TCC-Artur-Jackson-e-Oscar-de-Brito--BaseMLCQ/sonar-trechos/generated-snippets-batch-run/.scannerwork
INFO: Load project settings for component key: 'tcc-snippets-final-3'
INFO: Load project settings for component key: 'tcc-snippets-final-3' (done) | time=24ms
INFO: Load quality profiles
INFO: Load quality profiles (done) | time=177ms
INFO: Load active rules
INFO: Load active rules (done) | time=8042ms
INFO: Load analysis cache
INFO: Load analysis cache (2.6 kB) | time=60ms
INFO: Preprocessing files...
INFO: 1 language detected in 101 preprocessed files
INFO: 0 files ignored because of scm ignore settings
INFO: Loading plugins for detected languages
INFO: Load/download plugins
INFO: Load/download plugins (done) | time=27ms
INFO: Inconsistent constructor declaration on bean with name 'org.sonarsource.scanner.api.internal.IsolatedClassloader@1a1d6a08-org.sonar.scanner.issue.IssueFilters': single autowire-marked constructor flagged as optional - this constructor is effectively required since there is no default constructor to fall back to: public org.sonar.scanner.issue.IssueFilters(org.sonar.api.batch.fs.internal.DefaultInputProject)
INFO: Load project repositories
INFO: Load project repositories (done) | time=60ms
INFO: Indexing files...
INFO: Project configuration:
INFO: 101 files indexed
INFO: Quality profile for java: TCC
INFO: ------------- Run sensors on module TCC Snippets Final 3
INFO: Load metrics repository
INFO: Load metrics repository (done) | time=95ms
INFO: Sensor JavaSensor [java]
INFO: No rules with 'symbolic-execution' tag were enabled, the Symbolic Execution Engine will not run during the analysis.
INFO: Server-side caching is enabled. The Java analyzer will not try to leverage data from a previous analysis.
INFO: Using ECJ batch to parse 100 Main java source files with batch size 156 KB.
INFO: Starting batch processing.
INFO: The Java analyzer cannot skip unchanged files in this context. A full analysis is performed for all files.
INFO: 100% analyzed
INFO: Batch processing: Done.
INFO: Did not optimize analysis for any files, performed a full analysis for all 100 files.
WARN: Dependencies/libraries were not provided for analysis of SOURCE files. The 'sonar.java.libraries' property is empty. Verify your configuration, as you might end up with less precise results.
WARN: Unresolved imports/types have been detected during analysis. Enable DEBUG mode to see them.
WARN: Use of preview features have been detected during analysis. Enable DEBUG mode to see them.
INFO: No "Test" source files to scan.
INFO: No "Generated" source files to scan.
INFO: Sensor JavaSensor [java] (done) | time=7385ms
INFO: Sensor SurefireSensor [java]
INFO: parsing [/home/oscar/Área de trabalho/TCC-Artur-Jackson-e-Oscar-de-Brito--BaseMLCQ/sonar-trechos/generated-snippets-batch-run/target/surefire-reports]
INFO: Sensor SurefireSensor [java] (done) | time=3ms
INFO: Sensor JaCoCo XML Report Importer [jacoco]
INFO: 'sonar.coverage.jacoco.xmlReportPaths' is not defined. Using default locations: target/site/jacoco/jacoco.xml,target/site/jacoco-it/jacoco.xml,build/reports/jacoco/test/jacocoTestReport.xml
INFO: No report imported, no coverage information will be imported by JaCoCo XML Report Importer
INFO: Sensor JaCoCo XML Report Importer [jacoco] (done) | time=1ms
INFO: Sensor IaC Docker Sensor [iac]
INFO: 0 source files to be analyzed
INFO: 0/0 source files have been analyzed
INFO: Sensor IaC Docker Sensor [iac] (done) | time=100ms
INFO: Sensor TextAndSecretsSensor [text]
INFO: Available processors: 2
INFO: Using 2 threads for analysis.
INFO: 100 source files to be analyzed
INFO: 100/100 source files have been analyzed
INFO: Sensor TextAndSecretsSensor [text] (done) | time=1645ms
INFO: ------------- Run sensors on project
INFO: Sensor Zero Coverage Sensor
INFO: Sensor Zero Coverage Sensor (done) | time=64ms
INFO: Sensor Java CPD Block Indexer
INFO: Sensor Java CPD Block Indexer (done) | time=240ms
INFO: SCM Publisher SCM provider for this project is: git
INFO: SCM Publisher 100 source files to be analyzed
INFO: SCM Publisher 0/100 source files have been analyzed (done) | time=67ms
WARN: Missing blame information for the following files:
WARN:   * Snippet_7336602.java
WARN:   * Snippet_7409026.java
WARN:   * Snippet_7034516.java
WARN:   * Snippet_9478878.java
WARN:   * Snippet_4108183.java
WARN:   * Snippet_7496459.java
WARN:   * Snippet_6010673.java
WARN:   * Snippet_3819835.java
WARN:   * Snippet_7454233.java
WARN:   * Snippet_7130892.java
WARN:   * Snippet_5809960.java
WARN:   * Snippet_7882655.java
WARN:   * Snippet_7248409.java
WARN:   * Snippet_6075386.java
WARN:   * Snippet_4960684.java
WARN:   * Snippet_7513758.java
WARN:   * Snippet_9539121.java
WARN:   * Snippet_6210636.java
WARN:   * Snippet_8925039.java
WARN:   * Snippet_8902996.java
WARN:   * Snippet_6093270.java
WARN:   * Snippet_9355318.java
WARN:   * Snippet_7850192.java
WARN:   * Snippet_7633038.java
WARN:   * Snippet_8822271.java
WARN:   * Snippet_8778291.java
WARN:   * Snippet_5854207.java
WARN:   * Snippet_7287653.java
WARN:   * Snippet_7864012.java
WARN:   * Snippet_7491946.java
WARN:   * Snippet_9523314.java
WARN:   * Snippet_9230800.java
WARN:   * Snippet_4301941.java
WARN:   * Snippet_3897581.java
WARN:   * Snippet_5358686.java
WARN:   * Snippet_4413114.java
WARN:   * Snippet_3919083.java
WARN:   * Snippet_9205838.java
WARN:   * Snippet_5844151.java
WARN:   * Snippet_7568142.java
WARN:   * Snippet_5705708.java
WARN:   * Snippet_4608696.java
WARN:   * Snippet_7599209.java
WARN:   * Snippet_5294252.java
WARN:   * Snippet_8322298.java
WARN:   * Snippet_3993831.java
WARN:   * Snippet_3784303.java
WARN:   * Snippet_6205101.java
WARN:   * Snippet_9357604.java
WARN:   * Snippet_4445017.java
WARN:   * Snippet_4172580.java
WARN:   * Snippet_4310755.java
WARN:   * Snippet_5501417.java
WARN:   * Snippet_5450234.java
WARN:   * Snippet_6537386.java
WARN:   * Snippet_8099651.java
WARN:   * Snippet_4129438.java
WARN:   * Snippet_5836088.java
WARN:   * Snippet_6471435.java
WARN:   * Snippet_6842606.java
WARN:   * Snippet_7356682.java
WARN:   * Snippet_5128334.java
WARN:   * Snippet_9121712.java
WARN:   * Snippet_6637734.java
WARN:   * Snippet_5514575.java
WARN:   * Snippet_9220014.java
WARN:   * Snippet_5497076.java
WARN:   * Snippet_7633445.java
WARN:   * Snippet_8190064.java
WARN:   * Snippet_6579602.java
WARN:   * Snippet_8599703.java
WARN:   * Snippet_5328888.java
WARN:   * Snippet_4693914.java
WARN:   * Snippet_7513555.java
WARN:   * Snippet_4218453.java
WARN:   * Snippet_9395153.java
WARN:   * Snippet_3940072.java
WARN:   * Snippet_8856936.java
WARN:   * Snippet_9548458.java
WARN:   * Snippet_4838704.java
WARN:   * Snippet_4243718.java
WARN:   * Snippet_7638207.java
WARN:   * Snippet_4308723.java
WARN:   * Snippet_7394379.java
WARN:   * Snippet_5555115.java
WARN:   * Snippet_8387845.java
WARN:   * Snippet_8436827.java
WARN:   * Snippet_4221930.java
WARN:   * Snippet_9429785.java
WARN:   * Snippet_7473205.java
WARN:   * Snippet_7795012.java
WARN:   * Snippet_3923939.java
WARN:   * Snippet_7007225.java
WARN:   * Snippet_6189879.java
WARN:   * Snippet_5271942.java
WARN:   * Snippet_7200879.java
WARN:   * Snippet_6866681.java
WARN:   * Snippet_8439567.java
WARN:   * Snippet_6198340.java
WARN:   * Snippet_5693079.java
WARN: This may lead to missing/broken features in SonarQube
INFO: CPD Executor 41 files had no CPD blocks
INFO: CPD Executor Calculating CPD for 59 files
INFO: CPD Executor CPD calculation finished (done) | time=57ms
INFO: SCM revision ID '26261eff0fdfe0b82ee446873a05666cce5522df'
INFO: Analysis report generated in 214ms, dir size=790.8 kB
INFO: Analysis report compressed in 374ms, zip size=320.0 kB
INFO: Analysis report uploaded in 70ms
INFO: ANALYSIS SUCCESSFUL, you can find the results at: http://localhost:9000/dashboard?id=tcc-snippets-final-3
INFO: Note that you will be able to access the updated dashboard once the server has processed the submitted analysis report
INFO: More about the report processing at http://localhost:9000/api/ce/task?id=18c1f912-d9ae-4c74-a584-77b274f0507f
INFO: Analysis total time: 23.214 s
INFO: ------------------------------------------------------------------------
INFO: EXECUTION SUCCESS
INFO: ------------------------------------------------------------------------
INFO: Total time: 26.888s
INFO: Final Memory: 18M/74M
INFO: ------------------------------------------------------------------------

================================================================================
[3/44] lote com 100 snippets
Arquivos:
Snippet_5989938.java
Snippet_5904263.java
Snippet_7717968.java
Snippet_5014423.java
Snippet_4240679.java
Snippet_4612586.java
Snippet_7655364.java
Snippet_4882061.java
Snippet_4078869.java
Snippet_9249010.java
Snippet_4580123.java
Snippet_8912937.java
Snippet_5988833.java
Snippet_6866247.java
Snippet_7757616.java
Snippet_8039190.java
Snippet_4318753.java
Snippet_5412639.java
Snippet_4745312.java
Snippet_5217747.java
Snippet_3739360.java
Snippet_9409389.java
Snippet_6544247.java
Snippet_6320805.java
Snippet_8972057.java
Snippet_7393053.java
Snippet_8025955.java
Snippet_7530504.java
Snippet_3988323.java
Snippet_7454098.java
Snippet_6832744.java
Snippet_5658486.java
Snippet_7071050.java
Snippet_7078266.java
Snippet_8051978.java
Snippet_8632348.java
Snippet_7386253.java
Snippet_9118161.java
Snippet_3699521.java
Snippet_7501330.java
Snippet_7236147.java
Snippet_6519143.java
Snippet_5461682.java
Snippet_7664957.java
Snippet_4042826.java
Snippet_7477969.java
Snippet_9009658.java
Snippet_5837941.java
Snippet_4106696.java
Snippet_5769657.java
Snippet_4040842.java
Snippet_8901898.java
Snippet_5331456.java
Snippet_4933991.java
Snippet_6207748.java
Snippet_5688699.java
Snippet_8418552.java
Snippet_9005699.java
Snippet_5180625.java
Snippet_9432587.java
Snippet_8604349.java
Snippet_5660411.java
Snippet_9398714.java
Snippet_4062660.java
Snippet_8033367.java
Snippet_4875170.java
Snippet_8278588.java
Snippet_5916449.java
Snippet_8348686.java
Snippet_6291892.java
Snippet_6195686.java
Snippet_8968711.java
Snippet_3800392.java
Snippet_8857529.java
Snippet_8615469.java
Snippet_8902780.java
Snippet_3974746.java
Snippet_3725378.java
Snippet_4466087.java
Snippet_7482608.java
Snippet_3839255.java
Snippet_7885799.java
Snippet_8999751.java
Snippet_5748379.java
Snippet_4600851.java
Snippet_6330576.java
Snippet_8004086.java
Snippet_8224809.java
Snippet_7273237.java
Snippet_7441078.java
Snippet_8241207.java
Snippet_7451069.java
Snippet_6541577.java
Snippet_4063507.java
Snippet_8502684.java
Snippet_5939437.java
Snippet_8017375.java
Snippet_5231896.java
Snippet_9474095.java
Snippet_4500366.java
INFO: Scanner configuration file: /home/oscar/sonar-scanner-5.0.1.3006-linux/conf/sonar-scanner.properties
INFO: Project root configuration file: /home/oscar/Área de trabalho/TCC-Artur-Jackson-e-Oscar-de-Brito--BaseMLCQ/sonar-trechos/generated-snippets-batch-run/sonar-project.properties
INFO: SonarScanner 5.0.1.3006
INFO: Java 17.0.7 Eclipse Adoptium (64-bit)
INFO: Linux 6.17.0-35-generic amd64
INFO: User cache: /home/oscar/.sonar/cache
INFO: Analyzing on SonarQube server 10.5.1.90531
INFO: Default locale: "pt_BR", source code encoding: "UTF-8"
INFO: Load global settings
INFO: Load global settings (done) | time=120ms
INFO: Server id: 147B411E-AZ1pIPMJY3k3y_epkpuj
INFO: User cache: /home/oscar/.sonar/cache
INFO: Loading required plugins
INFO: Load plugins index
INFO: Load plugins index (done) | time=52ms
INFO: Load/download plugins
INFO: Load/download plugins (done) | time=105ms
INFO: Process project properties
INFO: Process project properties (done) | time=19ms
INFO: Project key: tcc-snippets-final-3
INFO: Base dir: /home/oscar/Área de trabalho/TCC-Artur-Jackson-e-Oscar-de-Brito--BaseMLCQ/sonar-trechos/generated-snippets-batch-run
INFO: Working dir: /home/oscar/Área de trabalho/TCC-Artur-Jackson-e-Oscar-de-Brito--BaseMLCQ/sonar-trechos/generated-snippets-batch-run/.scannerwork
INFO: Load project settings for component key: 'tcc-snippets-final-3'
INFO: Load project settings for component key: 'tcc-snippets-final-3' (done) | time=24ms
INFO: Load quality profiles
INFO: Load quality profiles (done) | time=128ms
INFO: Load active rules
INFO: Load active rules (done) | time=7728ms
INFO: Load analysis cache
INFO: Load analysis cache (2.6 kB) | time=58ms
INFO: Preprocessing files...
INFO: 1 language detected in 101 preprocessed files
INFO: 0 files ignored because of scm ignore settings
INFO: Loading plugins for detected languages
INFO: Load/download plugins
INFO: Load/download plugins (done) | time=15ms
INFO: Inconsistent constructor declaration on bean with name 'org.sonarsource.scanner.api.internal.IsolatedClassloader@1a1d6a08-org.sonar.scanner.issue.IssueFilters': single autowire-marked constructor flagged as optional - this constructor is effectively required since there is no default constructor to fall back to: public org.sonar.scanner.issue.IssueFilters(org.sonar.api.batch.fs.internal.DefaultInputProject)
INFO: Load project repositories
INFO: Load project repositories (done) | time=82ms
INFO: Indexing files...
INFO: Project configuration:
INFO: 101 files indexed
INFO: Quality profile for java: TCC
INFO: ------------- Run sensors on module TCC Snippets Final 3
INFO: Load metrics repository
INFO: Load metrics repository (done) | time=75ms
INFO: Sensor JavaSensor [java]
INFO: No rules with 'symbolic-execution' tag were enabled, the Symbolic Execution Engine will not run during the analysis.
INFO: Server-side caching is enabled. The Java analyzer will not try to leverage data from a previous analysis.
INFO: Using ECJ batch to parse 100 Main java source files with batch size 156 KB.
INFO: Starting batch processing.
INFO: The Java analyzer cannot skip unchanged files in this context. A full analysis is performed for all files.
INFO: 100% analyzed
INFO: Batch processing: Done.
INFO: Did not optimize analysis for any files, performed a full analysis for all 100 files.
WARN: Dependencies/libraries were not provided for analysis of SOURCE files. The 'sonar.java.libraries' property is empty. Verify your configuration, as you might end up with less precise results.
WARN: Unresolved imports/types have been detected during analysis. Enable DEBUG mode to see them.
WARN: Use of preview features have been detected during analysis. Enable DEBUG mode to see them.
INFO: No "Test" source files to scan.
INFO: No "Generated" source files to scan.
INFO: Sensor JavaSensor [java] (done) | time=5717ms
INFO: Sensor SurefireSensor [java]
INFO: parsing [/home/oscar/Área de trabalho/TCC-Artur-Jackson-e-Oscar-de-Brito--BaseMLCQ/sonar-trechos/generated-snippets-batch-run/target/surefire-reports]
INFO: Sensor SurefireSensor [java] (done) | time=3ms
INFO: Sensor JaCoCo XML Report Importer [jacoco]
INFO: 'sonar.coverage.jacoco.xmlReportPaths' is not defined. Using default locations: target/site/jacoco/jacoco.xml,target/site/jacoco-it/jacoco.xml,build/reports/jacoco/test/jacocoTestReport.xml
INFO: No report imported, no coverage information will be imported by JaCoCo XML Report Importer
INFO: Sensor JaCoCo XML Report Importer [jacoco] (done) | time=13ms
INFO: Sensor IaC Docker Sensor [iac]
INFO: 0 source files to be analyzed
INFO: 0/0 source files have been analyzed
INFO: Sensor IaC Docker Sensor [iac] (done) | time=106ms
INFO: Sensor TextAndSecretsSensor [text]
INFO: Available processors: 2
INFO: Using 2 threads for analysis.
INFO: 100 source files to be analyzed
INFO: 100/100 source files have been analyzed
INFO: Sensor TextAndSecretsSensor [text] (done) | time=1226ms
INFO: ------------- Run sensors on project
INFO: Sensor Zero Coverage Sensor
INFO: Sensor Zero Coverage Sensor (done) | time=52ms
INFO: Sensor Java CPD Block Indexer
INFO: Sensor Java CPD Block Indexer (done) | time=252ms
INFO: SCM Publisher SCM provider for this project is: git
INFO: SCM Publisher 100 source files to be analyzed
INFO: SCM Publisher 0/100 source files have been analyzed (done) | time=57ms
WARN: Missing blame information for the following files:
WARN:   * Snippet_5916449.java
WARN:   * Snippet_8051978.java
WARN:   * Snippet_7441078.java
WARN:   * Snippet_6291892.java
WARN:   * Snippet_6330576.java
WARN:   * Snippet_9474095.java
WARN:   * Snippet_7078266.java
WARN:   * Snippet_8999751.java
WARN:   * Snippet_3699521.java
WARN:   * Snippet_8025955.java
WARN:   * Snippet_6519143.java
WARN:   * Snippet_9398714.java
WARN:   * Snippet_7071050.java
WARN:   * Snippet_4745312.java
WARN:   * Snippet_7717968.java
WARN:   * Snippet_8418552.java
WARN:   * Snippet_7757616.java
WARN:   * Snippet_6866247.java
WARN:   * Snippet_7386253.java
WARN:   * Snippet_5461682.java
WARN:   * Snippet_6832744.java
WARN:   * Snippet_4466087.java
WARN:   * Snippet_8278588.java
WARN:   * Snippet_7530504.java
WARN:   * Snippet_5231896.java
WARN:   * Snippet_3988323.java
WARN:   * Snippet_4078869.java
WARN:   * Snippet_5660411.java
WARN:   * Snippet_4040842.java
WARN:   * Snippet_7454098.java
WARN:   * Snippet_9409389.java
WARN:   * Snippet_5217747.java
WARN:   * Snippet_8039190.java
WARN:   * Snippet_5837941.java
WARN:   * Snippet_9249010.java
WARN:   * Snippet_8604349.java
WARN:   * Snippet_5769657.java
WARN:   * Snippet_7451069.java
WARN:   * Snippet_7236147.java
WARN:   * Snippet_9432587.java
WARN:   * Snippet_7655364.java
WARN:   * Snippet_4600851.java
WARN:   * Snippet_7393053.java
WARN:   * Snippet_8857529.java
WARN:   * Snippet_4318753.java
WARN:   * Snippet_4612586.java
WARN:   * Snippet_5014423.java
WARN:   * Snippet_6207748.java
WARN:   * Snippet_8502684.java
WARN:   * Snippet_3839255.java
WARN:   * Snippet_8902780.java
WARN:   * Snippet_8615469.java
WARN:   * Snippet_4106696.java
WARN:   * Snippet_8241207.java
WARN:   * Snippet_5988833.java
WARN:   * Snippet_8033367.java
WARN:   * Snippet_5748379.java
WARN:   * Snippet_7477969.java
WARN:   * Snippet_5331456.java
WARN:   * Snippet_5688699.java
WARN:   * Snippet_8348686.java
WARN:   * Snippet_7482608.java
WARN:   * Snippet_4875170.java
WARN:   * Snippet_8632348.java
WARN:   * Snippet_4062660.java
WARN:   * Snippet_8968711.java
WARN:   * Snippet_9009658.java
WARN:   * Snippet_4882061.java
WARN:   * Snippet_4063507.java
WARN:   * Snippet_3739360.java
WARN:   * Snippet_6541577.java
WARN:   * Snippet_5939437.java
WARN:   * Snippet_6320805.java
WARN:   * Snippet_8004086.java
WARN:   * Snippet_9118161.java
WARN:   * Snippet_8901898.java
WARN:   * Snippet_7885799.java
WARN:   * Snippet_3725378.java
WARN:   * Snippet_4933991.java
WARN:   * Snippet_6195686.java
WARN:   * Snippet_5658486.java
WARN:   * Snippet_4580123.java
WARN:   * Snippet_8972057.java
WARN:   * Snippet_5180625.java
WARN:   * Snippet_8912937.java
WARN:   * Snippet_4500366.java
WARN:   * Snippet_5904263.java
WARN:   * Snippet_8224809.java
WARN:   * Snippet_3974746.java
WARN:   * Snippet_8017375.java
WARN:   * Snippet_3800392.java
WARN:   * Snippet_9005699.java
WARN:   * Snippet_5412639.java
WARN:   * Snippet_6544247.java
WARN:   * Snippet_7664957.java
WARN:   * Snippet_7273237.java
WARN:   * Snippet_7501330.java
WARN:   * Snippet_5989938.java
WARN:   * Snippet_4240679.java
WARN:   * Snippet_4042826.java
WARN: This may lead to missing/broken features in SonarQube
INFO: CPD Executor 37 files had no CPD blocks
INFO: CPD Executor Calculating CPD for 63 files
INFO: CPD Executor CPD calculation finished (done) | time=50ms
INFO: SCM revision ID '26261eff0fdfe0b82ee446873a05666cce5522df'
INFO: Analysis report generated in 168ms, dir size=570.1 kB
INFO: Analysis report compressed in 540ms, zip size=252.1 kB
INFO: Analysis report uploaded in 50ms
INFO: ANALYSIS SUCCESSFUL, you can find the results at: http://localhost:9000/dashboard?id=tcc-snippets-final-3
INFO: Note that you will be able to access the updated dashboard once the server has processed the submitted analysis report
INFO: More about the report processing at http://localhost:9000/api/ce/task?id=cb7c27b2-f649-4710-bbc3-308a33be6af4
INFO: Analysis total time: 20.565 s
INFO: ------------------------------------------------------------------------
INFO: EXECUTION SUCCESS
INFO: ------------------------------------------------------------------------
INFO: Total time: 23.872s
INFO: Final Memory: 18M/74M
INFO: ------------------------------------------------------------------------

================================================================================
[4/44] lote com 100 snippets
Arquivos:
Snippet_8625002.java
Snippet_3924454.java
Snippet_7725645.java
Snippet_6296221.java
Snippet_4097968.java
Snippet_4415977.java
Snippet_6437408.java
Snippet_4574673.java
Snippet_4586915.java
Snippet_5578507.java
Snippet_5930471.java
Snippet_8951087.java
Snippet_6806316.java
Snippet_5112767.java
Snippet_5839532.java
Snippet_8080847.java
Snippet_8088678.java
Snippet_5520984.java
Snippet_6872266.java
Snippet_5424715.java
Snippet_5893533.java
Snippet_9508358.java
Snippet_5106994.java
Snippet_9290877.java
Snippet_4116762.java
Snippet_3945737.java
Snippet_7300150.java
Snippet_5780746.java
Snippet_6923759.java
Snippet_4918125.java
Snippet_4977435.java
Snippet_9272148.java
Snippet_4496340.java
Snippet_9194605.java
Snippet_4687786.java
Snippet_3952888.java
Snippet_4530537.java
Snippet_6334421.java
Snippet_6174632.java
Snippet_4322779.java
Snippet_5609932.java
Snippet_8850427.java
Snippet_4045091.java
Snippet_8165591.java
Snippet_4197753.java
Snippet_4533482.java
Snippet_6640747.java
Snippet_4200619.java
Snippet_6850586.java
Snippet_4516585.java
Snippet_4935573.java
Snippet_7483476.java
Snippet_9290971.java
Snippet_8604234.java
Snippet_7671750.java
Snippet_3790799.java
Snippet_3763789.java
Snippet_3969522.java
Snippet_8614637.java
Snippet_8785914.java
Snippet_7940168.java
Snippet_7168351.java
Snippet_8001801.java
Snippet_4504481.java
Snippet_3709545.java
Snippet_6235739.java
Snippet_6464947.java
Snippet_9108325.java
Snippet_8151239.java
Snippet_7568688.java
Snippet_9433104.java
Snippet_3929567.java
Snippet_3918920.java
Snippet_5798002.java
Snippet_4703627.java
Snippet_6235781.java
Snippet_8601637.java
Snippet_5793952.java
Snippet_8443917.java
Snippet_3717549.java
Snippet_7503099.java
Snippet_7988090.java
Snippet_7482808.java
Snippet_8255035.java
Snippet_8661979.java
Snippet_5923886.java
Snippet_7337830.java
Snippet_4246628.java
Snippet_4401103.java
Snippet_9003128.java
Snippet_8985872.java
Snippet_4558000.java
Snippet_8192330.java
Snippet_5356733.java
Snippet_5353485.java
Snippet_4625995.java
Snippet_6078132.java
Snippet_7748135.java
Snippet_8645264.java
Snippet_6713364.java
INFO: Scanner configuration file: /home/oscar/sonar-scanner-5.0.1.3006-linux/conf/sonar-scanner.properties
INFO: Project root configuration file: /home/oscar/Área de trabalho/TCC-Artur-Jackson-e-Oscar-de-Brito--BaseMLCQ/sonar-trechos/generated-snippets-batch-run/sonar-project.properties
INFO: SonarScanner 5.0.1.3006
INFO: Java 17.0.7 Eclipse Adoptium (64-bit)
INFO: Linux 6.17.0-35-generic amd64
INFO: User cache: /home/oscar/.sonar/cache
INFO: Analyzing on SonarQube server 10.5.1.90531
INFO: Default locale: "pt_BR", source code encoding: "UTF-8"
INFO: Load global settings
INFO: Load global settings (done) | time=224ms
INFO: Server id: 147B411E-AZ1pIPMJY3k3y_epkpuj
INFO: User cache: /home/oscar/.sonar/cache
INFO: Loading required plugins
INFO: Load plugins index
INFO: Load plugins index (done) | time=97ms
INFO: Load/download plugins
INFO: Load/download plugins (done) | time=132ms
INFO: Process project properties
INFO: Process project properties (done) | time=23ms
INFO: Project key: tcc-snippets-final-3
INFO: Base dir: /home/oscar/Área de trabalho/TCC-Artur-Jackson-e-Oscar-de-Brito--BaseMLCQ/sonar-trechos/generated-snippets-batch-run
INFO: Working dir: /home/oscar/Área de trabalho/TCC-Artur-Jackson-e-Oscar-de-Brito--BaseMLCQ/sonar-trechos/generated-snippets-batch-run/.scannerwork
INFO: Load project settings for component key: 'tcc-snippets-final-3'
INFO: Load project settings for component key: 'tcc-snippets-final-3' (done) | time=25ms
INFO: Load quality profiles
INFO: Load quality profiles (done) | time=109ms
INFO: Load active rules
INFO: Load active rules (done) | time=7570ms
INFO: Load analysis cache
INFO: Load analysis cache (2.6 kB) | time=35ms
INFO: Preprocessing files...
INFO: 1 language detected in 101 preprocessed files
INFO: 0 files ignored because of scm ignore settings
INFO: Loading plugins for detected languages
INFO: Load/download plugins
INFO: Load/download plugins (done) | time=18ms
INFO: Inconsistent constructor declaration on bean with name 'org.sonarsource.scanner.api.internal.IsolatedClassloader@1a1d6a08-org.sonar.scanner.issue.IssueFilters': single autowire-marked constructor flagged as optional - this constructor is effectively required since there is no default constructor to fall back to: public org.sonar.scanner.issue.IssueFilters(org.sonar.api.batch.fs.internal.DefaultInputProject)
INFO: Load project repositories
INFO: Load project repositories (done) | time=62ms
INFO: Indexing files...
INFO: Project configuration:
INFO: 101 files indexed
INFO: Quality profile for java: TCC
INFO: ------------- Run sensors on module TCC Snippets Final 3
INFO: Load metrics repository
INFO: Load metrics repository (done) | time=115ms
INFO: Sensor JavaSensor [java]
INFO: No rules with 'symbolic-execution' tag were enabled, the Symbolic Execution Engine will not run during the analysis.
INFO: Server-side caching is enabled. The Java analyzer will not try to leverage data from a previous analysis.
INFO: Using ECJ batch to parse 100 Main java source files with batch size 156 KB.
INFO: Starting batch processing.
INFO: The Java analyzer cannot skip unchanged files in this context. A full analysis is performed for all files.
INFO: 100% analyzed
INFO: Batch processing: Done.
INFO: Did not optimize analysis for any files, performed a full analysis for all 100 files.
WARN: Dependencies/libraries were not provided for analysis of SOURCE files. The 'sonar.java.libraries' property is empty. Verify your configuration, as you might end up with less precise results.
WARN: Unresolved imports/types have been detected during analysis. Enable DEBUG mode to see them.
WARN: Use of preview features have been detected during analysis. Enable DEBUG mode to see them.
INFO: No "Test" source files to scan.
INFO: No "Generated" source files to scan.
INFO: Sensor JavaSensor [java] (done) | time=5812ms
INFO: Sensor SurefireSensor [java]
INFO: parsing [/home/oscar/Área de trabalho/TCC-Artur-Jackson-e-Oscar-de-Brito--BaseMLCQ/sonar-trechos/generated-snippets-batch-run/target/surefire-reports]
INFO: Sensor SurefireSensor [java] (done) | time=2ms
INFO: Sensor JaCoCo XML Report Importer [jacoco]
INFO: 'sonar.coverage.jacoco.xmlReportPaths' is not defined. Using default locations: target/site/jacoco/jacoco.xml,target/site/jacoco-it/jacoco.xml,build/reports/jacoco/test/jacocoTestReport.xml
INFO: No report imported, no coverage information will be imported by JaCoCo XML Report Importer
INFO: Sensor JaCoCo XML Report Importer [jacoco] (done) | time=2ms
INFO: Sensor IaC Docker Sensor [iac]
INFO: 0 source files to be analyzed
INFO: 0/0 source files have been analyzed
INFO: Sensor IaC Docker Sensor [iac] (done) | time=116ms
INFO: Sensor TextAndSecretsSensor [text]
INFO: Available processors: 2
INFO: Using 2 threads for analysis.
INFO: 100 source files to be analyzed
INFO: 100/100 source files have been analyzed
INFO: Sensor TextAndSecretsSensor [text] (done) | time=1613ms
INFO: ------------- Run sensors on project
INFO: Sensor Zero Coverage Sensor
INFO: Sensor Zero Coverage Sensor (done) | time=57ms
INFO: Sensor Java CPD Block Indexer
INFO: Sensor Java CPD Block Indexer (done) | time=230ms
INFO: SCM Publisher SCM provider for this project is: git
INFO: SCM Publisher 100 source files to be analyzed
INFO: SCM Publisher 0/100 source files have been analyzed (done) | time=58ms
WARN: Missing blame information for the following files:
WARN:   * Snippet_5112767.java
WARN:   * Snippet_8001801.java
WARN:   * Snippet_8165591.java
WARN:   * Snippet_7568688.java
WARN:   * Snippet_7725645.java
WARN:   * Snippet_7483476.java
WARN:   * Snippet_4200619.java
WARN:   * Snippet_8661979.java
WARN:   * Snippet_5609932.java
WARN:   * Snippet_5930471.java
WARN:   * Snippet_9108325.java
WARN:   * Snippet_4322779.java
WARN:   * Snippet_4625995.java
WARN:   * Snippet_9290877.java
WARN:   * Snippet_7168351.java
WARN:   * Snippet_3945737.java
WARN:   * Snippet_6235739.java
WARN:   * Snippet_4045091.java
WARN:   * Snippet_4935573.java
WARN:   * Snippet_7300150.java
WARN:   * Snippet_7671750.java
WARN:   * Snippet_4574673.java
WARN:   * Snippet_4586915.java
WARN:   * Snippet_4977435.java
WARN:   * Snippet_7337830.java
WARN:   * Snippet_5780746.java
WARN:   * Snippet_3790799.java
WARN:   * Snippet_5923886.java
WARN:   * Snippet_7940168.java
WARN:   * Snippet_3763789.java
WARN:   * Snippet_8625002.java
WARN:   * Snippet_3924454.java
WARN:   * Snippet_5893533.java
WARN:   * Snippet_4097968.java
WARN:   * Snippet_5839532.java
WARN:   * Snippet_8088678.java
WARN:   * Snippet_8614637.java
WARN:   * Snippet_6640747.java
WARN:   * Snippet_9003128.java
WARN:   * Snippet_6296221.java
WARN:   * Snippet_6872266.java
WARN:   * Snippet_8192330.java
WARN:   * Snippet_6235781.java
WARN:   * Snippet_3717549.java
WARN:   * Snippet_7988090.java
WARN:   * Snippet_3709545.java
WARN:   * Snippet_8645264.java
WARN:   * Snippet_8255035.java
WARN:   * Snippet_4246628.java
WARN:   * Snippet_9194605.java
WARN:   * Snippet_9272148.java
WARN:   * Snippet_4504481.java
WARN:   * Snippet_4516585.java
WARN:   * Snippet_9433104.java
WARN:   * Snippet_6078132.java
WARN:   * Snippet_6334421.java
WARN:   * Snippet_6464947.java
WARN:   * Snippet_3929567.java
WARN:   * Snippet_8951087.java
WARN:   * Snippet_4530537.java
WARN:   * Snippet_4496340.java
WARN:   * Snippet_4918125.java
WARN:   * Snippet_8151239.java
WARN:   * Snippet_5106994.java
WARN:   * Snippet_6174632.java
WARN:   * Snippet_4401103.java
WARN:   * Snippet_8850427.java
WARN:   * Snippet_5798002.java
WARN:   * Snippet_6850586.java
WARN:   * Snippet_4533482.java
WARN:   * Snippet_5793952.java
WARN:   * Snippet_7482808.java
WARN:   * Snippet_4197753.java
WARN:   * Snippet_5353485.java
WARN:   * Snippet_8601637.java
WARN:   * Snippet_3952888.java
WARN:   * Snippet_5520984.java
WARN:   * Snippet_8985872.java
WARN:   * Snippet_5578507.java
WARN:   * Snippet_8785914.java
WARN:   * Snippet_5356733.java
WARN:   * Snippet_8604234.java
WARN:   * Snippet_4116762.java
WARN:   * Snippet_5424715.java
WARN:   * Snippet_6806316.java
WARN:   * Snippet_7503099.java
WARN:   * Snippet_6713364.java
WARN:   * Snippet_9290971.java
WARN:   * Snippet_3918920.java
WARN:   * Snippet_3969522.java
WARN:   * Snippet_6923759.java
WARN:   * Snippet_9508358.java
WARN:   * Snippet_7748135.java
WARN:   * Snippet_4558000.java
WARN:   * Snippet_8443917.java
WARN:   * Snippet_6437408.java
WARN:   * Snippet_8080847.java
WARN:   * Snippet_4687786.java
WARN:   * Snippet_4415977.java
WARN:   * Snippet_4703627.java
WARN: This may lead to missing/broken features in SonarQube
INFO: CPD Executor 44 files had no CPD blocks
INFO: CPD Executor Calculating CPD for 56 files
INFO: CPD Executor CPD calculation finished (done) | time=61ms
INFO: SCM revision ID '26261eff0fdfe0b82ee446873a05666cce5522df'
INFO: Analysis report generated in 172ms, dir size=632.7 kB
INFO: Analysis report compressed in 468ms, zip size=264.7 kB
INFO: Analysis report uploaded in 82ms
INFO: ANALYSIS SUCCESSFUL, you can find the results at: http://localhost:9000/dashboard?id=tcc-snippets-final-3
INFO: Note that you will be able to access the updated dashboard once the server has processed the submitted analysis report
INFO: More about the report processing at http://localhost:9000/api/ce/task?id=59deffdb-67da-4db9-b22d-fa6abb44015a
INFO: Analysis total time: 21.568 s
INFO: ------------------------------------------------------------------------
INFO: EXECUTION SUCCESS
INFO: ------------------------------------------------------------------------
INFO: Total time: 25.298s
INFO: Final Memory: 18M/74M
INFO: ------------------------------------------------------------------------

================================================================================
[5/44] lote com 100 snippets
Arquivos:
Snippet_7158488.java
Snippet_4753103.java
Snippet_6303935.java
Snippet_4490936.java
Snippet_8602083.java
Snippet_9421857.java
Snippet_4151146.java
Snippet_7475455.java
Snippet_7899639.java
Snippet_6444284.java
Snippet_8044367.java
Snippet_5836057.java
Snippet_7030976.java
Snippet_8819009.java
Snippet_6530870.java
Snippet_5871455.java
Snippet_4205773.java
Snippet_4585448.java
Snippet_4778425.java
Snippet_7522826.java
Snippet_8131217.java
Snippet_6286234.java
Snippet_4734250.java
Snippet_6888470.java
Snippet_4083880.java
Snippet_8494605.java
Snippet_4967591.java
Snippet_8904487.java
Snippet_6601584.java
Snippet_8514290.java
Snippet_7989222.java
Snippet_4177719.java
Snippet_4069589.java
Snippet_6298870.java
Snippet_6863460.java
Snippet_3761009.java
Snippet_4043845.java
Snippet_3753095.java
Snippet_7787982.java
Snippet_7056433.java
Snippet_7279793.java
Snippet_6937904.java
Snippet_6209901.java
Snippet_4002437.java
Snippet_5248838.java
Snippet_9426716.java
Snippet_8653310.java
Snippet_7478016.java
Snippet_4433943.java
Snippet_4110001.java
Snippet_8904560.java
Snippet_9158528.java
Snippet_3985009.java
Snippet_7356691.java
Snippet_8834964.java
Snippet_5186444.java
Snippet_4455297.java
Snippet_5785684.java
Snippet_5798489.java
Snippet_4297095.java
Snippet_5875574.java
Snippet_8350294.java
Snippet_3922769.java
Snippet_4919602.java
Snippet_4137834.java
Snippet_8413074.java
Snippet_4730489.java
Snippet_5768412.java
Snippet_4654593.java
Snippet_4320364.java
Snippet_8007508.java
Snippet_9143369.java
Snippet_8566692.java
Snippet_6108350.java
Snippet_7726353.java
Snippet_4301023.java
Snippet_5186909.java
Snippet_3698860.java
Snippet_4651628.java
Snippet_8417826.java
Snippet_4790338.java
Snippet_7322270.java
Snippet_8031559.java
Snippet_9375078.java
Snippet_9309376.java
Snippet_8678273.java
Snippet_5474154.java
Snippet_7258651.java
Snippet_3985224.java
Snippet_9388855.java
Snippet_9324338.java
Snippet_4969461.java
Snippet_7463516.java
Snippet_9140757.java
Snippet_6293245.java
Snippet_7518556.java
Snippet_4572175.java
Snippet_4039655.java
Snippet_5845628.java
Snippet_7147207.java
INFO: Scanner configuration file: /home/oscar/sonar-scanner-5.0.1.3006-linux/conf/sonar-scanner.properties
INFO: Project root configuration file: /home/oscar/Área de trabalho/TCC-Artur-Jackson-e-Oscar-de-Brito--BaseMLCQ/sonar-trechos/generated-snippets-batch-run/sonar-project.properties
INFO: SonarScanner 5.0.1.3006
INFO: Java 17.0.7 Eclipse Adoptium (64-bit)
INFO: Linux 6.17.0-35-generic amd64
INFO: User cache: /home/oscar/.sonar/cache
INFO: Analyzing on SonarQube server 10.5.1.90531
INFO: Default locale: "pt_BR", source code encoding: "UTF-8"
INFO: Load global settings
INFO: Load global settings (done) | time=199ms
INFO: Server id: 147B411E-AZ1pIPMJY3k3y_epkpuj
INFO: User cache: /home/oscar/.sonar/cache
INFO: Loading required plugins
INFO: Load plugins index
INFO: Load plugins index (done) | time=80ms
INFO: Load/download plugins
INFO: Load/download plugins (done) | time=131ms
INFO: Process project properties
INFO: Process project properties (done) | time=20ms
INFO: Project key: tcc-snippets-final-3
INFO: Base dir: /home/oscar/Área de trabalho/TCC-Artur-Jackson-e-Oscar-de-Brito--BaseMLCQ/sonar-trechos/generated-snippets-batch-run
INFO: Working dir: /home/oscar/Área de trabalho/TCC-Artur-Jackson-e-Oscar-de-Brito--BaseMLCQ/sonar-trechos/generated-snippets-batch-run/.scannerwork
INFO: Load project settings for component key: 'tcc-snippets-final-3'
INFO: Load project settings for component key: 'tcc-snippets-final-3' (done) | time=31ms
INFO: Load quality profiles
INFO: Load quality profiles (done) | time=113ms
INFO: Load active rules
INFO: Load active rules (done) | time=7327ms
INFO: Load analysis cache
INFO: Load analysis cache (2.6 kB) | time=43ms
INFO: Preprocessing files...
INFO: 1 language detected in 101 preprocessed files
INFO: 0 files ignored because of scm ignore settings
INFO: Loading plugins for detected languages
INFO: Load/download plugins
INFO: Load/download plugins (done) | time=17ms
INFO: Inconsistent constructor declaration on bean with name 'org.sonarsource.scanner.api.internal.IsolatedClassloader@1a1d6a08-org.sonar.scanner.issue.IssueFilters': single autowire-marked constructor flagged as optional - this constructor is effectively required since there is no default constructor to fall back to: public org.sonar.scanner.issue.IssueFilters(org.sonar.api.batch.fs.internal.DefaultInputProject)
INFO: Load project repositories
INFO: Load project repositories (done) | time=83ms
INFO: Indexing files...
INFO: Project configuration:
INFO: 101 files indexed
INFO: Quality profile for java: TCC
INFO: ------------- Run sensors on module TCC Snippets Final 3
INFO: Load metrics repository
INFO: Load metrics repository (done) | time=62ms
INFO: Sensor JavaSensor [java]
INFO: No rules with 'symbolic-execution' tag were enabled, the Symbolic Execution Engine will not run during the analysis.
INFO: Server-side caching is enabled. The Java analyzer will not try to leverage data from a previous analysis.
INFO: Using ECJ batch to parse 100 Main java source files with batch size 156 KB.
INFO: Starting batch processing.
INFO: The Java analyzer cannot skip unchanged files in this context. A full analysis is performed for all files.
INFO: 100% analyzed
INFO: Batch processing: Done.
INFO: Did not optimize analysis for any files, performed a full analysis for all 100 files.
WARN: Dependencies/libraries were not provided for analysis of SOURCE files. The 'sonar.java.libraries' property is empty. Verify your configuration, as you might end up with less precise results.
WARN: Unresolved imports/types have been detected during analysis. Enable DEBUG mode to see them.
WARN: Use of preview features have been detected during analysis. Enable DEBUG mode to see them.
INFO: No "Test" source files to scan.
INFO: No "Generated" source files to scan.
INFO: Sensor JavaSensor [java] (done) | time=5654ms
INFO: Sensor SurefireSensor [java]
INFO: parsing [/home/oscar/Área de trabalho/TCC-Artur-Jackson-e-Oscar-de-Brito--BaseMLCQ/sonar-trechos/generated-snippets-batch-run/target/surefire-reports]
INFO: Sensor SurefireSensor [java] (done) | time=3ms
INFO: Sensor JaCoCo XML Report Importer [jacoco]
INFO: 'sonar.coverage.jacoco.xmlReportPaths' is not defined. Using default locations: target/site/jacoco/jacoco.xml,target/site/jacoco-it/jacoco.xml,build/reports/jacoco/test/jacocoTestReport.xml
INFO: No report imported, no coverage information will be imported by JaCoCo XML Report Importer
INFO: Sensor JaCoCo XML Report Importer [jacoco] (done) | time=2ms
INFO: Sensor IaC Docker Sensor [iac]
INFO: 0 source files to be analyzed
INFO: 0/0 source files have been analyzed
INFO: Sensor IaC Docker Sensor [iac] (done) | time=195ms
INFO: Sensor TextAndSecretsSensor [text]
INFO: Available processors: 2
INFO: Using 2 threads for analysis.
INFO: 100 source files to be analyzed
INFO: 100/100 source files have been analyzed
INFO: Sensor TextAndSecretsSensor [text] (done) | time=2001ms
INFO: ------------- Run sensors on project
INFO: Sensor Zero Coverage Sensor
INFO: Sensor Zero Coverage Sensor (done) | time=54ms
INFO: Sensor Java CPD Block Indexer
INFO: Sensor Java CPD Block Indexer (done) | time=740ms
INFO: SCM Publisher SCM provider for this project is: git
INFO: SCM Publisher 100 source files to be analyzed
INFO: SCM Publisher 0/100 source files have been analyzed (done) | time=260ms
WARN: Missing blame information for the following files:
WARN:   * Snippet_7475455.java
WARN:   * Snippet_9158528.java
WARN:   * Snippet_8350294.java
WARN:   * Snippet_8819009.java
WARN:   * Snippet_9375078.java
WARN:   * Snippet_5474154.java
WARN:   * Snippet_6937904.java
WARN:   * Snippet_7518556.java
WARN:   * Snippet_7899639.java
WARN:   * Snippet_3761009.java
WARN:   * Snippet_7356691.java
WARN:   * Snippet_4585448.java
WARN:   * Snippet_6888470.java
WARN:   * Snippet_4734250.java
WARN:   * Snippet_9421857.java
WARN:   * Snippet_7322270.java
WARN:   * Snippet_7056433.java
WARN:   * Snippet_5875574.java
WARN:   * Snippet_7030976.java
WARN:   * Snippet_4654593.java
WARN:   * Snippet_8566692.java
WARN:   * Snippet_7258651.java
WARN:   * Snippet_5871455.java
WARN:   * Snippet_4177719.java
WARN:   * Snippet_5785684.java
WARN:   * Snippet_8494605.java
WARN:   * Snippet_3922769.java
WARN:   * Snippet_4043845.java
WARN:   * Snippet_4730489.java
WARN:   * Snippet_9309376.java
WARN:   * Snippet_7478016.java
WARN:   * Snippet_7158488.java
WARN:   * Snippet_8904560.java
WARN:   * Snippet_4753103.java
WARN:   * Snippet_4069589.java
WARN:   * Snippet_4572175.java
WARN:   * Snippet_7522826.java
WARN:   * Snippet_4919602.java
WARN:   * Snippet_9140757.java
WARN:   * Snippet_4297095.java
WARN:   * Snippet_8514290.java
WARN:   * Snippet_8602083.java
WARN:   * Snippet_4433943.java
WARN:   * Snippet_7463516.java
WARN:   * Snippet_6209901.java
WARN:   * Snippet_4969461.java
WARN:   * Snippet_6108350.java
WARN:   * Snippet_4205773.java
WARN:   * Snippet_8678273.java
WARN:   * Snippet_5186909.java
WARN:   * Snippet_9388855.java
WARN:   * Snippet_3985224.java
WARN:   * Snippet_6293245.java
WARN:   * Snippet_4301023.java
WARN:   * Snippet_6286234.java
WARN:   * Snippet_5768412.java
WARN:   * Snippet_4790338.java
WARN:   * Snippet_6298870.java
WARN:   * Snippet_6601584.java
WARN:   * Snippet_5248838.java
WARN:   * Snippet_9426716.java
WARN:   * Snippet_4151146.java
WARN:   * Snippet_6303935.java
WARN:   * Snippet_4002437.java
WARN:   * Snippet_4967591.java
WARN:   * Snippet_5836057.java
WARN:   * Snippet_4455297.java
WARN:   * Snippet_4320364.java
WARN:   * Snippet_7726353.java
WARN:   * Snippet_7147207.java
WARN:   * Snippet_8834964.java
WARN:   * Snippet_8031559.java
WARN:   * Snippet_7989222.java
WARN:   * Snippet_8904487.java
WARN:   * Snippet_6444284.java
WARN:   * Snippet_5845628.java
WARN:   * Snippet_8131217.java
WARN:   * Snippet_4651628.java
WARN:   * Snippet_6530870.java
WARN:   * Snippet_6863460.java
WARN:   * Snippet_8653310.java
WARN:   * Snippet_7279793.java
WARN:   * Snippet_4110001.java
WARN:   * Snippet_3753095.java
WARN:   * Snippet_9143369.java
WARN:   * Snippet_5798489.java
WARN:   * Snippet_4083880.java
WARN:   * Snippet_3698860.java
WARN:   * Snippet_3985009.java
WARN:   * Snippet_4039655.java
WARN:   * Snippet_4490936.java
WARN:   * Snippet_5186444.java
WARN:   * Snippet_9324338.java
WARN:   * Snippet_4137834.java
WARN:   * Snippet_8007508.java
WARN:   * Snippet_7787982.java
WARN:   * Snippet_8044367.java
WARN:   * Snippet_4778425.java
WARN:   * Snippet_8417826.java
WARN:   * Snippet_8413074.java
WARN: This may lead to missing/broken features in SonarQube
INFO: CPD Executor 54 files had no CPD blocks
INFO: CPD Executor Calculating CPD for 46 files
INFO: CPD Executor CPD calculation finished (done) | time=131ms
INFO: SCM revision ID '26261eff0fdfe0b82ee446873a05666cce5522df'
INFO: Analysis report generated in 275ms, dir size=691.7 kB
INFO: Analysis report compressed in 1060ms, zip size=260.6 kB
INFO: Analysis report uploaded in 118ms
INFO: ANALYSIS SUCCESSFUL, you can find the results at: http://localhost:9000/dashboard?id=tcc-snippets-final-3
INFO: Note that you will be able to access the updated dashboard once the server has processed the submitted analysis report
INFO: More about the report processing at http://localhost:9000/api/ce/task?id=bb0a5462-74f6-420b-a44d-48b8af894aed
INFO: Analysis total time: 22.550 s
INFO: ------------------------------------------------------------------------
INFO: EXECUTION SUCCESS
INFO: ------------------------------------------------------------------------
INFO: Total time: 26.390s
INFO: Final Memory: 18M/74M
INFO: ------------------------------------------------------------------------

================================================================================
[6/44] lote com 100 snippets
Arquivos:
Snippet_8132913.java
Snippet_7792077.java
Snippet_6165484.java
Snippet_5991953.java
Snippet_5761917.java
Snippet_8051310.java
Snippet_4352708.java
Snippet_5241294.java
Snippet_6546019.java
Snippet_6470076.java
Snippet_9093538.java
Snippet_7113239.java
Snippet_4455621.java
Snippet_9170572.java
Snippet_9483594.java
Snippet_3952980.java
Snippet_9114817.java
Snippet_5355489.java
Snippet_4277815.java
Snippet_6312810.java
Snippet_5630626.java
Snippet_8295032.java
Snippet_6263358.java
Snippet_6610923.java
Snippet_4188990.java
Snippet_8937384.java
Snippet_6086287.java
Snippet_8330187.java
Snippet_7445434.java
Snippet_3738168.java
Snippet_5515917.java
Snippet_3877118.java
Snippet_6634928.java
Snippet_4122553.java
Snippet_7356708.java
Snippet_5840527.java
Snippet_5991696.java
Snippet_8608959.java
Snippet_3756805.java
Snippet_5782292.java
Snippet_5937980.java
Snippet_5045944.java
Snippet_8256644.java
Snippet_4459231.java
Snippet_3992626.java
Snippet_7209681.java
Snippet_9201619.java
Snippet_7197017.java
Snippet_5110869.java
Snippet_4525067.java
Snippet_8672725.java
Snippet_4553401.java
Snippet_8008638.java
Snippet_6159926.java
Snippet_3797814.java
Snippet_6462651.java
Snippet_5667095.java
Snippet_7042338.java
Snippet_5088331.java
Snippet_8999846.java
Snippet_7084780.java
Snippet_3725605.java
Snippet_7694897.java
Snippet_6233999.java
Snippet_8920121.java
Snippet_4498078.java
Snippet_8331771.java
Snippet_7618843.java
Snippet_4975742.java
Snippet_7835135.java
Snippet_9491268.java
Snippet_6290471.java
Snippet_8910909.java
Snippet_9491785.java
Snippet_7231995.java
Snippet_8991538.java
Snippet_3856241.java
Snippet_9215037.java
Snippet_7047929.java
Snippet_8905843.java
Snippet_6666849.java
Snippet_9007330.java
Snippet_6166594.java
Snippet_4737430.java
Snippet_3983972.java
Snippet_5375248.java
Snippet_5576325.java
Snippet_5414004.java
Snippet_5627187.java
Snippet_8411640.java
Snippet_6438819.java
Snippet_7541111.java
Snippet_5558410.java
Snippet_7206504.java
Snippet_9008466.java
Snippet_4691632.java
Snippet_7762033.java
Snippet_8334605.java
Snippet_7200142.java
Snippet_9503231.java
INFO: Scanner configuration file: /home/oscar/sonar-scanner-5.0.1.3006-linux/conf/sonar-scanner.properties
INFO: Project root configuration file: /home/oscar/Área de trabalho/TCC-Artur-Jackson-e-Oscar-de-Brito--BaseMLCQ/sonar-trechos/generated-snippets-batch-run/sonar-project.properties
INFO: SonarScanner 5.0.1.3006
INFO: Java 17.0.7 Eclipse Adoptium (64-bit)
INFO: Linux 6.17.0-35-generic amd64
INFO: User cache: /home/oscar/.sonar/cache
INFO: Analyzing on SonarQube server 10.5.1.90531
INFO: Default locale: "pt_BR", source code encoding: "UTF-8"
INFO: Load global settings
INFO: Load global settings (done) | time=319ms
INFO: Server id: 147B411E-AZ1pIPMJY3k3y_epkpuj
INFO: User cache: /home/oscar/.sonar/cache
INFO: Loading required plugins
INFO: Load plugins index
INFO: Load plugins index (done) | time=480ms
INFO: Load/download plugins
INFO: Load/download plugins (done) | time=574ms
INFO: Process project properties
INFO: Process project properties (done) | time=115ms
INFO: Project key: tcc-snippets-final-3
INFO: Base dir: /home/oscar/Área de trabalho/TCC-Artur-Jackson-e-Oscar-de-Brito--BaseMLCQ/sonar-trechos/generated-snippets-batch-run
INFO: Working dir: /home/oscar/Área de trabalho/TCC-Artur-Jackson-e-Oscar-de-Brito--BaseMLCQ/sonar-trechos/generated-snippets-batch-run/.scannerwork
INFO: Load project settings for component key: 'tcc-snippets-final-3'
INFO: Load project settings for component key: 'tcc-snippets-final-3' (done) | time=132ms
INFO: Load quality profiles
INFO: Load quality profiles (done) | time=791ms
INFO: Load active rules
INFO: Load active rules (done) | time=19182ms
INFO: Load analysis cache
INFO: Load analysis cache (2.6 kB) | time=122ms
INFO: Preprocessing files...
INFO: 1 language detected in 101 preprocessed files
INFO: 0 files ignored because of scm ignore settings
INFO: Loading plugins for detected languages
INFO: Load/download plugins
INFO: Load/download plugins (done) | time=98ms
INFO: Inconsistent constructor declaration on bean with name 'org.sonarsource.scanner.api.internal.IsolatedClassloader@1a1d6a08-org.sonar.scanner.issue.IssueFilters': single autowire-marked constructor flagged as optional - this constructor is effectively required since there is no default constructor to fall back to: public org.sonar.scanner.issue.IssueFilters(org.sonar.api.batch.fs.internal.DefaultInputProject)
INFO: Load project repositories
INFO: Load project repositories (done) | time=541ms
INFO: Indexing files...
INFO: Project configuration:
INFO: 101 files indexed
INFO: Quality profile for java: TCC
INFO: ------------- Run sensors on module TCC Snippets Final 3
INFO: Load metrics repository
INFO: Load metrics repository (done) | time=278ms
INFO: Sensor JavaSensor [java]
INFO: No rules with 'symbolic-execution' tag were enabled, the Symbolic Execution Engine will not run during the analysis.
INFO: Server-side caching is enabled. The Java analyzer will not try to leverage data from a previous analysis.
INFO: Using ECJ batch to parse 100 Main java source files with batch size 156 KB.
INFO: Starting batch processing.
INFO: The Java analyzer cannot skip unchanged files in this context. A full analysis is performed for all files.
INFO: 64% analyzed
INFO: 100% analyzed
INFO: Batch processing: Done.
INFO: Did not optimize analysis for any files, performed a full analysis for all 100 files.
WARN: Dependencies/libraries were not provided for analysis of SOURCE files. The 'sonar.java.libraries' property is empty. Verify your configuration, as you might end up with less precise results.
WARN: Unresolved imports/types have been detected during analysis. Enable DEBUG mode to see them.
WARN: Use of preview features have been detected during analysis. Enable DEBUG mode to see them.
INFO: No "Test" source files to scan.
INFO: No "Generated" source files to scan.
INFO: Sensor JavaSensor [java] (done) | time=16578ms
INFO: Sensor SurefireSensor [java]
INFO: parsing [/home/oscar/Área de trabalho/TCC-Artur-Jackson-e-Oscar-de-Brito--BaseMLCQ/sonar-trechos/generated-snippets-batch-run/target/surefire-reports]
INFO: Sensor SurefireSensor [java] (done) | time=7ms
INFO: Sensor JaCoCo XML Report Importer [jacoco]
INFO: 'sonar.coverage.jacoco.xmlReportPaths' is not defined. Using default locations: target/site/jacoco/jacoco.xml,target/site/jacoco-it/jacoco.xml,build/reports/jacoco/test/jacocoTestReport.xml
INFO: No report imported, no coverage information will be imported by JaCoCo XML Report Importer
INFO: Sensor JaCoCo XML Report Importer [jacoco] (done) | time=2ms
INFO: Sensor IaC Docker Sensor [iac]
INFO: 0 source files to be analyzed
INFO: 0/0 source files have been analyzed
INFO: Sensor IaC Docker Sensor [iac] (done) | time=327ms
INFO: Sensor TextAndSecretsSensor [text]
INFO: Available processors: 2
INFO: Using 2 threads for analysis.
INFO: 100 source files to be analyzed
INFO: 100/100 source files have been analyzed
INFO: Sensor TextAndSecretsSensor [text] (done) | time=8952ms
INFO: ------------- Run sensors on project
INFO: Sensor Zero Coverage Sensor
INFO: Sensor Zero Coverage Sensor (done) | time=215ms
INFO: Sensor Java CPD Block Indexer
INFO: Sensor Java CPD Block Indexer (done) | time=1069ms
INFO: SCM Publisher SCM provider for this project is: git
INFO: SCM Publisher 100 source files to be analyzed
INFO: SCM Publisher 0/100 source files have been analyzed (done) | time=244ms
WARN: Missing blame information for the following files:
WARN:   * Snippet_5991696.java
WARN:   * Snippet_7197017.java
WARN:   * Snippet_7762033.java
WARN:   * Snippet_8334605.java
WARN:   * Snippet_6165484.java
WARN:   * Snippet_8905843.java
WARN:   * Snippet_9170572.java
WARN:   * Snippet_6263358.java
WARN:   * Snippet_4525067.java
WARN:   * Snippet_3983972.java
WARN:   * Snippet_3738168.java
WARN:   * Snippet_3992626.java
WARN:   * Snippet_8999846.java
WARN:   * Snippet_6166594.java
WARN:   * Snippet_8672725.java
WARN:   * Snippet_3725605.java
WARN:   * Snippet_3756805.java
WARN:   * Snippet_9093538.java
WARN:   * Snippet_5515917.java
WARN:   * Snippet_3856241.java
WARN:   * Snippet_5558410.java
WARN:   * Snippet_7047929.java
WARN:   * Snippet_6312810.java
WARN:   * Snippet_7356708.java
WARN:   * Snippet_4188990.java
WARN:   * Snippet_7042338.java
WARN:   * Snippet_8910909.java
WARN:   * Snippet_8295032.java
WARN:   * Snippet_7209681.java
WARN:   * Snippet_8991538.java
WARN:   * Snippet_9215037.java
WARN:   * Snippet_8937384.java
WARN:   * Snippet_4277815.java
WARN:   * Snippet_8008638.java
WARN:   * Snippet_7084780.java
WARN:   * Snippet_6086287.java
WARN:   * Snippet_9491785.java
WARN:   * Snippet_5110869.java
WARN:   * Snippet_8051310.java
WARN:   * Snippet_9114817.java
WARN:   * Snippet_6634928.java
WARN:   * Snippet_5576325.java
WARN:   * Snippet_9491268.java
WARN:   * Snippet_7113239.java
WARN:   * Snippet_5627187.java
WARN:   * Snippet_9007330.java
WARN:   * Snippet_5782292.java
WARN:   * Snippet_5630626.java
WARN:   * Snippet_5375248.java
WARN:   * Snippet_7206504.java
WARN:   * Snippet_5937980.java
WARN:   * Snippet_9008466.java
WARN:   * Snippet_3877118.java
WARN:   * Snippet_4455621.java
WARN:   * Snippet_8331771.java
WARN:   * Snippet_8920121.java
WARN:   * Snippet_7835135.java
WARN:   * Snippet_5667095.java
WARN:   * Snippet_7231995.java
WARN:   * Snippet_8608959.java
WARN:   * Snippet_5045944.java
WARN:   * Snippet_6462651.java
WARN:   * Snippet_7792077.java
WARN:   * Snippet_4737430.java
WARN:   * Snippet_4498078.java
WARN:   * Snippet_6546019.java
WARN:   * Snippet_9503231.java
WARN:   * Snippet_5840527.java
WARN:   * Snippet_8330187.java
WARN:   * Snippet_6438819.java
WARN:   * Snippet_5414004.java
WARN:   * Snippet_8132913.java
WARN:   * Snippet_4553401.java
WARN:   * Snippet_8411640.java
WARN:   * Snippet_6666849.java
WARN:   * Snippet_7618843.java
WARN:   * Snippet_8256644.java
WARN:   * Snippet_6470076.java
WARN:   * Snippet_6159926.java
WARN:   * Snippet_6233999.java
WARN:   * Snippet_4975742.java
WARN:   * Snippet_7541111.java
WARN:   * Snippet_5991953.java
WARN:   * Snippet_3952980.java
WARN:   * Snippet_5355489.java
WARN:   * Snippet_7445434.java
WARN:   * Snippet_6290471.java
WARN:   * Snippet_5088331.java
WARN:   * Snippet_4459231.java
WARN:   * Snippet_3797814.java
WARN:   * Snippet_4122553.java
WARN:   * Snippet_4352708.java
WARN:   * Snippet_7694897.java
WARN:   * Snippet_5761917.java
WARN:   * Snippet_7200142.java
WARN:   * Snippet_4691632.java
WARN:   * Snippet_9201619.java
WARN:   * Snippet_9483594.java
WARN:   * Snippet_6610923.java
WARN:   * Snippet_5241294.java
WARN: This may lead to missing/broken features in SonarQube
INFO: CPD Executor 47 files had no CPD blocks
INFO: CPD Executor Calculating CPD for 53 files
INFO: CPD Executor CPD calculation finished (done) | time=242ms
INFO: SCM revision ID '26261eff0fdfe0b82ee446873a05666cce5522df'
INFO: Analysis report generated in 1257ms, dir size=537.3 kB
INFO: Analysis report compressed in 1251ms, zip size=238.6 kB
INFO: Analysis report uploaded in 27ms
INFO: ANALYSIS SUCCESSFUL, you can find the results at: http://localhost:9000/dashboard?id=tcc-snippets-final-3
INFO: Note that you will be able to access the updated dashboard once the server has processed the submitted analysis report
INFO: More about the report processing at http://localhost:9000/api/ce/task?id=1fd4ea48-8e06-4a37-9ef4-953998b8ad8f
INFO: Analysis total time: 1:08.098 s
INFO: ------------------------------------------------------------------------
INFO: EXECUTION SUCCESS
INFO: ------------------------------------------------------------------------
INFO: Total time: 1:15.892s
INFO: Final Memory: 19M/74M
INFO: ------------------------------------------------------------------------

================================================================================
[7/44] lote com 100 snippets
Arquivos:
Snippet_7204626.java
Snippet_5968191.java
Snippet_8049687.java
Snippet_4498741.java
Snippet_5075026.java
Snippet_4783602.java
Snippet_6536222.java
Snippet_6605165.java
Snippet_8430479.java
Snippet_8082183.java
Snippet_4665134.java
Snippet_3780834.java
Snippet_3743029.java
Snippet_6453968.java
Snippet_8675011.java
Snippet_9005432.java
Snippet_7074847.java
Snippet_8955824.java
Snippet_9192024.java
Snippet_5972104.java
Snippet_8952223.java
Snippet_7659271.java
Snippet_7267070.java
Snippet_4856596.java
Snippet_4193150.java
Snippet_6829907.java
Snippet_8595846.java
Snippet_4467093.java
Snippet_8655527.java
Snippet_4500236.java
Snippet_3702984.java
Snippet_7747392.java
Snippet_9260596.java
Snippet_7992491.java
Snippet_4275268.java
Snippet_7997206.java
Snippet_4864235.java
Snippet_5904841.java
Snippet_7588520.java
Snippet_6513676.java
Snippet_7754810.java
Snippet_6613429.java
Snippet_5115838.java
Snippet_3922790.java
Snippet_5759451.java
Snippet_8030414.java
Snippet_4292651.java
Snippet_8620968.java
Snippet_4960276.java
Snippet_3724040.java
Snippet_7936623.java
Snippet_4392544.java
Snippet_4928800.java
Snippet_5180986.java
Snippet_7003619.java
Snippet_3985971.java
Snippet_8104990.java
Snippet_8408651.java
Snippet_8844288.java
Snippet_4436948.java
Snippet_7349010.java
Snippet_7214745.java
Snippet_9506706.java
Snippet_5771277.java
Snippet_6985869.java
Snippet_6977949.java
Snippet_7210387.java
Snippet_8083609.java
Snippet_3809437.java
Snippet_9524185.java
Snippet_5905498.java
Snippet_7928759.java
Snippet_6937721.java
Snippet_8966683.java
Snippet_6458427.java
Snippet_6841292.java
Snippet_6520782.java
Snippet_7399310.java
Snippet_8092397.java
Snippet_5202532.java
Snippet_4666174.java
Snippet_4470846.java
Snippet_7511055.java
Snippet_6251730.java
Snippet_8187132.java
Snippet_3873715.java
Snippet_6892868.java
Snippet_7538101.java
Snippet_4139979.java
Snippet_3869246.java
Snippet_5790359.java
Snippet_7094329.java
Snippet_7747898.java
Snippet_6983516.java
Snippet_5596509.java
Snippet_7594410.java
Snippet_9449118.java
Snippet_6904479.java
Snippet_3791275.java
Snippet_8139442.java
INFO: Scanner configuration file: /home/oscar/sonar-scanner-5.0.1.3006-linux/conf/sonar-scanner.properties
INFO: Project root configuration file: /home/oscar/Área de trabalho/TCC-Artur-Jackson-e-Oscar-de-Brito--BaseMLCQ/sonar-trechos/generated-snippets-batch-run/sonar-project.properties
INFO: SonarScanner 5.0.1.3006
INFO: Java 17.0.7 Eclipse Adoptium (64-bit)
INFO: Linux 6.17.0-35-generic amd64
INFO: User cache: /home/oscar/.sonar/cache
INFO: Analyzing on SonarQube server 10.5.1.90531
INFO: Default locale: "pt_BR", source code encoding: "UTF-8"
INFO: Load global settings
INFO: Load global settings (done) | time=202ms
INFO: Server id: 147B411E-AZ1pIPMJY3k3y_epkpuj
INFO: User cache: /home/oscar/.sonar/cache
INFO: Loading required plugins
INFO: Load plugins index
INFO: Load plugins index (done) | time=105ms
INFO: Load/download plugins
INFO: Load/download plugins (done) | time=256ms
INFO: Process project properties
INFO: Process project properties (done) | time=97ms
INFO: Project key: tcc-snippets-final-3
INFO: Base dir: /home/oscar/Área de trabalho/TCC-Artur-Jackson-e-Oscar-de-Brito--BaseMLCQ/sonar-trechos/generated-snippets-batch-run
INFO: Working dir: /home/oscar/Área de trabalho/TCC-Artur-Jackson-e-Oscar-de-Brito--BaseMLCQ/sonar-trechos/generated-snippets-batch-run/.scannerwork
INFO: Load project settings for component key: 'tcc-snippets-final-3'
INFO: Load project settings for component key: 'tcc-snippets-final-3' (done) | time=106ms
INFO: Load quality profiles
INFO: Load quality profiles (done) | time=592ms
INFO: Load active rules
INFO: Load active rules (done) | time=14566ms
INFO: Load analysis cache
INFO: Load analysis cache (2.6 kB) | time=125ms
INFO: Preprocessing files...
INFO: 1 language detected in 101 preprocessed files
INFO: 0 files ignored because of scm ignore settings
INFO: Loading plugins for detected languages
INFO: Load/download plugins
INFO: Load/download plugins (done) | time=17ms
INFO: Inconsistent constructor declaration on bean with name 'org.sonarsource.scanner.api.internal.IsolatedClassloader@1a1d6a08-org.sonar.scanner.issue.IssueFilters': single autowire-marked constructor flagged as optional - this constructor is effectively required since there is no default constructor to fall back to: public org.sonar.scanner.issue.IssueFilters(org.sonar.api.batch.fs.internal.DefaultInputProject)
INFO: Load project repositories
INFO: Load project repositories (done) | time=186ms
INFO: Indexing files...
INFO: Project configuration:
INFO: 101 files indexed
INFO: Quality profile for java: TCC
INFO: ------------- Run sensors on module TCC Snippets Final 3
INFO: Load metrics repository
INFO: Load metrics repository (done) | time=145ms
INFO: Sensor JavaSensor [java]
INFO: No rules with 'symbolic-execution' tag were enabled, the Symbolic Execution Engine will not run during the analysis.
INFO: Server-side caching is enabled. The Java analyzer will not try to leverage data from a previous analysis.
INFO: Using ECJ batch to parse 100 Main java source files with batch size 156 KB.
INFO: Starting batch processing.
INFO: The Java analyzer cannot skip unchanged files in this context. A full analysis is performed for all files.
INFO: 100% analyzed
INFO: Batch processing: Done.
INFO: Did not optimize analysis for any files, performed a full analysis for all 100 files.
WARN: Dependencies/libraries were not provided for analysis of SOURCE files. The 'sonar.java.libraries' property is empty. Verify your configuration, as you might end up with less precise results.
WARN: Unresolved imports/types have been detected during analysis. Enable DEBUG mode to see them.
WARN: Use of preview features have been detected during analysis. Enable DEBUG mode to see them.
INFO: No "Test" source files to scan.
INFO: No "Generated" source files to scan.
INFO: Sensor JavaSensor [java] (done) | time=20398ms
INFO: Sensor SurefireSensor [java]
INFO: parsing [/home/oscar/Área de trabalho/TCC-Artur-Jackson-e-Oscar-de-Brito--BaseMLCQ/sonar-trechos/generated-snippets-batch-run/target/surefire-reports]
INFO: Sensor SurefireSensor [java] (done) | time=6ms
INFO: Sensor JaCoCo XML Report Importer [jacoco]
INFO: 'sonar.coverage.jacoco.xmlReportPaths' is not defined. Using default locations: target/site/jacoco/jacoco.xml,target/site/jacoco-it/jacoco.xml,build/reports/jacoco/test/jacocoTestReport.xml
INFO: No report imported, no coverage information will be imported by JaCoCo XML Report Importer
INFO: Sensor JaCoCo XML Report Importer [jacoco] (done) | time=7ms
INFO: Sensor IaC Docker Sensor [iac]
INFO: 0 source files to be analyzed
INFO: 0/0 source files have been analyzed
INFO: Sensor IaC Docker Sensor [iac] (done) | time=254ms
INFO: Sensor TextAndSecretsSensor [text]
INFO: Available processors: 2
INFO: Using 2 threads for analysis.
INFO: 100 source files to be analyzed
INFO: 100/100 source files have been analyzed
INFO: Sensor TextAndSecretsSensor [text] (done) | time=4519ms
INFO: ------------- Run sensors on project
INFO: Sensor Zero Coverage Sensor
INFO: Sensor Zero Coverage Sensor (done) | time=155ms
INFO: Sensor Java CPD Block Indexer
INFO: Sensor Java CPD Block Indexer (done) | time=585ms
INFO: SCM Publisher SCM provider for this project is: git
INFO: SCM Publisher 100 source files to be analyzed
INFO: SCM Publisher 0/100 source files have been analyzed (done) | time=154ms
WARN: Missing blame information for the following files:
WARN:   * Snippet_6841292.java
WARN:   * Snippet_4193150.java
WARN:   * Snippet_3922790.java
WARN:   * Snippet_8092397.java
WARN:   * Snippet_7511055.java
WARN:   * Snippet_4928800.java
WARN:   * Snippet_5115838.java
WARN:   * Snippet_5972104.java
WARN:   * Snippet_3702984.java
WARN:   * Snippet_5075026.java
WARN:   * Snippet_4292651.java
WARN:   * Snippet_3809437.java
WARN:   * Snippet_8430479.java
WARN:   * Snippet_5790359.java
WARN:   * Snippet_5759451.java
WARN:   * Snippet_7936623.java
WARN:   * Snippet_6536222.java
WARN:   * Snippet_8595846.java
WARN:   * Snippet_6453968.java
WARN:   * Snippet_7588520.java
WARN:   * Snippet_7074847.java
WARN:   * Snippet_4470846.java
WARN:   * Snippet_6513676.java
WARN:   * Snippet_4139979.java
WARN:   * Snippet_8104990.java
WARN:   * Snippet_8955824.java
WARN:   * Snippet_9192024.java
WARN:   * Snippet_6892868.java
WARN:   * Snippet_8675011.java
WARN:   * Snippet_4392544.java
WARN:   * Snippet_3873715.java
WARN:   * Snippet_8082183.java
WARN:   * Snippet_7997206.java
WARN:   * Snippet_5180986.java
WARN:   * Snippet_7754810.java
WARN:   * Snippet_8966683.java
WARN:   * Snippet_7267070.java
WARN:   * Snippet_6977949.java
WARN:   * Snippet_7538101.java
WARN:   * Snippet_4856596.java
WARN:   * Snippet_3724040.java
WARN:   * Snippet_5904841.java
WARN:   * Snippet_7928759.java
WARN:   * Snippet_8187132.java
WARN:   * Snippet_7992491.java
WARN:   * Snippet_6937721.java
WARN:   * Snippet_5968191.java
WARN:   * Snippet_8030414.java
WARN:   * Snippet_7210387.java
WARN:   * Snippet_7003619.java
WARN:   * Snippet_4500236.java
WARN:   * Snippet_8083609.java
WARN:   * Snippet_3743029.java
WARN:   * Snippet_6983516.java
WARN:   * Snippet_8655527.java
WARN:   * Snippet_3985971.java
WARN:   * Snippet_6829907.java
WARN:   * Snippet_8049687.java
WARN:   * Snippet_7204626.java
WARN:   * Snippet_4666174.java
WARN:   * Snippet_6904479.java
WARN:   * Snippet_8139442.java
WARN:   * Snippet_4960276.java
WARN:   * Snippet_3869246.java
WARN:   * Snippet_9524185.java
WARN:   * Snippet_6520782.java
WARN:   * Snippet_8408651.java
WARN:   * Snippet_9005432.java
WARN:   * Snippet_8620968.java
WARN:   * Snippet_5202532.java
WARN:   * Snippet_7747898.java
WARN:   * Snippet_4783602.java
WARN:   * Snippet_9260596.java
WARN:   * Snippet_6605165.java
WARN:   * Snippet_4665134.java
WARN:   * Snippet_7747392.java
WARN:   * Snippet_4467093.java
WARN:   * Snippet_5905498.java
WARN:   * Snippet_7399310.java
WARN:   * Snippet_9506706.java
WARN:   * Snippet_8844288.java
WARN:   * Snippet_3791275.java
WARN:   * Snippet_4498741.java
WARN:   * Snippet_7594410.java
WARN:   * Snippet_5596509.java
WARN:   * Snippet_4864235.java
WARN:   * Snippet_5771277.java
WARN:   * Snippet_7349010.java
WARN:   * Snippet_3780834.java
WARN:   * Snippet_6458427.java
WARN:   * Snippet_4275268.java
WARN:   * Snippet_7214745.java
WARN:   * Snippet_6613429.java
WARN:   * Snippet_9449118.java
WARN:   * Snippet_7659271.java
WARN:   * Snippet_6985869.java
WARN:   * Snippet_7094329.java
WARN:   * Snippet_4436948.java
WARN:   * Snippet_8952223.java
WARN:   * Snippet_6251730.java
WARN: This may lead to missing/broken features in SonarQube
INFO: CPD Executor 47 files had no CPD blocks
INFO: CPD Executor Calculating CPD for 53 files
INFO: CPD Executor CPD calculation finished (done) | time=210ms
INFO: SCM revision ID '26261eff0fdfe0b82ee446873a05666cce5522df'
INFO: Analysis report generated in 401ms, dir size=1.0 MB
INFO: Analysis report compressed in 1623ms, zip size=347.5 kB
INFO: Analysis report uploaded in 177ms
INFO: ANALYSIS SUCCESSFUL, you can find the results at: http://localhost:9000/dashboard?id=tcc-snippets-final-3
INFO: Note that you will be able to access the updated dashboard once the server has processed the submitted analysis report
INFO: More about the report processing at http://localhost:9000/api/ce/task?id=e5bfbad8-980f-4e74-a2d4-2d8b4b03650a
INFO: Analysis total time: 53.458 s
INFO: ------------------------------------------------------------------------
INFO: EXECUTION SUCCESS
INFO: ------------------------------------------------------------------------
INFO: Total time: 58.433s
INFO: Final Memory: 18M/74M
INFO: ------------------------------------------------------------------------

================================================================================
[8/44] lote com 100 snippets
Arquivos:
Snippet_5264519.java
Snippet_9218768.java
Snippet_7767021.java
Snippet_4645770.java
Snippet_3700666.java
Snippet_8271042.java
Snippet_6935647.java
Snippet_7610926.java
Snippet_7234731.java
Snippet_5668344.java
Snippet_8863381.java
Snippet_7938128.java
Snippet_8007538.java
Snippet_4246666.java
Snippet_8186858.java
Snippet_8775243.java
Snippet_7249097.java
Snippet_5469798.java
Snippet_8620569.java
Snippet_5164165.java
Snippet_3972555.java
Snippet_4484891.java
Snippet_4801607.java
Snippet_6091805.java
Snippet_6970865.java
Snippet_5175864.java
Snippet_7689561.java
Snippet_8812297.java
Snippet_5782140.java
Snippet_5808750.java
Snippet_9115400.java
Snippet_3986210.java
Snippet_8352018.java
Snippet_8334400.java
Snippet_8961619.java
Snippet_9359683.java
Snippet_3888598.java
Snippet_8796174.java
Snippet_6190083.java
Snippet_5243521.java
Snippet_5585616.java
Snippet_6459837.java
Snippet_8027029.java
Snippet_3698323.java
Snippet_7584763.java
Snippet_6639778.java
Snippet_7649261.java
Snippet_7968650.java
Snippet_8604623.java
Snippet_9474427.java
Snippet_7969819.java
Snippet_8952196.java
Snippet_3759000.java
Snippet_3762543.java
Snippet_4465870.java
Snippet_4096226.java
Snippet_4936150.java
Snippet_4703457.java
Snippet_9150816.java
Snippet_6493535.java
Snippet_6946489.java
Snippet_7764177.java
Snippet_8588757.java
Snippet_8751166.java
Snippet_7784103.java
Snippet_7504433.java
Snippet_5698693.java
Snippet_4199164.java
Snippet_8561476.java
Snippet_6328221.java
Snippet_9128649.java
Snippet_5965453.java
Snippet_4110958.java
Snippet_6488574.java
Snippet_8905404.java
Snippet_4780738.java
Snippet_8914575.java
Snippet_6328915.java
Snippet_5769222.java
Snippet_4515721.java
Snippet_3698665.java
Snippet_4355601.java
Snippet_8423791.java
Snippet_9095202.java
Snippet_7385102.java
Snippet_5939683.java
Snippet_7976979.java
Snippet_5141751.java
Snippet_6913795.java
Snippet_7293098.java
Snippet_4169376.java
Snippet_5403624.java
Snippet_4556869.java
Snippet_7357164.java
Snippet_6941861.java
Snippet_6569509.java
Snippet_4132362.java
Snippet_5283018.java
Snippet_7374778.java
Snippet_6761580.java
INFO: Scanner configuration file: /home/oscar/sonar-scanner-5.0.1.3006-linux/conf/sonar-scanner.properties
INFO: Project root configuration file: /home/oscar/Área de trabalho/TCC-Artur-Jackson-e-Oscar-de-Brito--BaseMLCQ/sonar-trechos/generated-snippets-batch-run/sonar-project.properties
INFO: SonarScanner 5.0.1.3006
INFO: Java 17.0.7 Eclipse Adoptium (64-bit)
INFO: Linux 6.17.0-35-generic amd64
INFO: User cache: /home/oscar/.sonar/cache
INFO: Analyzing on SonarQube server 10.5.1.90531
INFO: Default locale: "pt_BR", source code encoding: "UTF-8"
INFO: Load global settings
INFO: Load global settings (done) | time=371ms
INFO: Server id: 147B411E-AZ1pIPMJY3k3y_epkpuj
INFO: User cache: /home/oscar/.sonar/cache
INFO: Loading required plugins
INFO: Load plugins index
INFO: Load plugins index (done) | time=226ms
INFO: Load/download plugins
INFO: Load/download plugins (done) | time=536ms
INFO: Process project properties
INFO: Process project properties (done) | time=28ms
INFO: Project key: tcc-snippets-final-3
INFO: Base dir: /home/oscar/Área de trabalho/TCC-Artur-Jackson-e-Oscar-de-Brito--BaseMLCQ/sonar-trechos/generated-snippets-batch-run
INFO: Working dir: /home/oscar/Área de trabalho/TCC-Artur-Jackson-e-Oscar-de-Brito--BaseMLCQ/sonar-trechos/generated-snippets-batch-run/.scannerwork
INFO: Load project settings for component key: 'tcc-snippets-final-3'
INFO: Load project settings for component key: 'tcc-snippets-final-3' (done) | time=115ms
INFO: Load quality profiles
INFO: Load quality profiles (done) | time=168ms
INFO: Load active rules
INFO: Load active rules (done) | time=15682ms
INFO: Load analysis cache
INFO: Load analysis cache (2.6 kB) | time=144ms
INFO: Preprocessing files...
INFO: 1 language detected in 101 preprocessed files
INFO: 0 files ignored because of scm ignore settings
INFO: Loading plugins for detected languages
INFO: Load/download plugins
INFO: Load/download plugins (done) | time=18ms
INFO: Inconsistent constructor declaration on bean with name 'org.sonarsource.scanner.api.internal.IsolatedClassloader@1a1d6a08-org.sonar.scanner.issue.IssueFilters': single autowire-marked constructor flagged as optional - this constructor is effectively required since there is no default constructor to fall back to: public org.sonar.scanner.issue.IssueFilters(org.sonar.api.batch.fs.internal.DefaultInputProject)
INFO: Load project repositories
INFO: Load project repositories (done) | time=138ms
INFO: Indexing files...
INFO: Project configuration:
INFO: 101 files indexed
INFO: Quality profile for java: TCC
INFO: ------------- Run sensors on module TCC Snippets Final 3
INFO: Load metrics repository
INFO: Load metrics repository (done) | time=182ms
INFO: Sensor JavaSensor [java]
INFO: No rules with 'symbolic-execution' tag were enabled, the Symbolic Execution Engine will not run during the analysis.
INFO: Server-side caching is enabled. The Java analyzer will not try to leverage data from a previous analysis.
INFO: Using ECJ batch to parse 100 Main java source files with batch size 156 KB.
INFO: Starting batch processing.
INFO: The Java analyzer cannot skip unchanged files in this context. A full analysis is performed for all files.
INFO: 43% analyzed
INFO: 100% analyzed
INFO: Batch processing: Done.
INFO: Did not optimize analysis for any files, performed a full analysis for all 100 files.
WARN: Dependencies/libraries were not provided for analysis of SOURCE files. The 'sonar.java.libraries' property is empty. Verify your configuration, as you might end up with less precise results.
WARN: Unresolved imports/types have been detected during analysis. Enable DEBUG mode to see them.
WARN: Use of preview features have been detected during analysis. Enable DEBUG mode to see them.
INFO: No "Test" source files to scan.
INFO: No "Generated" source files to scan.
INFO: Sensor JavaSensor [java] (done) | time=20095ms
INFO: Sensor SurefireSensor [java]
INFO: parsing [/home/oscar/Área de trabalho/TCC-Artur-Jackson-e-Oscar-de-Brito--BaseMLCQ/sonar-trechos/generated-snippets-batch-run/target/surefire-reports]
INFO: Sensor SurefireSensor [java] (done) | time=4ms
INFO: Sensor JaCoCo XML Report Importer [jacoco]
INFO: 'sonar.coverage.jacoco.xmlReportPaths' is not defined. Using default locations: target/site/jacoco/jacoco.xml,target/site/jacoco-it/jacoco.xml,build/reports/jacoco/test/jacocoTestReport.xml
INFO: No report imported, no coverage information will be imported by JaCoCo XML Report Importer
INFO: Sensor JaCoCo XML Report Importer [jacoco] (done) | time=2ms
INFO: Sensor IaC Docker Sensor [iac]
INFO: 0 source files to be analyzed
INFO: 0/0 source files have been analyzed
INFO: Sensor IaC Docker Sensor [iac] (done) | time=345ms
INFO: Sensor TextAndSecretsSensor [text]
INFO: Available processors: 2
INFO: Using 2 threads for analysis.
INFO: 100 source files to be analyzed
INFO: 100/100 source files have been analyzed
INFO: Sensor TextAndSecretsSensor [text] (done) | time=3139ms
INFO: ------------- Run sensors on project
INFO: Sensor Zero Coverage Sensor
INFO: Sensor Zero Coverage Sensor (done) | time=211ms
INFO: Sensor Java CPD Block Indexer
INFO: Sensor Java CPD Block Indexer (done) | time=1155ms
INFO: SCM Publisher SCM provider for this project is: git
INFO: SCM Publisher 100 source files to be analyzed
INFO: SCM Publisher 0/100 source files have been analyzed (done) | time=384ms
WARN: Missing blame information for the following files:
WARN:   * Snippet_6190083.java
WARN:   * Snippet_4355601.java
WARN:   * Snippet_7249097.java
WARN:   * Snippet_5782140.java
WARN:   * Snippet_8914575.java
WARN:   * Snippet_6328915.java
WARN:   * Snippet_3888598.java
WARN:   * Snippet_8775243.java
WARN:   * Snippet_7784103.java
WARN:   * Snippet_4936150.java
WARN:   * Snippet_4556869.java
WARN:   * Snippet_7938128.java
WARN:   * Snippet_5469798.java
WARN:   * Snippet_6488574.java
WARN:   * Snippet_6639778.java
WARN:   * Snippet_9150816.java
WARN:   * Snippet_8751166.java
WARN:   * Snippet_5698693.java
WARN:   * Snippet_8027029.java
WARN:   * Snippet_5243521.java
WARN:   * Snippet_3698665.java
WARN:   * Snippet_6328221.java
WARN:   * Snippet_6091805.java
WARN:   * Snippet_3698323.java
WARN:   * Snippet_6935647.java
WARN:   * Snippet_7504433.java
WARN:   * Snippet_4780738.java
WARN:   * Snippet_7234731.java
WARN:   * Snippet_7689561.java
WARN:   * Snippet_6493535.java
WARN:   * Snippet_6941861.java
WARN:   * Snippet_4096226.java
WARN:   * Snippet_4169376.java
WARN:   * Snippet_7649261.java
WARN:   * Snippet_8007538.java
WARN:   * Snippet_3700666.java
WARN:   * Snippet_9128649.java
WARN:   * Snippet_9218768.java
WARN:   * Snippet_7968650.java
WARN:   * Snippet_4515721.java
WARN:   * Snippet_7374778.java
WARN:   * Snippet_8604623.java
WARN:   * Snippet_7969819.java
WARN:   * Snippet_6459837.java
WARN:   * Snippet_5141751.java
WARN:   * Snippet_7293098.java
WARN:   * Snippet_3759000.java
WARN:   * Snippet_7584763.java
WARN:   * Snippet_6569509.java
WARN:   * Snippet_4246666.java
WARN:   * Snippet_5769222.java
WARN:   * Snippet_8271042.java
WARN:   * Snippet_7385102.java
WARN:   * Snippet_8796174.java
WARN:   * Snippet_5668344.java
WARN:   * Snippet_5175864.java
WARN:   * Snippet_4199164.java
WARN:   * Snippet_8905404.java
WARN:   * Snippet_8952196.java
WARN:   * Snippet_7764177.java
WARN:   * Snippet_7357164.java
WARN:   * Snippet_8620569.java
WARN:   * Snippet_3972555.java
WARN:   * Snippet_8186858.java
WARN:   * Snippet_8561476.java
WARN:   * Snippet_7976979.java
WARN:   * Snippet_3762543.java
WARN:   * Snippet_8588757.java
WARN:   * Snippet_5264519.java
WARN:   * Snippet_4801607.java
WARN:   * Snippet_9115400.java
WARN:   * Snippet_4132362.java
WARN:   * Snippet_7767021.java
WARN:   * Snippet_4110958.java
WARN:   * Snippet_4645770.java
WARN:   * Snippet_5283018.java
WARN:   * Snippet_4465870.java
WARN:   * Snippet_6970865.java
WARN:   * Snippet_8863381.java
WARN:   * Snippet_4484891.java
WARN:   * Snippet_5939683.java
WARN:   * Snippet_3986210.java
WARN:   * Snippet_8352018.java
WARN:   * Snippet_5585616.java
WARN:   * Snippet_5403624.java
WARN:   * Snippet_8812297.java
WARN:   * Snippet_5164165.java
WARN:   * Snippet_5808750.java
WARN:   * Snippet_6761580.java
WARN:   * Snippet_7610926.java
WARN:   * Snippet_9095202.java
WARN:   * Snippet_8334400.java
WARN:   * Snippet_6946489.java
WARN:   * Snippet_4703457.java
WARN:   * Snippet_8961619.java
WARN:   * Snippet_5965453.java
WARN:   * Snippet_8423791.java
WARN:   * Snippet_9359683.java
WARN:   * Snippet_6913795.java
WARN:   * Snippet_9474427.java
WARN: This may lead to missing/broken features in SonarQube
INFO: CPD Executor 44 files had no CPD blocks
INFO: CPD Executor Calculating CPD for 56 files
INFO: CPD Executor CPD calculation finished (done) | time=187ms
INFO: SCM revision ID '26261eff0fdfe0b82ee446873a05666cce5522df'
INFO: Analysis report generated in 687ms, dir size=610.7 kB
INFO: Analysis report compressed in 809ms, zip size=257.6 kB
INFO: Analysis report uploaded in 147ms
INFO: ANALYSIS SUCCESSFUL, you can find the results at: http://localhost:9000/dashboard?id=tcc-snippets-final-3
INFO: Note that you will be able to access the updated dashboard once the server has processed the submitted analysis report
INFO: More about the report processing at http://localhost:9000/api/ce/task?id=35f90a66-c256-47ce-9de0-a58ff8454cd3
INFO: Analysis total time: 52.440 s
INFO: ------------------------------------------------------------------------
INFO: EXECUTION SUCCESS
INFO: ------------------------------------------------------------------------
INFO: Total time: 59.870s
INFO: Final Memory: 18M/74M
INFO: ------------------------------------------------------------------------

================================================================================
[9/44] lote com 100 snippets
Arquivos:
Snippet_7413911.java
Snippet_9209895.java
Snippet_3873345.java
Snippet_8142421.java
Snippet_4157934.java
Snippet_4458068.java
Snippet_7720540.java
Snippet_4665122.java
Snippet_8290693.java
Snippet_7604836.java
Snippet_5517044.java
Snippet_8811340.java
Snippet_3864226.java
Snippet_4486761.java
Snippet_5971617.java
Snippet_5788583.java
Snippet_4034686.java
Snippet_4620157.java
Snippet_7786204.java
Snippet_5049924.java
Snippet_7879255.java
Snippet_3868578.java
Snippet_3818939.java
Snippet_8737414.java
Snippet_8273753.java
Snippet_5839091.java
Snippet_4690918.java
Snippet_4043468.java
Snippet_4716488.java
Snippet_4871882.java
Snippet_4073701.java
Snippet_4707700.java
Snippet_4304469.java
Snippet_8311552.java
Snippet_7641912.java
Snippet_4301991.java
Snippet_4951775.java
Snippet_4332339.java
Snippet_5241906.java
Snippet_4602475.java
Snippet_5426714.java
Snippet_7666721.java
Snippet_7356904.java
Snippet_4578782.java
Snippet_6765637.java
Snippet_6266221.java
Snippet_5327459.java
Snippet_8603648.java
Snippet_6513603.java
Snippet_8402603.java
Snippet_5700044.java
Snippet_5904455.java
Snippet_7584816.java
Snippet_4364314.java
Snippet_8048739.java
Snippet_5333703.java
Snippet_6640728.java
Snippet_5818517.java
Snippet_9361156.java
Snippet_8164457.java
Snippet_8242801.java
Snippet_4214385.java
Snippet_7563653.java
Snippet_9350950.java
Snippet_7006068.java
Snippet_9176003.java
Snippet_6125015.java
Snippet_7188781.java
Snippet_7716255.java
Snippet_7996783.java
Snippet_9248421.java
Snippet_4440109.java
Snippet_4634991.java
Snippet_4517142.java
Snippet_8409842.java
Snippet_4197096.java
Snippet_9249980.java
Snippet_7361930.java
Snippet_4217323.java
Snippet_7782013.java
Snippet_6129787.java
Snippet_3753086.java
Snippet_4542224.java
Snippet_7883024.java
Snippet_6610964.java
Snippet_6984582.java
Snippet_4627996.java
Snippet_6037459.java
Snippet_4564618.java
Snippet_6788988.java
Snippet_8978631.java
Snippet_7853333.java
Snippet_5638052.java
Snippet_8694129.java
Snippet_7126434.java
Snippet_4272190.java
Snippet_9303905.java
Snippet_6432897.java
Snippet_4530177.java
Snippet_5495116.java
INFO: Scanner configuration file: /home/oscar/sonar-scanner-5.0.1.3006-linux/conf/sonar-scanner.properties
INFO: Project root configuration file: /home/oscar/Área de trabalho/TCC-Artur-Jackson-e-Oscar-de-Brito--BaseMLCQ/sonar-trechos/generated-snippets-batch-run/sonar-project.properties
INFO: SonarScanner 5.0.1.3006
INFO: Java 17.0.7 Eclipse Adoptium (64-bit)
INFO: Linux 6.17.0-35-generic amd64
INFO: User cache: /home/oscar/.sonar/cache
INFO: Analyzing on SonarQube server 10.5.1.90531
INFO: Default locale: "pt_BR", source code encoding: "UTF-8"
INFO: Load global settings
INFO: Load global settings (done) | time=228ms
INFO: Server id: 147B411E-AZ1pIPMJY3k3y_epkpuj
INFO: User cache: /home/oscar/.sonar/cache
INFO: Loading required plugins
INFO: Load plugins index
INFO: Load plugins index (done) | time=72ms
INFO: Load/download plugins
INFO: Load/download plugins (done) | time=162ms
INFO: Process project properties
INFO: Process project properties (done) | time=16ms
INFO: Project key: tcc-snippets-final-3
INFO: Base dir: /home/oscar/Área de trabalho/TCC-Artur-Jackson-e-Oscar-de-Brito--BaseMLCQ/sonar-trechos/generated-snippets-batch-run
INFO: Working dir: /home/oscar/Área de trabalho/TCC-Artur-Jackson-e-Oscar-de-Brito--BaseMLCQ/sonar-trechos/generated-snippets-batch-run/.scannerwork
INFO: Load project settings for component key: 'tcc-snippets-final-3'
INFO: Load project settings for component key: 'tcc-snippets-final-3' (done) | time=143ms
INFO: Load quality profiles
INFO: Load quality profiles (done) | time=332ms
INFO: Load active rules
INFO: Load active rules (done) | time=15155ms
INFO: Load analysis cache
INFO: Load analysis cache (2.6 kB) | time=132ms
INFO: Preprocessing files...
INFO: 1 language detected in 101 preprocessed files
INFO: 0 files ignored because of scm ignore settings
INFO: Loading plugins for detected languages
INFO: Load/download plugins
INFO: Load/download plugins (done) | time=72ms
INFO: Inconsistent constructor declaration on bean with name 'org.sonarsource.scanner.api.internal.IsolatedClassloader@1a1d6a08-org.sonar.scanner.issue.IssueFilters': single autowire-marked constructor flagged as optional - this constructor is effectively required since there is no default constructor to fall back to: public org.sonar.scanner.issue.IssueFilters(org.sonar.api.batch.fs.internal.DefaultInputProject)
INFO: Load project repositories
INFO: Load project repositories (done) | time=64ms
INFO: Indexing files...
INFO: Project configuration:
INFO: 101 files indexed
INFO: Quality profile for java: TCC
INFO: ------------- Run sensors on module TCC Snippets Final 3
INFO: Load metrics repository
INFO: Load metrics repository (done) | time=136ms
INFO: Sensor JavaSensor [java]
INFO: No rules with 'symbolic-execution' tag were enabled, the Symbolic Execution Engine will not run during the analysis.
INFO: Server-side caching is enabled. The Java analyzer will not try to leverage data from a previous analysis.
INFO: Using ECJ batch to parse 100 Main java source files with batch size 156 KB.
INFO: Starting batch processing.
INFO: The Java analyzer cannot skip unchanged files in this context. A full analysis is performed for all files.
INFO: 31% analyzed
INFO: 100% analyzed
INFO: Batch processing: Done.
INFO: Did not optimize analysis for any files, performed a full analysis for all 100 files.
WARN: Dependencies/libraries were not provided for analysis of SOURCE files. The 'sonar.java.libraries' property is empty. Verify your configuration, as you might end up with less precise results.
WARN: Unresolved imports/types have been detected during analysis. Enable DEBUG mode to see them.
WARN: Use of preview features have been detected during analysis. Enable DEBUG mode to see them.
INFO: No "Test" source files to scan.
INFO: No "Generated" source files to scan.
INFO: Sensor JavaSensor [java] (done) | time=25909ms
INFO: Sensor SurefireSensor [java]
INFO: parsing [/home/oscar/Área de trabalho/TCC-Artur-Jackson-e-Oscar-de-Brito--BaseMLCQ/sonar-trechos/generated-snippets-batch-run/target/surefire-reports]
INFO: Sensor SurefireSensor [java] (done) | time=7ms
INFO: Sensor JaCoCo XML Report Importer [jacoco]
INFO: 'sonar.coverage.jacoco.xmlReportPaths' is not defined. Using default locations: target/site/jacoco/jacoco.xml,target/site/jacoco-it/jacoco.xml,build/reports/jacoco/test/jacocoTestReport.xml
INFO: No report imported, no coverage information will be imported by JaCoCo XML Report Importer
INFO: Sensor JaCoCo XML Report Importer [jacoco] (done) | time=12ms
INFO: Sensor IaC Docker Sensor [iac]
INFO: 0 source files to be analyzed
INFO: 0/0 source files have been analyzed
INFO: Sensor IaC Docker Sensor [iac] (done) | time=345ms
INFO: Sensor TextAndSecretsSensor [text]
INFO: Available processors: 2
INFO: Using 2 threads for analysis.
INFO: 100 source files to be analyzed
INFO: 100/100 source files have been analyzed
INFO: Sensor TextAndSecretsSensor [text] (done) | time=3704ms
INFO: ------------- Run sensors on project
INFO: Sensor Zero Coverage Sensor
INFO: Sensor Zero Coverage Sensor (done) | time=128ms
INFO: Sensor Java CPD Block Indexer
INFO: Sensor Java CPD Block Indexer (done) | time=437ms
INFO: SCM Publisher SCM provider for this project is: git
INFO: SCM Publisher 100 source files to be analyzed
INFO: SCM Publisher 0/100 source files have been analyzed (done) | time=132ms
WARN: Missing blame information for the following files:
WARN:   * Snippet_8402603.java
WARN:   * Snippet_6432897.java
WARN:   * Snippet_7782013.java
WARN:   * Snippet_3864226.java
WARN:   * Snippet_8737414.java
WARN:   * Snippet_7641912.java
WARN:   * Snippet_4272190.java
WARN:   * Snippet_7361930.java
WARN:   * Snippet_4197096.java
WARN:   * Snippet_4690918.java
WARN:   * Snippet_6513603.java
WARN:   * Snippet_9209895.java
WARN:   * Snippet_8048739.java
WARN:   * Snippet_3873345.java
WARN:   * Snippet_7996783.java
WARN:   * Snippet_4217323.java
WARN:   * Snippet_6125015.java
WARN:   * Snippet_4707700.java
WARN:   * Snippet_6765637.java
WARN:   * Snippet_4301991.java
WARN:   * Snippet_4364314.java
WARN:   * Snippet_4871882.java
WARN:   * Snippet_8811340.java
WARN:   * Snippet_7853333.java
WARN:   * Snippet_7720540.java
WARN:   * Snippet_5818517.java
WARN:   * Snippet_3818939.java
WARN:   * Snippet_7188781.java
WARN:   * Snippet_4951775.java
WARN:   * Snippet_5426714.java
WARN:   * Snippet_8242801.java
WARN:   * Snippet_7883024.java
WARN:   * Snippet_7666721.java
WARN:   * Snippet_9248421.java
WARN:   * Snippet_7126434.java
WARN:   * Snippet_8311552.java
WARN:   * Snippet_4043468.java
WARN:   * Snippet_4034686.java
WARN:   * Snippet_7584816.java
WARN:   * Snippet_4214385.java
WARN:   * Snippet_6037459.java
WARN:   * Snippet_8694129.java
WARN:   * Snippet_4486761.java
WARN:   * Snippet_4440109.java
WARN:   * Snippet_5241906.java
WARN:   * Snippet_5971617.java
WARN:   * Snippet_6984582.java
WARN:   * Snippet_7563653.java
WARN:   * Snippet_5788583.java
WARN:   * Snippet_7786204.java
WARN:   * Snippet_4332339.java
WARN:   * Snippet_9249980.java
WARN:   * Snippet_5839091.java
WARN:   * Snippet_4157934.java
WARN:   * Snippet_5700044.java
WARN:   * Snippet_5638052.java
WARN:   * Snippet_7356904.java
WARN:   * Snippet_4304469.java
WARN:   * Snippet_4564618.java
WARN:   * Snippet_7006068.java
WARN:   * Snippet_7879255.java
WARN:   * Snippet_8290693.java
WARN:   * Snippet_6640728.java
WARN:   * Snippet_9350950.java
WARN:   * Snippet_8273753.java
WARN:   * Snippet_6129787.java
WARN:   * Snippet_7413911.java
WARN:   * Snippet_5333703.java
WARN:   * Snippet_4073701.java
WARN:   * Snippet_4634991.java
WARN:   * Snippet_4602475.java
WARN:   * Snippet_7716255.java
WARN:   * Snippet_3868578.java
WARN:   * Snippet_4627996.java
WARN:   * Snippet_6788988.java
WARN:   * Snippet_8142421.java
WARN:   * Snippet_8603648.java
WARN:   * Snippet_3753086.java
WARN:   * Snippet_5517044.java
WARN:   * Snippet_5327459.java
WARN:   * Snippet_6610964.java
WARN:   * Snippet_6266221.java
WARN:   * Snippet_7604836.java
WARN:   * Snippet_5495116.java
WARN:   * Snippet_4517142.java
WARN:   * Snippet_8409842.java
WARN:   * Snippet_4458068.java
WARN:   * Snippet_5049924.java
WARN:   * Snippet_4530177.java
WARN:   * Snippet_5904455.java
WARN:   * Snippet_9303905.java
WARN:   * Snippet_4542224.java
WARN:   * Snippet_4716488.java
WARN:   * Snippet_8164457.java
WARN:   * Snippet_4578782.java
WARN:   * Snippet_4665122.java
WARN:   * Snippet_4620157.java
WARN:   * Snippet_8978631.java
WARN:   * Snippet_9176003.java
WARN:   * Snippet_9361156.java
WARN: This may lead to missing/broken features in SonarQube
INFO: CPD Executor 53 files had no CPD blocks
INFO: CPD Executor Calculating CPD for 47 files
INFO: CPD Executor CPD calculation finished (done) | time=124ms
INFO: SCM revision ID '26261eff0fdfe0b82ee446873a05666cce5522df'
INFO: Analysis report generated in 407ms, dir size=746.1 kB
INFO: Analysis report compressed in 688ms, zip size=297.9 kB
INFO: Analysis report uploaded in 57ms
INFO: ANALYSIS SUCCESSFUL, you can find the results at: http://localhost:9000/dashboard?id=tcc-snippets-final-3
INFO: Note that you will be able to access the updated dashboard once the server has processed the submitted analysis report
INFO: More about the report processing at http://localhost:9000/api/ce/task?id=51ba675c-4268-44ee-84fe-80227a3ed6b8
INFO: Analysis total time: 56.288 s
INFO: ------------------------------------------------------------------------
INFO: EXECUTION SUCCESS
INFO: ------------------------------------------------------------------------
INFO: Total time: 1:03.038s
INFO: Final Memory: 18M/80M
INFO: ------------------------------------------------------------------------

================================================================================
[10/44] lote com 100 snippets
Arquivos:
Snippet_6915312.java
Snippet_4572409.java
Snippet_9290135.java
Snippet_5437491.java
Snippet_7594784.java
Snippet_6458155.java
Snippet_5444150.java
Snippet_5524586.java
Snippet_6079026.java
Snippet_6306007.java
Snippet_8574527.java
Snippet_4593407.java
Snippet_6211782.java
Snippet_4329197.java
Snippet_8187474.java
Snippet_6857899.java
Snippet_7320330.java
Snippet_4975591.java
Snippet_7686388.java
Snippet_6431594.java
Snippet_4188059.java
Snippet_7422066.java
Snippet_7580470.java
Snippet_5498814.java
Snippet_5678475.java
Snippet_8811171.java
Snippet_6701931.java
Snippet_4325541.java
Snippet_5361443.java
Snippet_4616422.java
Snippet_7517076.java
Snippet_6009975.java
Snippet_6638631.java
Snippet_8333175.java
Snippet_7485370.java
Snippet_8123359.java
Snippet_9203767.java
Snippet_7048370.java
Snippet_5575053.java
Snippet_8334291.java
Snippet_7648196.java
Snippet_4857404.java
Snippet_3871308.java
Snippet_8582752.java
Snippet_5396847.java
Snippet_3904181.java
Snippet_6623354.java
Snippet_5894091.java
Snippet_4434430.java
Snippet_7093849.java
Snippet_5818834.java
Snippet_7888064.java
Snippet_8760562.java
Snippet_7294753.java
Snippet_5168016.java
Snippet_5843574.java
Snippet_4140046.java
Snippet_6577272.java
Snippet_5028269.java
Snippet_8937461.java
Snippet_8894429.java
Snippet_4839287.java
Snippet_7074773.java
Snippet_3872015.java
Snippet_7291569.java
Snippet_7558740.java
Snippet_5200336.java
Snippet_3850165.java
Snippet_8698235.java
Snippet_7906999.java
Snippet_5423428.java
Snippet_4842851.java
Snippet_6940330.java
Snippet_8332252.java
Snippet_6634791.java
Snippet_7756213.java
Snippet_4402431.java
Snippet_7155736.java
Snippet_8267819.java
Snippet_8429775.java
Snippet_4490426.java
Snippet_4456562.java
Snippet_8894917.java
Snippet_3913986.java
Snippet_7455825.java
Snippet_7626113.java
Snippet_7228404.java
Snippet_8283403.java
Snippet_4104993.java
Snippet_8272324.java
Snippet_4360681.java
Snippet_6026312.java
Snippet_7337150.java
Snippet_7539853.java
Snippet_5690795.java
Snippet_4062999.java
Snippet_7114490.java
Snippet_8969767.java
Snippet_4301341.java
Snippet_7457996.java
INFO: Scanner configuration file: /home/oscar/sonar-scanner-5.0.1.3006-linux/conf/sonar-scanner.properties
INFO: Project root configuration file: /home/oscar/Área de trabalho/TCC-Artur-Jackson-e-Oscar-de-Brito--BaseMLCQ/sonar-trechos/generated-snippets-batch-run/sonar-project.properties
INFO: SonarScanner 5.0.1.3006
INFO: Java 17.0.7 Eclipse Adoptium (64-bit)
INFO: Linux 6.17.0-35-generic amd64
INFO: User cache: /home/oscar/.sonar/cache
INFO: Analyzing on SonarQube server 10.5.1.90531
INFO: Default locale: "pt_BR", source code encoding: "UTF-8"
INFO: Load global settings
INFO: Load global settings (done) | time=214ms
INFO: Server id: 147B411E-AZ1pIPMJY3k3y_epkpuj
INFO: User cache: /home/oscar/.sonar/cache
INFO: Loading required plugins
INFO: Load plugins index
INFO: Load plugins index (done) | time=129ms
INFO: Load/download plugins
INFO: Load/download plugins (done) | time=230ms
INFO: Process project properties
INFO: Process project properties (done) | time=80ms
INFO: Project key: tcc-snippets-final-3
INFO: Base dir: /home/oscar/Área de trabalho/TCC-Artur-Jackson-e-Oscar-de-Brito--BaseMLCQ/sonar-trechos/generated-snippets-batch-run
INFO: Working dir: /home/oscar/Área de trabalho/TCC-Artur-Jackson-e-Oscar-de-Brito--BaseMLCQ/sonar-trechos/generated-snippets-batch-run/.scannerwork
INFO: Load project settings for component key: 'tcc-snippets-final-3'
INFO: Load project settings for component key: 'tcc-snippets-final-3' (done) | time=101ms
INFO: Load quality profiles
INFO: Load quality profiles (done) | time=1196ms
INFO: Load active rules
INFO: Load active rules (done) | time=15295ms
INFO: Load analysis cache
INFO: Load analysis cache (2.6 kB) | time=36ms
INFO: Preprocessing files...
INFO: 1 language detected in 101 preprocessed files
INFO: 0 files ignored because of scm ignore settings
INFO: Loading plugins for detected languages
INFO: Load/download plugins
INFO: Load/download plugins (done) | time=105ms
INFO: Inconsistent constructor declaration on bean with name 'org.sonarsource.scanner.api.internal.IsolatedClassloader@1a1d6a08-org.sonar.scanner.issue.IssueFilters': single autowire-marked constructor flagged as optional - this constructor is effectively required since there is no default constructor to fall back to: public org.sonar.scanner.issue.IssueFilters(org.sonar.api.batch.fs.internal.DefaultInputProject)
INFO: Load project repositories
INFO: Load project repositories (done) | time=100ms
INFO: Indexing files...
INFO: Project configuration:
INFO: 101 files indexed
INFO: Quality profile for java: TCC
INFO: ------------- Run sensors on module TCC Snippets Final 3
INFO: Load metrics repository
INFO: Load metrics repository (done) | time=135ms
INFO: Sensor JavaSensor [java]
INFO: No rules with 'symbolic-execution' tag were enabled, the Symbolic Execution Engine will not run during the analysis.
INFO: Server-side caching is enabled. The Java analyzer will not try to leverage data from a previous analysis.
INFO: Using ECJ batch to parse 100 Main java source files with batch size 156 KB.
INFO: Starting batch processing.
INFO: The Java analyzer cannot skip unchanged files in this context. A full analysis is performed for all files.
INFO: 60% analyzed
INFO: 100% analyzed
INFO: Batch processing: Done.
INFO: Did not optimize analysis for any files, performed a full analysis for all 100 files.
WARN: Dependencies/libraries were not provided for analysis of SOURCE files. The 'sonar.java.libraries' property is empty. Verify your configuration, as you might end up with less precise results.
WARN: Unresolved imports/types have been detected during analysis. Enable DEBUG mode to see them.
WARN: Use of preview features have been detected during analysis. Enable DEBUG mode to see them.
INFO: No "Test" source files to scan.
INFO: No "Generated" source files to scan.
INFO: Sensor JavaSensor [java] (done) | time=17270ms
INFO: Sensor SurefireSensor [java]
INFO: parsing [/home/oscar/Área de trabalho/TCC-Artur-Jackson-e-Oscar-de-Brito--BaseMLCQ/sonar-trechos/generated-snippets-batch-run/target/surefire-reports]
INFO: Sensor SurefireSensor [java] (done) | time=11ms
INFO: Sensor JaCoCo XML Report Importer [jacoco]
INFO: 'sonar.coverage.jacoco.xmlReportPaths' is not defined. Using default locations: target/site/jacoco/jacoco.xml,target/site/jacoco-it/jacoco.xml,build/reports/jacoco/test/jacocoTestReport.xml
INFO: No report imported, no coverage information will be imported by JaCoCo XML Report Importer
INFO: Sensor JaCoCo XML Report Importer [jacoco] (done) | time=11ms
INFO: Sensor IaC Docker Sensor [iac]
INFO: 0 source files to be analyzed
INFO: 0/0 source files have been analyzed
INFO: Sensor IaC Docker Sensor [iac] (done) | time=465ms
INFO: Sensor TextAndSecretsSensor [text]
INFO: Available processors: 2
INFO: Using 2 threads for analysis.
INFO: 100 source files to be analyzed
INFO: 100/100 source files have been analyzed
INFO: Sensor TextAndSecretsSensor [text] (done) | time=3471ms
INFO: ------------- Run sensors on project
INFO: Sensor Zero Coverage Sensor
INFO: Sensor Zero Coverage Sensor (done) | time=58ms
INFO: Sensor Java CPD Block Indexer
INFO: Sensor Java CPD Block Indexer (done) | time=549ms
INFO: SCM Publisher SCM provider for this project is: git
INFO: SCM Publisher 100 source files to be analyzed
INFO: SCM Publisher 0/100 source files have been analyzed (done) | time=173ms
WARN: Missing blame information for the following files:
WARN:   * Snippet_7485370.java
WARN:   * Snippet_7320330.java
WARN:   * Snippet_7291569.java
WARN:   * Snippet_4975591.java
WARN:   * Snippet_7888064.java
WARN:   * Snippet_7093849.java
WARN:   * Snippet_7517076.java
WARN:   * Snippet_4839287.java
WARN:   * Snippet_7457996.java
WARN:   * Snippet_4325541.java
WARN:   * Snippet_7686388.java
WARN:   * Snippet_6458155.java
WARN:   * Snippet_5843574.java
WARN:   * Snippet_4188059.java
WARN:   * Snippet_3872015.java
WARN:   * Snippet_4329197.java
WARN:   * Snippet_7580470.java
WARN:   * Snippet_9290135.java
WARN:   * Snippet_5894091.java
WARN:   * Snippet_6211782.java
WARN:   * Snippet_3871308.java
WARN:   * Snippet_7906999.java
WARN:   * Snippet_7337150.java
WARN:   * Snippet_7455825.java
WARN:   * Snippet_8267819.java
WARN:   * Snippet_5690795.java
WARN:   * Snippet_4140046.java
WARN:   * Snippet_8272324.java
WARN:   * Snippet_8429775.java
WARN:   * Snippet_5200336.java
WARN:   * Snippet_4104993.java
WARN:   * Snippet_7539853.java
WARN:   * Snippet_8582752.java
WARN:   * Snippet_6009975.java
WARN:   * Snippet_7756213.java
WARN:   * Snippet_7422066.java
WARN:   * Snippet_5444150.java
WARN:   * Snippet_4616422.java
WARN:   * Snippet_4593407.java
WARN:   * Snippet_6306007.java
WARN:   * Snippet_3913986.java
WARN:   * Snippet_7594784.java
WARN:   * Snippet_7155736.java
WARN:   * Snippet_4402431.java
WARN:   * Snippet_5498814.java
WARN:   * Snippet_7648196.java
WARN:   * Snippet_4572409.java
WARN:   * Snippet_6623354.java
WARN:   * Snippet_6915312.java
WARN:   * Snippet_6431594.java
WARN:   * Snippet_7558740.java
WARN:   * Snippet_3904181.java
WARN:   * Snippet_9203767.java
WARN:   * Snippet_8332252.java
WARN:   * Snippet_8574527.java
WARN:   * Snippet_7048370.java
WARN:   * Snippet_4062999.java
WARN:   * Snippet_8698235.java
WARN:   * Snippet_6857899.java
WARN:   * Snippet_7228404.java
WARN:   * Snippet_5396847.java
WARN:   * Snippet_5818834.java
WARN:   * Snippet_7294753.java
WARN:   * Snippet_5524586.java
WARN:   * Snippet_5423428.java
WARN:   * Snippet_6638631.java
WARN:   * Snippet_7114490.java
WARN:   * Snippet_8334291.java
WARN:   * Snippet_5678475.java
WARN:   * Snippet_6079026.java
WARN:   * Snippet_8333175.java
WARN:   * Snippet_8969767.java
WARN:   * Snippet_5028269.java
WARN:   * Snippet_8283403.java
WARN:   * Snippet_6634791.java
WARN:   * Snippet_6026312.java
WARN:   * Snippet_5575053.java
WARN:   * Snippet_8811171.java
WARN:   * Snippet_4490426.java
WARN:   * Snippet_6940330.java
WARN:   * Snippet_8760562.java
WARN:   * Snippet_4456562.java
WARN:   * Snippet_5361443.java
WARN:   * Snippet_8123359.java
WARN:   * Snippet_6577272.java
WARN:   * Snippet_4434430.java
WARN:   * Snippet_8894917.java
WARN:   * Snippet_8937461.java
WARN:   * Snippet_4301341.java
WARN:   * Snippet_7626113.java
WARN:   * Snippet_6701931.java
WARN:   * Snippet_5437491.java
WARN:   * Snippet_5168016.java
WARN:   * Snippet_4857404.java
WARN:   * Snippet_3850165.java
WARN:   * Snippet_4360681.java
WARN:   * Snippet_7074773.java
WARN:   * Snippet_4842851.java
WARN:   * Snippet_8894429.java
WARN:   * Snippet_8187474.java
WARN: This may lead to missing/broken features in SonarQube
INFO: CPD Executor 45 files had no CPD blocks
INFO: CPD Executor Calculating CPD for 55 files
INFO: CPD Executor CPD calculation finished (done) | time=125ms
INFO: SCM revision ID '26261eff0fdfe0b82ee446873a05666cce5522df'
INFO: Analysis report generated in 578ms, dir size=461.1 kB
INFO: Analysis report compressed in 391ms, zip size=220.5 kB
INFO: Analysis report uploaded in 36ms
INFO: ANALYSIS SUCCESSFUL, you can find the results at: http://localhost:9000/dashboard?id=tcc-snippets-final-3
INFO: Note that you will be able to access the updated dashboard once the server has processed the submitted analysis report
INFO: More about the report processing at http://localhost:9000/api/ce/task?id=7653c919-3143-4ab3-967d-aef7885f5180
INFO: Analysis total time: 49.764 s
INFO: ------------------------------------------------------------------------
INFO: EXECUTION SUCCESS
INFO: ------------------------------------------------------------------------
INFO: Total time: 56.575s
INFO: Final Memory: 18M/74M
INFO: ------------------------------------------------------------------------

================================================================================
[11/44] lote com 100 snippets
Arquivos:
Snippet_7204450.java
Snippet_5950764.java
Snippet_4004665.java
Snippet_6529636.java
Snippet_8209082.java
Snippet_7762191.java
Snippet_7085407.java
Snippet_7880496.java
Snippet_7465309.java
Snippet_5136002.java
Snippet_8387546.java
Snippet_7387764.java
Snippet_6617747.java
Snippet_7350370.java
Snippet_7257331.java
Snippet_9018110.java
Snippet_4610445.java
Snippet_9490334.java
Snippet_5819659.java
Snippet_8876926.java
Snippet_9267168.java
Snippet_7592205.java
Snippet_8510687.java
Snippet_3701394.java
Snippet_7468700.java
Snippet_4671511.java
Snippet_7758018.java
Snippet_4159107.java
Snippet_3775458.java
Snippet_5515872.java
Snippet_4686917.java
Snippet_5919914.java
Snippet_4126029.java
Snippet_4611132.java
Snippet_8945301.java
Snippet_5766093.java
Snippet_4666539.java
Snippet_6297548.java
Snippet_5855407.java
Snippet_4105521.java
Snippet_6927449.java
Snippet_7501187.java
Snippet_8224570.java
Snippet_8212971.java
Snippet_7426271.java
Snippet_3964331.java
Snippet_3812473.java
Snippet_5339121.java
Snippet_6032883.java
Snippet_6541523.java
Snippet_7294422.java
Snippet_5033471.java
Snippet_7834476.java
Snippet_4815345.java
Snippet_4938858.java
Snippet_8295012.java
Snippet_7117242.java
Snippet_8913163.java
Snippet_4468174.java
Snippet_4415593.java
Snippet_9301710.java
Snippet_4041399.java
Snippet_3970015.java
Snippet_8002487.java
Snippet_6311678.java
Snippet_4368175.java
Snippet_7097449.java
Snippet_8201390.java
Snippet_8050224.java
Snippet_9540354.java
Snippet_7544867.java
Snippet_6322415.java
Snippet_9136671.java
Snippet_4576061.java
Snippet_5722403.java
Snippet_5774985.java
Snippet_6261774.java
Snippet_9421769.java
Snippet_7077189.java
Snippet_6921833.java
Snippet_7214444.java
Snippet_7801178.java
Snippet_6945437.java
Snippet_3942114.java
Snippet_5596503.java
Snippet_8026269.java
Snippet_4595799.java
Snippet_8972337.java
Snippet_4087381.java
Snippet_4496686.java
Snippet_7787736.java
Snippet_7457519.java
Snippet_3908492.java
Snippet_6173419.java
Snippet_3795599.java
Snippet_4648063.java
Snippet_6850124.java
Snippet_7728455.java
Snippet_6982100.java
Snippet_7032580.java
INFO: Scanner configuration file: /home/oscar/sonar-scanner-5.0.1.3006-linux/conf/sonar-scanner.properties
INFO: Project root configuration file: /home/oscar/Área de trabalho/TCC-Artur-Jackson-e-Oscar-de-Brito--BaseMLCQ/sonar-trechos/generated-snippets-batch-run/sonar-project.properties
INFO: SonarScanner 5.0.1.3006
INFO: Java 17.0.7 Eclipse Adoptium (64-bit)
INFO: Linux 6.17.0-35-generic amd64
INFO: User cache: /home/oscar/.sonar/cache
INFO: Analyzing on SonarQube server 10.5.1.90531
INFO: Default locale: "pt_BR", source code encoding: "UTF-8"
INFO: Load global settings
INFO: Load global settings (done) | time=120ms
INFO: Server id: 147B411E-AZ1pIPMJY3k3y_epkpuj
INFO: User cache: /home/oscar/.sonar/cache
INFO: Loading required plugins
INFO: Load plugins index
INFO: Load plugins index (done) | time=89ms
INFO: Load/download plugins
INFO: Load/download plugins (done) | time=74ms
INFO: Process project properties
INFO: Process project properties (done) | time=14ms
INFO: Project key: tcc-snippets-final-3
INFO: Base dir: /home/oscar/Área de trabalho/TCC-Artur-Jackson-e-Oscar-de-Brito--BaseMLCQ/sonar-trechos/generated-snippets-batch-run
INFO: Working dir: /home/oscar/Área de trabalho/TCC-Artur-Jackson-e-Oscar-de-Brito--BaseMLCQ/sonar-trechos/generated-snippets-batch-run/.scannerwork
INFO: Load project settings for component key: 'tcc-snippets-final-3'
INFO: Load project settings for component key: 'tcc-snippets-final-3' (done) | time=18ms
INFO: Load quality profiles
INFO: Load quality profiles (done) | time=87ms
INFO: Load active rules
INFO: Load active rules (done) | time=8121ms
INFO: Load analysis cache
INFO: Load analysis cache (2.6 kB) | time=50ms
INFO: Preprocessing files...
INFO: 1 language detected in 101 preprocessed files
INFO: 0 files ignored because of scm ignore settings
INFO: Loading plugins for detected languages
INFO: Load/download plugins
INFO: Load/download plugins (done) | time=16ms
INFO: Inconsistent constructor declaration on bean with name 'org.sonarsource.scanner.api.internal.IsolatedClassloader@1a1d6a08-org.sonar.scanner.issue.IssueFilters': single autowire-marked constructor flagged as optional - this constructor is effectively required since there is no default constructor to fall back to: public org.sonar.scanner.issue.IssueFilters(org.sonar.api.batch.fs.internal.DefaultInputProject)
INFO: Load project repositories
INFO: Load project repositories (done) | time=94ms
INFO: Indexing files...
INFO: Project configuration:
INFO: 101 files indexed
INFO: Quality profile for java: TCC
INFO: ------------- Run sensors on module TCC Snippets Final 3
INFO: Load metrics repository
INFO: Load metrics repository (done) | time=67ms
INFO: Sensor JavaSensor [java]
INFO: No rules with 'symbolic-execution' tag were enabled, the Symbolic Execution Engine will not run during the analysis.
INFO: Server-side caching is enabled. The Java analyzer will not try to leverage data from a previous analysis.
INFO: Using ECJ batch to parse 100 Main java source files with batch size 156 KB.
INFO: Starting batch processing.
INFO: The Java analyzer cannot skip unchanged files in this context. A full analysis is performed for all files.
INFO: 41% analyzed
INFO: 100% analyzed
INFO: Batch processing: Done.
INFO: Did not optimize analysis for any files, performed a full analysis for all 100 files.
WARN: Dependencies/libraries were not provided for analysis of SOURCE files. The 'sonar.java.libraries' property is empty. Verify your configuration, as you might end up with less precise results.
WARN: Unresolved imports/types have been detected during analysis. Enable DEBUG mode to see them.
WARN: Use of preview features have been detected during analysis. Enable DEBUG mode to see them.
INFO: No "Test" source files to scan.
INFO: No "Generated" source files to scan.
INFO: Sensor JavaSensor [java] (done) | time=18605ms
INFO: Sensor SurefireSensor [java]
INFO: parsing [/home/oscar/Área de trabalho/TCC-Artur-Jackson-e-Oscar-de-Brito--BaseMLCQ/sonar-trechos/generated-snippets-batch-run/target/surefire-reports]
INFO: Sensor SurefireSensor [java] (done) | time=7ms
INFO: Sensor JaCoCo XML Report Importer [jacoco]
INFO: 'sonar.coverage.jacoco.xmlReportPaths' is not defined. Using default locations: target/site/jacoco/jacoco.xml,target/site/jacoco-it/jacoco.xml,build/reports/jacoco/test/jacocoTestReport.xml
INFO: No report imported, no coverage information will be imported by JaCoCo XML Report Importer
INFO: Sensor JaCoCo XML Report Importer [jacoco] (done) | time=4ms
INFO: Sensor IaC Docker Sensor [iac]
INFO: 0 source files to be analyzed
INFO: 0/0 source files have been analyzed
INFO: Sensor IaC Docker Sensor [iac] (done) | time=280ms
INFO: Sensor TextAndSecretsSensor [text]
INFO: Available processors: 2
INFO: Using 2 threads for analysis.
INFO: 100 source files to be analyzed
INFO: 100/100 source files have been analyzed
INFO: Sensor TextAndSecretsSensor [text] (done) | time=3544ms
INFO: ------------- Run sensors on project
INFO: Sensor Zero Coverage Sensor
INFO: Sensor Zero Coverage Sensor (done) | time=107ms
INFO: Sensor Java CPD Block Indexer
INFO: Sensor Java CPD Block Indexer (done) | time=293ms
INFO: SCM Publisher SCM provider for this project is: git
INFO: SCM Publisher 100 source files to be analyzed
INFO: SCM Publisher 0/100 source files have been analyzed (done) | time=76ms
WARN: Missing blame information for the following files:
WARN:   * Snippet_7501187.java
WARN:   * Snippet_7834476.java
WARN:   * Snippet_7468700.java
WARN:   * Snippet_5950764.java
WARN:   * Snippet_7465309.java
WARN:   * Snippet_7787736.java
WARN:   * Snippet_8002487.java
WARN:   * Snippet_4648063.java
WARN:   * Snippet_7457519.java
WARN:   * Snippet_7097449.java
WARN:   * Snippet_7387764.java
WARN:   * Snippet_4938858.java
WARN:   * Snippet_8945301.java
WARN:   * Snippet_9136671.java
WARN:   * Snippet_5136002.java
WARN:   * Snippet_6945437.java
WARN:   * Snippet_5766093.java
WARN:   * Snippet_5722403.java
WARN:   * Snippet_4087381.java
WARN:   * Snippet_8510687.java
WARN:   * Snippet_4159107.java
WARN:   * Snippet_4368175.java
WARN:   * Snippet_9421769.java
WARN:   * Snippet_7077189.java
WARN:   * Snippet_7214444.java
WARN:   * Snippet_4004665.java
WARN:   * Snippet_5339121.java
WARN:   * Snippet_9018110.java
WARN:   * Snippet_7801178.java
WARN:   * Snippet_8026269.java
WARN:   * Snippet_6297548.java
WARN:   * Snippet_4686917.java
WARN:   * Snippet_3775458.java
WARN:   * Snippet_8209082.java
WARN:   * Snippet_9301710.java
WARN:   * Snippet_7117242.java
WARN:   * Snippet_7880496.java
WARN:   * Snippet_5855407.java
WARN:   * Snippet_4576061.java
WARN:   * Snippet_3908492.java
WARN:   * Snippet_5919914.java
WARN:   * Snippet_8913163.java
WARN:   * Snippet_8876926.java
WARN:   * Snippet_6311678.java
WARN:   * Snippet_7032580.java
WARN:   * Snippet_5774985.java
WARN:   * Snippet_6173419.java
WARN:   * Snippet_4666539.java
WARN:   * Snippet_3970015.java
WARN:   * Snippet_8295012.java
WARN:   * Snippet_7592205.java
WARN:   * Snippet_4595799.java
WARN:   * Snippet_5515872.java
WARN:   * Snippet_6032883.java
WARN:   * Snippet_7085407.java
WARN:   * Snippet_4126029.java
WARN:   * Snippet_3795599.java
WARN:   * Snippet_7728455.java
WARN:   * Snippet_7426271.java
WARN:   * Snippet_3701394.java
WARN:   * Snippet_4671511.java
WARN:   * Snippet_3812473.java
WARN:   * Snippet_9267168.java
WARN:   * Snippet_6261774.java
WARN:   * Snippet_3942114.java
WARN:   * Snippet_7762191.java
WARN:   * Snippet_7294422.java
WARN:   * Snippet_6850124.java
WARN:   * Snippet_6322415.java
WARN:   * Snippet_7758018.java
WARN:   * Snippet_8387546.java
WARN:   * Snippet_8212971.java
WARN:   * Snippet_7544867.java
WARN:   * Snippet_9490334.java
WARN:   * Snippet_6927449.java
WARN:   * Snippet_8224570.java
WARN:   * Snippet_5819659.java
WARN:   * Snippet_4468174.java
WARN:   * Snippet_6541523.java
WARN:   * Snippet_5596503.java
WARN:   * Snippet_4496686.java
WARN:   * Snippet_3964331.java
WARN:   * Snippet_9540354.java
WARN:   * Snippet_7204450.java
WARN:   * Snippet_8972337.java
WARN:   * Snippet_6529636.java
WARN:   * Snippet_4610445.java
WARN:   * Snippet_6982100.java
WARN:   * Snippet_4105521.java
WARN:   * Snippet_6921833.java
WARN:   * Snippet_4611132.java
WARN:   * Snippet_4815345.java
WARN:   * Snippet_5033471.java
WARN:   * Snippet_7350370.java
WARN:   * Snippet_8050224.java
WARN:   * Snippet_6617747.java
WARN:   * Snippet_4041399.java
WARN:   * Snippet_7257331.java
WARN:   * Snippet_4415593.java
WARN:   * Snippet_8201390.java
WARN: This may lead to missing/broken features in SonarQube
INFO: CPD Executor 35 files had no CPD blocks
INFO: CPD Executor Calculating CPD for 65 files
INFO: CPD Executor CPD calculation finished (done) | time=57ms
INFO: SCM revision ID '26261eff0fdfe0b82ee446873a05666cce5522df'
INFO: Analysis report generated in 232ms, dir size=704.8 kB
INFO: Analysis report compressed in 427ms, zip size=282.9 kB
INFO: Analysis report uploaded in 71ms
INFO: ANALYSIS SUCCESSFUL, you can find the results at: http://localhost:9000/dashboard?id=tcc-snippets-final-3
INFO: Note that you will be able to access the updated dashboard once the server has processed the submitted analysis report
INFO: More about the report processing at http://localhost:9000/api/ce/task?id=52a3d4fb-8f8e-4aee-9d63-52bceb8cc94d
INFO: Analysis total time: 36.673 s
INFO: ------------------------------------------------------------------------
INFO: EXECUTION SUCCESS
INFO: ------------------------------------------------------------------------
INFO: Total time: 40.327s
INFO: Final Memory: 18M/74M
INFO: ------------------------------------------------------------------------

================================================================================
[12/44] lote com 100 snippets
Arquivos:
Snippet_6917981.java
Snippet_6860363.java
Snippet_8890241.java
Snippet_8432331.java
Snippet_7563790.java
Snippet_6764592.java
Snippet_8937277.java
Snippet_7585761.java
Snippet_7274451.java
Snippet_7085469.java
Snippet_7746473.java
Snippet_7577346.java
Snippet_5062548.java
Snippet_8109341.java
Snippet_4192613.java
Snippet_4768247.java
Snippet_3764491.java
Snippet_5732518.java
Snippet_6989671.java
Snippet_4168378.java
Snippet_7139136.java
Snippet_4512609.java
Snippet_5996376.java
Snippet_6533221.java
Snippet_5580203.java
Snippet_4437678.java
Snippet_9521523.java
Snippet_9013810.java
Snippet_7619400.java
Snippet_5626154.java
Snippet_5279258.java
Snippet_4109372.java
Snippet_8935070.java
Snippet_5862710.java
Snippet_7628757.java
Snippet_9249537.java
Snippet_5573449.java
Snippet_4031529.java
Snippet_5374719.java
Snippet_4455712.java
Snippet_4705856.java
Snippet_6542357.java
Snippet_6812825.java
Snippet_4452794.java
Snippet_6247819.java
Snippet_7155743.java
Snippet_7930012.java
Snippet_9224077.java
Snippet_6633155.java
Snippet_8746908.java
Snippet_4151853.java
Snippet_5593588.java
Snippet_4266432.java
Snippet_7418065.java
Snippet_6938240.java
Snippet_6207209.java
Snippet_9442366.java
Snippet_8528735.java
Snippet_9022124.java
Snippet_4318037.java
Snippet_4690765.java
Snippet_4088995.java
Snippet_3858217.java
Snippet_5464567.java
Snippet_4858143.java
Snippet_5527964.java
Snippet_4380229.java
Snippet_9093197.java
Snippet_8907445.java
Snippet_5865964.java
Snippet_9453983.java
Snippet_9129936.java
Snippet_5609190.java
Snippet_8442950.java
Snippet_5548181.java
Snippet_7775896.java
Snippet_6790483.java
Snippet_7023035.java
Snippet_6179494.java
Snippet_4357598.java
Snippet_7785366.java
Snippet_8533750.java
Snippet_8443434.java
Snippet_3922349.java
Snippet_8653867.java
Snippet_4493302.java
Snippet_8837684.java
Snippet_9517356.java
Snippet_8334754.java
Snippet_7186027.java
Snippet_8350391.java
Snippet_5088158.java
Snippet_5866628.java
Snippet_6972046.java
Snippet_7554762.java
Snippet_4132083.java
Snippet_6893083.java
Snippet_4008191.java
Snippet_3937197.java
Snippet_6863627.java
INFO: Scanner configuration file: /home/oscar/sonar-scanner-5.0.1.3006-linux/conf/sonar-scanner.properties
INFO: Project root configuration file: /home/oscar/Área de trabalho/TCC-Artur-Jackson-e-Oscar-de-Brito--BaseMLCQ/sonar-trechos/generated-snippets-batch-run/sonar-project.properties
INFO: SonarScanner 5.0.1.3006
INFO: Java 17.0.7 Eclipse Adoptium (64-bit)
INFO: Linux 6.17.0-35-generic amd64
INFO: User cache: /home/oscar/.sonar/cache
INFO: Analyzing on SonarQube server 10.5.1.90531
INFO: Default locale: "pt_BR", source code encoding: "UTF-8"
INFO: Load global settings
INFO: Load global settings (done) | time=274ms
INFO: Server id: 147B411E-AZ1pIPMJY3k3y_epkpuj
INFO: User cache: /home/oscar/.sonar/cache
INFO: Loading required plugins
INFO: Load plugins index
INFO: Load plugins index (done) | time=137ms
INFO: Load/download plugins
INFO: Load/download plugins (done) | time=240ms
INFO: Process project properties
INFO: Process project properties (done) | time=14ms
INFO: Project key: tcc-snippets-final-3
INFO: Base dir: /home/oscar/Área de trabalho/TCC-Artur-Jackson-e-Oscar-de-Brito--BaseMLCQ/sonar-trechos/generated-snippets-batch-run
INFO: Working dir: /home/oscar/Área de trabalho/TCC-Artur-Jackson-e-Oscar-de-Brito--BaseMLCQ/sonar-trechos/generated-snippets-batch-run/.scannerwork
INFO: Load project settings for component key: 'tcc-snippets-final-3'
INFO: Load project settings for component key: 'tcc-snippets-final-3' (done) | time=81ms
INFO: Load quality profiles
INFO: Load quality profiles (done) | time=244ms
INFO: Load active rules
INFO: Load active rules (done) | time=11578ms
INFO: Load analysis cache
INFO: Load analysis cache (2.6 kB) | time=56ms
INFO: Preprocessing files...
INFO: 1 language detected in 101 preprocessed files
INFO: 0 files ignored because of scm ignore settings
INFO: Loading plugins for detected languages
INFO: Load/download plugins
INFO: Load/download plugins (done) | time=22ms
INFO: Inconsistent constructor declaration on bean with name 'org.sonarsource.scanner.api.internal.IsolatedClassloader@1a1d6a08-org.sonar.scanner.issue.IssueFilters': single autowire-marked constructor flagged as optional - this constructor is effectively required since there is no default constructor to fall back to: public org.sonar.scanner.issue.IssueFilters(org.sonar.api.batch.fs.internal.DefaultInputProject)
INFO: Load project repositories
INFO: Load project repositories (done) | time=45ms
INFO: Indexing files...
INFO: Project configuration:
INFO: 101 files indexed
INFO: Quality profile for java: TCC
INFO: ------------- Run sensors on module TCC Snippets Final 3
INFO: Load metrics repository
INFO: Load metrics repository (done) | time=267ms
INFO: Sensor JavaSensor [java]
INFO: No rules with 'symbolic-execution' tag were enabled, the Symbolic Execution Engine will not run during the analysis.
INFO: Server-side caching is enabled. The Java analyzer will not try to leverage data from a previous analysis.
INFO: Using ECJ batch to parse 100 Main java source files with batch size 156 KB.
INFO: Starting batch processing.
INFO: The Java analyzer cannot skip unchanged files in this context. A full analysis is performed for all files.
INFO: 100% analyzed
INFO: Batch processing: Done.
INFO: Did not optimize analysis for any files, performed a full analysis for all 100 files.
WARN: Dependencies/libraries were not provided for analysis of SOURCE files. The 'sonar.java.libraries' property is empty. Verify your configuration, as you might end up with less precise results.
WARN: Unresolved imports/types have been detected during analysis. Enable DEBUG mode to see them.
WARN: Use of preview features have been detected during analysis. Enable DEBUG mode to see them.
INFO: No "Test" source files to scan.
INFO: No "Generated" source files to scan.
INFO: Sensor JavaSensor [java] (done) | time=11051ms
INFO: Sensor SurefireSensor [java]
INFO: parsing [/home/oscar/Área de trabalho/TCC-Artur-Jackson-e-Oscar-de-Brito--BaseMLCQ/sonar-trechos/generated-snippets-batch-run/target/surefire-reports]
INFO: Sensor SurefireSensor [java] (done) | time=6ms
INFO: Sensor JaCoCo XML Report Importer [jacoco]
INFO: 'sonar.coverage.jacoco.xmlReportPaths' is not defined. Using default locations: target/site/jacoco/jacoco.xml,target/site/jacoco-it/jacoco.xml,build/reports/jacoco/test/jacocoTestReport.xml
INFO: No report imported, no coverage information will be imported by JaCoCo XML Report Importer
INFO: Sensor JaCoCo XML Report Importer [jacoco] (done) | time=3ms
INFO: Sensor IaC Docker Sensor [iac]
INFO: 0 source files to be analyzed
INFO: 0/0 source files have been analyzed
INFO: Sensor IaC Docker Sensor [iac] (done) | time=154ms
INFO: Sensor TextAndSecretsSensor [text]
INFO: Available processors: 2
INFO: Using 2 threads for analysis.
INFO: 100 source files to be analyzed
INFO: 100/100 source files have been analyzed
INFO: Sensor TextAndSecretsSensor [text] (done) | time=1722ms
INFO: ------------- Run sensors on project
INFO: Sensor Zero Coverage Sensor
INFO: Sensor Zero Coverage Sensor (done) | time=75ms
INFO: Sensor Java CPD Block Indexer
INFO: Sensor Java CPD Block Indexer (done) | time=483ms
INFO: SCM Publisher SCM provider for this project is: git
INFO: SCM Publisher 100 source files to be analyzed
INFO: SCM Publisher 0/100 source files have been analyzed (done) | time=145ms
WARN: Missing blame information for the following files:
WARN:   * Snippet_5732518.java
WARN:   * Snippet_6764592.java
WARN:   * Snippet_3937197.java
WARN:   * Snippet_4690765.java
WARN:   * Snippet_5996376.java
WARN:   * Snippet_6972046.java
WARN:   * Snippet_5088158.java
WARN:   * Snippet_7554762.java
WARN:   * Snippet_5862710.java
WARN:   * Snippet_4357598.java
WARN:   * Snippet_5580203.java
WARN:   * Snippet_8443434.java
WARN:   * Snippet_7775896.java
WARN:   * Snippet_4132083.java
WARN:   * Snippet_6207209.java
WARN:   * Snippet_9249537.java
WARN:   * Snippet_3764491.java
WARN:   * Snippet_8935070.java
WARN:   * Snippet_9521523.java
WARN:   * Snippet_9442366.java
WARN:   * Snippet_6863627.java
WARN:   * Snippet_4858143.java
WARN:   * Snippet_4151853.java
WARN:   * Snippet_4168378.java
WARN:   * Snippet_5626154.java
WARN:   * Snippet_8350391.java
WARN:   * Snippet_4088995.java
WARN:   * Snippet_5464567.java
WARN:   * Snippet_7023035.java
WARN:   * Snippet_6860363.java
WARN:   * Snippet_6893083.java
WARN:   * Snippet_5527964.java
WARN:   * Snippet_9224077.java
WARN:   * Snippet_6179494.java
WARN:   * Snippet_6542357.java
WARN:   * Snippet_8334754.java
WARN:   * Snippet_7746473.java
WARN:   * Snippet_8528735.java
WARN:   * Snippet_7930012.java
WARN:   * Snippet_6247819.java
WARN:   * Snippet_8937277.java
WARN:   * Snippet_4380229.java
WARN:   * Snippet_9517356.java
WARN:   * Snippet_4455712.java
WARN:   * Snippet_7418065.java
WARN:   * Snippet_5865964.java
WARN:   * Snippet_7577346.java
WARN:   * Snippet_7619400.java
WARN:   * Snippet_4493302.java
WARN:   * Snippet_3922349.java
WARN:   * Snippet_5593588.java
WARN:   * Snippet_4318037.java
WARN:   * Snippet_4437678.java
WARN:   * Snippet_4512609.java
WARN:   * Snippet_7628757.java
WARN:   * Snippet_6989671.java
WARN:   * Snippet_9022124.java
WARN:   * Snippet_4768247.java
WARN:   * Snippet_5062548.java
WARN:   * Snippet_4452794.java
WARN:   * Snippet_4109372.java
WARN:   * Snippet_7155743.java
WARN:   * Snippet_6917981.java
WARN:   * Snippet_7563790.java
WARN:   * Snippet_8837684.java
WARN:   * Snippet_9093197.java
WARN:   * Snippet_4705856.java
WARN:   * Snippet_5866628.java
WARN:   * Snippet_8653867.java
WARN:   * Snippet_7085469.java
WARN:   * Snippet_9453983.java
WARN:   * Snippet_6812825.java
WARN:   * Snippet_9013810.java
WARN:   * Snippet_6633155.java
WARN:   * Snippet_7139136.java
WARN:   * Snippet_5374719.java
WARN:   * Snippet_8907445.java
WARN:   * Snippet_9129936.java
WARN:   * Snippet_8432331.java
WARN:   * Snippet_3858217.java
WARN:   * Snippet_4008191.java
WARN:   * Snippet_8109341.java
WARN:   * Snippet_6533221.java
WARN:   * Snippet_7186027.java
WARN:   * Snippet_6790483.java
WARN:   * Snippet_8533750.java
WARN:   * Snippet_7274451.java
WARN:   * Snippet_8890241.java
WARN:   * Snippet_7585761.java
WARN:   * Snippet_5279258.java
WARN:   * Snippet_8442950.java
WARN:   * Snippet_5609190.java
WARN:   * Snippet_5573449.java
WARN:   * Snippet_5548181.java
WARN:   * Snippet_4192613.java
WARN:   * Snippet_4031529.java
WARN:   * Snippet_8746908.java
WARN:   * Snippet_4266432.java
WARN:   * Snippet_7785366.java
WARN:   * Snippet_6938240.java
WARN: This may lead to missing/broken features in SonarQube
INFO: CPD Executor 49 files had no CPD blocks
INFO: CPD Executor Calculating CPD for 51 files
INFO: CPD Executor CPD calculation finished (done) | time=82ms
INFO: SCM revision ID '26261eff0fdfe0b82ee446873a05666cce5522df'
INFO: Analysis report generated in 215ms, dir size=661.0 kB
INFO: Analysis report compressed in 546ms, zip size=275.6 kB
INFO: Analysis report uploaded in 105ms
INFO: ANALYSIS SUCCESSFUL, you can find the results at: http://localhost:9000/dashboard?id=tcc-snippets-final-3
INFO: Note that you will be able to access the updated dashboard once the server has processed the submitted analysis report
INFO: More about the report processing at http://localhost:9000/api/ce/task?id=f8e8e786-e294-44c2-a205-363c32becd00
INFO: Analysis total time: 33.081 s
INFO: ------------------------------------------------------------------------
INFO: EXECUTION SUCCESS
INFO: ------------------------------------------------------------------------
INFO: Total time: 37.021s
INFO: Final Memory: 18M/74M
INFO: ------------------------------------------------------------------------

================================================================================
[13/44] lote com 100 snippets
Arquivos:
Snippet_7612278.java
Snippet_4720056.java
Snippet_9331054.java
Snippet_6012953.java
Snippet_3920271.java
Snippet_7602224.java
Snippet_8895014.java
Snippet_7763232.java
Snippet_4571455.java
Snippet_5601781.java
Snippet_6515344.java
Snippet_4059172.java
Snippet_4302405.java
Snippet_6999436.java
Snippet_9144201.java
Snippet_6161020.java
Snippet_8871773.java
Snippet_3909025.java
Snippet_6234592.java
Snippet_5190876.java
Snippet_4130065.java
Snippet_7410927.java
Snippet_7787254.java
Snippet_8952306.java
Snippet_4498016.java
Snippet_7185831.java
Snippet_5437592.java
Snippet_6431696.java
Snippet_7739565.java
Snippet_7394017.java
Snippet_4439983.java
Snippet_8102140.java
Snippet_5223561.java
Snippet_4465426.java
Snippet_3879070.java
Snippet_6825782.java
Snippet_9225640.java
Snippet_7558115.java
Snippet_7726338.java
Snippet_6060996.java
Snippet_7881040.java
Snippet_7113719.java
Snippet_5427653.java
Snippet_7056354.java
Snippet_7906258.java
Snippet_5025893.java
Snippet_8661442.java
Snippet_7075575.java
Snippet_9018312.java
Snippet_5302732.java
Snippet_7385876.java
Snippet_6296681.java
Snippet_3879965.java
Snippet_7577692.java
Snippet_5565017.java
Snippet_5193259.java
Snippet_7131047.java
Snippet_9295458.java
Snippet_8192759.java
Snippet_9390001.java
Snippet_6920891.java
Snippet_8522716.java
Snippet_9224432.java
Snippet_4324794.java
Snippet_8909910.java
Snippet_3817294.java
Snippet_7586207.java
Snippet_7129383.java
Snippet_8904717.java
Snippet_8271243.java
Snippet_8601987.java
Snippet_8457702.java
Snippet_9342531.java
Snippet_8666215.java
Snippet_8928769.java
Snippet_7124150.java
Snippet_4688226.java
Snippet_4887547.java
Snippet_3901039.java
Snippet_7276572.java
Snippet_3717506.java
Snippet_3843851.java
Snippet_7633041.java
Snippet_7736145.java
Snippet_5525645.java
Snippet_5682673.java
Snippet_5855387.java
Snippet_3922485.java
Snippet_6481321.java
Snippet_3897308.java
Snippet_6511935.java
Snippet_6025409.java
Snippet_4258053.java
Snippet_5117164.java
Snippet_4757534.java
Snippet_4612119.java
Snippet_7358328.java
Snippet_7434990.java
Snippet_9097958.java
Snippet_4302392.java
INFO: Scanner configuration file: /home/oscar/sonar-scanner-5.0.1.3006-linux/conf/sonar-scanner.properties
INFO: Project root configuration file: /home/oscar/Área de trabalho/TCC-Artur-Jackson-e-Oscar-de-Brito--BaseMLCQ/sonar-trechos/generated-snippets-batch-run/sonar-project.properties
INFO: SonarScanner 5.0.1.3006
INFO: Java 17.0.7 Eclipse Adoptium (64-bit)
INFO: Linux 6.17.0-35-generic amd64
INFO: User cache: /home/oscar/.sonar/cache
INFO: Analyzing on SonarQube server 10.5.1.90531
INFO: Default locale: "pt_BR", source code encoding: "UTF-8"
INFO: Load global settings
INFO: Load global settings (done) | time=280ms
INFO: Server id: 147B411E-AZ1pIPMJY3k3y_epkpuj
INFO: User cache: /home/oscar/.sonar/cache
INFO: Loading required plugins
INFO: Load plugins index
INFO: Load plugins index (done) | time=74ms
INFO: Load/download plugins
INFO: Load/download plugins (done) | time=154ms
INFO: Process project properties
INFO: Process project properties (done) | time=38ms
INFO: Project key: tcc-snippets-final-3
INFO: Base dir: /home/oscar/Área de trabalho/TCC-Artur-Jackson-e-Oscar-de-Brito--BaseMLCQ/sonar-trechos/generated-snippets-batch-run
INFO: Working dir: /home/oscar/Área de trabalho/TCC-Artur-Jackson-e-Oscar-de-Brito--BaseMLCQ/sonar-trechos/generated-snippets-batch-run/.scannerwork
INFO: Load project settings for component key: 'tcc-snippets-final-3'
INFO: Load project settings for component key: 'tcc-snippets-final-3' (done) | time=19ms
INFO: Load quality profiles
INFO: Load quality profiles (done) | time=262ms
INFO: Load active rules
INFO: Load active rules (done) | time=10304ms
INFO: Load analysis cache
INFO: Load analysis cache (2.6 kB) | time=43ms
INFO: Preprocessing files...
INFO: 1 language detected in 101 preprocessed files
INFO: 0 files ignored because of scm ignore settings
INFO: Loading plugins for detected languages
INFO: Load/download plugins
INFO: Load/download plugins (done) | time=10ms
INFO: Inconsistent constructor declaration on bean with name 'org.sonarsource.scanner.api.internal.IsolatedClassloader@1a1d6a08-org.sonar.scanner.issue.IssueFilters': single autowire-marked constructor flagged as optional - this constructor is effectively required since there is no default constructor to fall back to: public org.sonar.scanner.issue.IssueFilters(org.sonar.api.batch.fs.internal.DefaultInputProject)
INFO: Load project repositories
INFO: Load project repositories (done) | time=109ms
INFO: Indexing files...
INFO: Project configuration:
INFO: 101 files indexed
INFO: Quality profile for java: TCC
INFO: ------------- Run sensors on module TCC Snippets Final 3
INFO: Load metrics repository
INFO: Load metrics repository (done) | time=62ms
INFO: Sensor JavaSensor [java]
INFO: No rules with 'symbolic-execution' tag were enabled, the Symbolic Execution Engine will not run during the analysis.
INFO: Server-side caching is enabled. The Java analyzer will not try to leverage data from a previous analysis.
INFO: Using ECJ batch to parse 100 Main java source files with batch size 156 KB.
INFO: Starting batch processing.
INFO: The Java analyzer cannot skip unchanged files in this context. A full analysis is performed for all files.
INFO: 86% analyzed
INFO: 100% analyzed
INFO: Batch processing: Done.
INFO: Did not optimize analysis for any files, performed a full analysis for all 100 files.
WARN: Dependencies/libraries were not provided for analysis of SOURCE files. The 'sonar.java.libraries' property is empty. Verify your configuration, as you might end up with less precise results.
WARN: Unresolved imports/types have been detected during analysis. Enable DEBUG mode to see them.
WARN: Use of preview features have been detected during analysis. Enable DEBUG mode to see them.
INFO: No "Test" source files to scan.
INFO: No "Generated" source files to scan.
INFO: Sensor JavaSensor [java] (done) | time=12241ms
INFO: Sensor SurefireSensor [java]
INFO: parsing [/home/oscar/Área de trabalho/TCC-Artur-Jackson-e-Oscar-de-Brito--BaseMLCQ/sonar-trechos/generated-snippets-batch-run/target/surefire-reports]
INFO: Sensor SurefireSensor [java] (done) | time=3ms
INFO: Sensor JaCoCo XML Report Importer [jacoco]
INFO: 'sonar.coverage.jacoco.xmlReportPaths' is not defined. Using default locations: target/site/jacoco/jacoco.xml,target/site/jacoco-it/jacoco.xml,build/reports/jacoco/test/jacocoTestReport.xml
INFO: No report imported, no coverage information will be imported by JaCoCo XML Report Importer
INFO: Sensor JaCoCo XML Report Importer [jacoco] (done) | time=2ms
INFO: Sensor IaC Docker Sensor [iac]
INFO: 0 source files to be analyzed
INFO: 0/0 source files have been analyzed
INFO: Sensor IaC Docker Sensor [iac] (done) | time=200ms
INFO: Sensor TextAndSecretsSensor [text]
INFO: Available processors: 2
INFO: Using 2 threads for analysis.
INFO: 100 source files to be analyzed
INFO: 100/100 source files have been analyzed
INFO: Sensor TextAndSecretsSensor [text] (done) | time=2340ms
INFO: ------------- Run sensors on project
INFO: Sensor Zero Coverage Sensor
INFO: Sensor Zero Coverage Sensor (done) | time=55ms
INFO: Sensor Java CPD Block Indexer
INFO: Sensor Java CPD Block Indexer (done) | time=273ms
INFO: SCM Publisher SCM provider for this project is: git
INFO: SCM Publisher 100 source files to be analyzed
INFO: SCM Publisher 0/100 source files have been analyzed (done) | time=174ms
WARN: Missing blame information for the following files:
WARN:   * Snippet_7787254.java
WARN:   * Snippet_3879965.java
WARN:   * Snippet_7577692.java
WARN:   * Snippet_4258053.java
WARN:   * Snippet_8928769.java
WARN:   * Snippet_7558115.java
WARN:   * Snippet_5117164.java
WARN:   * Snippet_4465426.java
WARN:   * Snippet_5223561.java
WARN:   * Snippet_7124150.java
WARN:   * Snippet_7906258.java
WARN:   * Snippet_5601781.java
WARN:   * Snippet_8871773.java
WARN:   * Snippet_7633041.java
WARN:   * Snippet_9295458.java
WARN:   * Snippet_6515344.java
WARN:   * Snippet_7410927.java
WARN:   * Snippet_6825782.java
WARN:   * Snippet_8271243.java
WARN:   * Snippet_7185831.java
WARN:   * Snippet_5427653.java
WARN:   * Snippet_4571455.java
WARN:   * Snippet_9390001.java
WARN:   * Snippet_8457702.java
WARN:   * Snippet_3843851.java
WARN:   * Snippet_5525645.java
WARN:   * Snippet_7612278.java
WARN:   * Snippet_4439983.java
WARN:   * Snippet_8952306.java
WARN:   * Snippet_9097958.java
WARN:   * Snippet_7075575.java
WARN:   * Snippet_5302732.java
WARN:   * Snippet_3922485.java
WARN:   * Snippet_4757534.java
WARN:   * Snippet_8904717.java
WARN:   * Snippet_4302405.java
WARN:   * Snippet_4302392.java
WARN:   * Snippet_8192759.java
WARN:   * Snippet_4324794.java
WARN:   * Snippet_6431696.java
WARN:   * Snippet_8102140.java
WARN:   * Snippet_9331054.java
WARN:   * Snippet_4720056.java
WARN:   * Snippet_4887547.java
WARN:   * Snippet_9342531.java
WARN:   * Snippet_9018312.java
WARN:   * Snippet_4059172.java
WARN:   * Snippet_7586207.java
WARN:   * Snippet_8895014.java
WARN:   * Snippet_3717506.java
WARN:   * Snippet_6920891.java
WARN:   * Snippet_9225640.java
WARN:   * Snippet_6511935.java
WARN:   * Snippet_8661442.java
WARN:   * Snippet_6481321.java
WARN:   * Snippet_7881040.java
WARN:   * Snippet_7385876.java
WARN:   * Snippet_7129383.java
WARN:   * Snippet_5437592.java
WARN:   * Snippet_5025893.java
WARN:   * Snippet_4688226.java
WARN:   * Snippet_7394017.java
WARN:   * Snippet_8522716.java
WARN:   * Snippet_6161020.java
WARN:   * Snippet_7131047.java
WARN:   * Snippet_6296681.java
WARN:   * Snippet_6025409.java
WARN:   * Snippet_3909025.java
WARN:   * Snippet_7602224.java
WARN:   * Snippet_7056354.java
WARN:   * Snippet_6060996.java
WARN:   * Snippet_8601987.java
WARN:   * Snippet_7739565.java
WARN:   * Snippet_4612119.java
WARN:   * Snippet_7434990.java
WARN:   * Snippet_4130065.java
WARN:   * Snippet_3817294.java
WARN:   * Snippet_9224432.java
WARN:   * Snippet_6234592.java
WARN:   * Snippet_7763232.java
WARN:   * Snippet_5682673.java
WARN:   * Snippet_6012953.java
WARN:   * Snippet_7736145.java
WARN:   * Snippet_7358328.java
WARN:   * Snippet_5190876.java
WARN:   * Snippet_3897308.java
WARN:   * Snippet_5565017.java
WARN:   * Snippet_3879070.java
WARN:   * Snippet_4498016.java
WARN:   * Snippet_7113719.java
WARN:   * Snippet_8666215.java
WARN:   * Snippet_9144201.java
WARN:   * Snippet_5193259.java
WARN:   * Snippet_3920271.java
WARN:   * Snippet_5855387.java
WARN:   * Snippet_6999436.java
WARN:   * Snippet_8909910.java
WARN:   * Snippet_7726338.java
WARN:   * Snippet_3901039.java
WARN:   * Snippet_7276572.java
WARN: This may lead to missing/broken features in SonarQube
INFO: CPD Executor 49 files had no CPD blocks
INFO: CPD Executor Calculating CPD for 51 files
INFO: CPD Executor CPD calculation finished (done) | time=49ms
INFO: SCM revision ID '26261eff0fdfe0b82ee446873a05666cce5522df'
INFO: Analysis report generated in 289ms, dir size=468.1 kB
INFO: Analysis report compressed in 495ms, zip size=224.5 kB
INFO: Analysis report uploaded in 113ms
INFO: ANALYSIS SUCCESSFUL, you can find the results at: http://localhost:9000/dashboard?id=tcc-snippets-final-3
INFO: Note that you will be able to access the updated dashboard once the server has processed the submitted analysis report
INFO: More about the report processing at http://localhost:9000/api/ce/task?id=e052d4f0-625b-4c0b-92ff-357261670824
INFO: Analysis total time: 32.302 s
INFO: ------------------------------------------------------------------------
INFO: EXECUTION SUCCESS
INFO: ------------------------------------------------------------------------
INFO: Total time: 37.303s
INFO: Final Memory: 18M/80M
INFO: ------------------------------------------------------------------------

================================================================================
[14/44] lote com 100 snippets
Arquivos:
Snippet_8618083.java
Snippet_7502933.java
Snippet_4972127.java
Snippet_8328444.java
Snippet_7355862.java
Snippet_5575320.java
Snippet_4045943.java
Snippet_5423009.java
Snippet_3924473.java
Snippet_5950858.java
Snippet_4112198.java
Snippet_6462487.java
Snippet_9012151.java
Snippet_3735879.java
Snippet_8660235.java
Snippet_5005330.java
Snippet_7228058.java
Snippet_6521680.java
Snippet_7613058.java
Snippet_8526493.java
Snippet_4627580.java
Snippet_5066014.java
Snippet_6972360.java
Snippet_6250253.java
Snippet_8537914.java
Snippet_8658418.java
Snippet_4832018.java
Snippet_6299837.java
Snippet_6772326.java
Snippet_8231238.java
Snippet_6515617.java
Snippet_6329944.java
Snippet_4747524.java
Snippet_7195480.java
Snippet_5816832.java
Snippet_5957064.java
Snippet_4051558.java
Snippet_3868603.java
Snippet_8877416.java
Snippet_5339993.java
Snippet_8261354.java
Snippet_4628752.java
Snippet_5882133.java
Snippet_7495599.java
Snippet_7630180.java
Snippet_3789205.java
Snippet_8739715.java
Snippet_9205375.java
Snippet_8067020.java
Snippet_5028034.java
Snippet_5580164.java
Snippet_8312832.java
Snippet_6844792.java
Snippet_6757343.java
Snippet_4093032.java
Snippet_8260696.java
Snippet_4090808.java
Snippet_5832184.java
Snippet_4850810.java
Snippet_5384197.java
Snippet_7619076.java
Snippet_4290693.java
Snippet_4457799.java
Snippet_8432596.java
Snippet_9519320.java
Snippet_6679515.java
Snippet_4264057.java
Snippet_5138043.java
Snippet_6793253.java
Snippet_7201007.java
Snippet_5871338.java
Snippet_4154409.java
Snippet_7929479.java
Snippet_5841731.java
Snippet_8001101.java
Snippet_6518475.java
Snippet_8065474.java
Snippet_6436372.java
Snippet_6364375.java
Snippet_7560859.java
Snippet_6514803.java
Snippet_4217515.java
Snippet_6288529.java
Snippet_3814167.java
Snippet_8541418.java
Snippet_4417149.java
Snippet_5536525.java
Snippet_7138422.java
Snippet_6773071.java
Snippet_8148121.java
Snippet_3927368.java
Snippet_5491608.java
Snippet_4874140.java
Snippet_4932887.java
Snippet_7298628.java
Snippet_5865465.java
Snippet_8497585.java
Snippet_4501314.java
Snippet_7268617.java
Snippet_6834699.java
INFO: Scanner configuration file: /home/oscar/sonar-scanner-5.0.1.3006-linux/conf/sonar-scanner.properties
INFO: Project root configuration file: /home/oscar/Área de trabalho/TCC-Artur-Jackson-e-Oscar-de-Brito--BaseMLCQ/sonar-trechos/generated-snippets-batch-run/sonar-project.properties
INFO: SonarScanner 5.0.1.3006
INFO: Java 17.0.7 Eclipse Adoptium (64-bit)
INFO: Linux 6.17.0-35-generic amd64
INFO: User cache: /home/oscar/.sonar/cache
INFO: Analyzing on SonarQube server 10.5.1.90531
INFO: Default locale: "pt_BR", source code encoding: "UTF-8"
INFO: Load global settings
INFO: Load global settings (done) | time=118ms
INFO: Server id: 147B411E-AZ1pIPMJY3k3y_epkpuj
INFO: User cache: /home/oscar/.sonar/cache
INFO: Loading required plugins
INFO: Load plugins index
INFO: Load plugins index (done) | time=100ms
INFO: Load/download plugins
INFO: Load/download plugins (done) | time=347ms
INFO: Process project properties
INFO: Process project properties (done) | time=20ms
INFO: Project key: tcc-snippets-final-3
INFO: Base dir: /home/oscar/Área de trabalho/TCC-Artur-Jackson-e-Oscar-de-Brito--BaseMLCQ/sonar-trechos/generated-snippets-batch-run
INFO: Working dir: /home/oscar/Área de trabalho/TCC-Artur-Jackson-e-Oscar-de-Brito--BaseMLCQ/sonar-trechos/generated-snippets-batch-run/.scannerwork
INFO: Load project settings for component key: 'tcc-snippets-final-3'
INFO: Load project settings for component key: 'tcc-snippets-final-3' (done) | time=131ms
INFO: Load quality profiles
INFO: Load quality profiles (done) | time=154ms
INFO: Load active rules
INFO: Load active rules (done) | time=8862ms
INFO: Load analysis cache
INFO: Load analysis cache (2.6 kB) | time=52ms
INFO: Preprocessing files...
INFO: 1 language detected in 101 preprocessed files
INFO: 0 files ignored because of scm ignore settings
INFO: Loading plugins for detected languages
INFO: Load/download plugins
INFO: Load/download plugins (done) | time=10ms
INFO: Inconsistent constructor declaration on bean with name 'org.sonarsource.scanner.api.internal.IsolatedClassloader@1a1d6a08-org.sonar.scanner.issue.IssueFilters': single autowire-marked constructor flagged as optional - this constructor is effectively required since there is no default constructor to fall back to: public org.sonar.scanner.issue.IssueFilters(org.sonar.api.batch.fs.internal.DefaultInputProject)
INFO: Load project repositories
INFO: Load project repositories (done) | time=46ms
INFO: Indexing files...
INFO: Project configuration:
INFO: 101 files indexed
INFO: Quality profile for java: TCC
INFO: ------------- Run sensors on module TCC Snippets Final 3
INFO: Load metrics repository
INFO: Load metrics repository (done) | time=109ms
INFO: Sensor JavaSensor [java]
INFO: No rules with 'symbolic-execution' tag were enabled, the Symbolic Execution Engine will not run during the analysis.
INFO: Server-side caching is enabled. The Java analyzer will not try to leverage data from a previous analysis.
INFO: Using ECJ batch to parse 100 Main java source files with batch size 156 KB.
INFO: Starting batch processing.
INFO: The Java analyzer cannot skip unchanged files in this context. A full analysis is performed for all files.
INFO: 100% analyzed
INFO: Batch processing: Done.
INFO: Did not optimize analysis for any files, performed a full analysis for all 100 files.
WARN: Dependencies/libraries were not provided for analysis of SOURCE files. The 'sonar.java.libraries' property is empty. Verify your configuration, as you might end up with less precise results.
WARN: Unresolved imports/types have been detected during analysis. Enable DEBUG mode to see them.
WARN: Use of preview features have been detected during analysis. Enable DEBUG mode to see them.
INFO: No "Test" source files to scan.
INFO: No "Generated" source files to scan.
INFO: Sensor JavaSensor [java] (done) | time=13732ms
INFO: Sensor SurefireSensor [java]
INFO: parsing [/home/oscar/Área de trabalho/TCC-Artur-Jackson-e-Oscar-de-Brito--BaseMLCQ/sonar-trechos/generated-snippets-batch-run/target/surefire-reports]
INFO: Sensor SurefireSensor [java] (done) | time=2ms
INFO: Sensor JaCoCo XML Report Importer [jacoco]
INFO: 'sonar.coverage.jacoco.xmlReportPaths' is not defined. Using default locations: target/site/jacoco/jacoco.xml,target/site/jacoco-it/jacoco.xml,build/reports/jacoco/test/jacocoTestReport.xml
INFO: No report imported, no coverage information will be imported by JaCoCo XML Report Importer
INFO: Sensor JaCoCo XML Report Importer [jacoco] (done) | time=2ms
INFO: Sensor IaC Docker Sensor [iac]
INFO: 0 source files to be analyzed
INFO: 0/0 source files have been analyzed
INFO: Sensor IaC Docker Sensor [iac] (done) | time=347ms
INFO: Sensor TextAndSecretsSensor [text]
INFO: Available processors: 2
INFO: Using 2 threads for analysis.
INFO: 100 source files to be analyzed
INFO: 100/100 source files have been analyzed
INFO: Sensor TextAndSecretsSensor [text] (done) | time=4809ms
INFO: ------------- Run sensors on project
INFO: Sensor Zero Coverage Sensor
INFO: Sensor Zero Coverage Sensor (done) | time=166ms
INFO: Sensor Java CPD Block Indexer
INFO: Sensor Java CPD Block Indexer (done) | time=391ms
INFO: SCM Publisher SCM provider for this project is: git
INFO: SCM Publisher 100 source files to be analyzed
INFO: SCM Publisher 0/100 source files have been analyzed (done) | time=101ms
WARN: Missing blame information for the following files:
WARN:   * Snippet_4850810.java
WARN:   * Snippet_3927368.java
WARN:   * Snippet_9012151.java
WARN:   * Snippet_5339993.java
WARN:   * Snippet_7355862.java
WARN:   * Snippet_7268617.java
WARN:   * Snippet_4628752.java
WARN:   * Snippet_8001101.java
WARN:   * Snippet_7560859.java
WARN:   * Snippet_3789205.java
WARN:   * Snippet_8148121.java
WARN:   * Snippet_8877416.java
WARN:   * Snippet_4154409.java
WARN:   * Snippet_5384197.java
WARN:   * Snippet_5005330.java
WARN:   * Snippet_6518475.java
WARN:   * Snippet_8312832.java
WARN:   * Snippet_7298628.java
WARN:   * Snippet_8660235.java
WARN:   * Snippet_6462487.java
WARN:   * Snippet_5423009.java
WARN:   * Snippet_5882133.java
WARN:   * Snippet_4832018.java
WARN:   * Snippet_7613058.java
WARN:   * Snippet_4417149.java
WARN:   * Snippet_5138043.java
WARN:   * Snippet_5871338.java
WARN:   * Snippet_8260696.java
WARN:   * Snippet_5841731.java
WARN:   * Snippet_6288529.java
WARN:   * Snippet_8067020.java
WARN:   * Snippet_7502933.java
WARN:   * Snippet_8658418.java
WARN:   * Snippet_4217515.java
WARN:   * Snippet_7495599.java
WARN:   * Snippet_6514803.java
WARN:   * Snippet_4457799.java
WARN:   * Snippet_5028034.java
WARN:   * Snippet_5536525.java
WARN:   * Snippet_5957064.java
WARN:   * Snippet_8537914.java
WARN:   * Snippet_4290693.java
WARN:   * Snippet_8497585.java
WARN:   * Snippet_5575320.java
WARN:   * Snippet_3735879.java
WARN:   * Snippet_8618083.java
WARN:   * Snippet_7228058.java
WARN:   * Snippet_6329944.java
WARN:   * Snippet_7619076.java
WARN:   * Snippet_9519320.java
WARN:   * Snippet_3868603.java
WARN:   * Snippet_9205375.java
WARN:   * Snippet_6773071.java
WARN:   * Snippet_4264057.java
WARN:   * Snippet_6679515.java
WARN:   * Snippet_7195480.java
WARN:   * Snippet_7201007.java
WARN:   * Snippet_4932887.java
WARN:   * Snippet_7929479.java
WARN:   * Snippet_8328444.java
WARN:   * Snippet_4090808.java
WARN:   * Snippet_6364375.java
WARN:   * Snippet_6772326.java
WARN:   * Snippet_6515617.java
WARN:   * Snippet_4627580.java
WARN:   * Snippet_5865465.java
WARN:   * Snippet_6250253.java
WARN:   * Snippet_3924473.java
WARN:   * Snippet_5491608.java
WARN:   * Snippet_8541418.java
WARN:   * Snippet_4501314.java
WARN:   * Snippet_6521680.java
WARN:   * Snippet_7138422.java
WARN:   * Snippet_8432596.java
WARN:   * Snippet_6834699.java
WARN:   * Snippet_8261354.java
WARN:   * Snippet_4874140.java
WARN:   * Snippet_7630180.java
WARN:   * Snippet_8231238.java
WARN:   * Snippet_6972360.java
WARN:   * Snippet_6793253.java
WARN:   * Snippet_8526493.java
WARN:   * Snippet_5066014.java
WARN:   * Snippet_5950858.java
WARN:   * Snippet_4093032.java
WARN:   * Snippet_6844792.java
WARN:   * Snippet_6299837.java
WARN:   * Snippet_6436372.java
WARN:   * Snippet_5832184.java
WARN:   * Snippet_3814167.java
WARN:   * Snippet_4045943.java
WARN:   * Snippet_4972127.java
WARN:   * Snippet_5580164.java
WARN:   * Snippet_4112198.java
WARN:   * Snippet_5816832.java
WARN:   * Snippet_8739715.java
WARN:   * Snippet_6757343.java
WARN:   * Snippet_4747524.java
WARN:   * Snippet_8065474.java
WARN:   * Snippet_4051558.java
WARN: This may lead to missing/broken features in SonarQube
INFO: CPD Executor 50 files had no CPD blocks
INFO: CPD Executor Calculating CPD for 50 files
INFO: CPD Executor CPD calculation finished (done) | time=57ms
INFO: SCM revision ID '26261eff0fdfe0b82ee446873a05666cce5522df'
INFO: Analysis report generated in 234ms, dir size=645.1 kB
INFO: Analysis report compressed in 577ms, zip size=272.7 kB
INFO: Analysis report uploaded in 33ms
INFO: ANALYSIS SUCCESSFUL, you can find the results at: http://localhost:9000/dashboard?id=tcc-snippets-final-3
INFO: Note that you will be able to access the updated dashboard once the server has processed the submitted analysis report
INFO: More about the report processing at http://localhost:9000/api/ce/task?id=2ac12cdf-2db8-413d-af08-9a30424ef572
INFO: Analysis total time: 35.089 s
INFO: ------------------------------------------------------------------------
INFO: EXECUTION SUCCESS
INFO: ------------------------------------------------------------------------
INFO: Total time: 41.182s
INFO: Final Memory: 18M/74M
INFO: ------------------------------------------------------------------------

================================================================================
[15/44] lote com 100 snippets
Arquivos:
Snippet_7410586.java
Snippet_4550371.java
Snippet_7081925.java
Snippet_7811951.java
Snippet_7438576.java
Snippet_8879106.java
Snippet_8326667.java
Snippet_4176983.java
Snippet_6518021.java
Snippet_8346167.java
Snippet_8243636.java
Snippet_5843392.java
Snippet_7341794.java
Snippet_7540312.java
Snippet_7218982.java
Snippet_4386725.java
Snippet_8598065.java
Snippet_4189945.java
Snippet_7254154.java
Snippet_5640540.java
Snippet_8970191.java
Snippet_8573637.java
Snippet_6820808.java
Snippet_9394449.java
Snippet_6639942.java
Snippet_8536673.java
Snippet_5982466.java
Snippet_8923216.java
Snippet_5689800.java
Snippet_8102677.java
Snippet_4302593.java
Snippet_6893505.java
Snippet_6216254.java
Snippet_5004854.java
Snippet_8677594.java
Snippet_9506197.java
Snippet_4736526.java
Snippet_6073850.java
Snippet_8286887.java
Snippet_7760290.java
Snippet_4175236.java
Snippet_8455319.java
Snippet_6623499.java
Snippet_8095977.java
Snippet_7558669.java
Snippet_7659113.java
Snippet_6680697.java
Snippet_6276415.java
Snippet_7160140.java
Snippet_6048029.java
Snippet_5767556.java
Snippet_7272610.java
Snippet_7235982.java
Snippet_5562678.java
Snippet_6753599.java
Snippet_4220805.java
Snippet_4249533.java
Snippet_6621005.java
Snippet_5018622.java
Snippet_4124650.java
Snippet_4536889.java
Snippet_4372641.java
Snippet_6310643.java
Snippet_4617521.java
Snippet_4643718.java
Snippet_5520288.java
Snippet_6303431.java
Snippet_4967183.java
Snippet_7745170.java
Snippet_5457134.java
Snippet_6171226.java
Snippet_5743113.java
Snippet_8912820.java
Snippet_6487817.java
Snippet_5091177.java
Snippet_4667521.java
Snippet_7188797.java
Snippet_9127614.java
Snippet_7294182.java
Snippet_7047868.java
Snippet_5093717.java
Snippet_6519318.java
Snippet_8850497.java
Snippet_7164951.java
Snippet_6019048.java
Snippet_7792407.java
Snippet_4956199.java
Snippet_6717886.java
Snippet_4042780.java
Snippet_5870863.java
Snippet_8025468.java
Snippet_8972982.java
Snippet_5764315.java
Snippet_7351641.java
Snippet_6246389.java
Snippet_9481908.java
Snippet_7777749.java
Snippet_8163123.java
Snippet_7373962.java
Snippet_4906479.java
INFO: Scanner configuration file: /home/oscar/sonar-scanner-5.0.1.3006-linux/conf/sonar-scanner.properties
INFO: Project root configuration file: /home/oscar/Área de trabalho/TCC-Artur-Jackson-e-Oscar-de-Brito--BaseMLCQ/sonar-trechos/generated-snippets-batch-run/sonar-project.properties
INFO: SonarScanner 5.0.1.3006
INFO: Java 17.0.7 Eclipse Adoptium (64-bit)
INFO: Linux 6.17.0-35-generic amd64
INFO: User cache: /home/oscar/.sonar/cache
INFO: Analyzing on SonarQube server 10.5.1.90531
INFO: Default locale: "pt_BR", source code encoding: "UTF-8"
INFO: Load global settings
INFO: Load global settings (done) | time=214ms
INFO: Server id: 147B411E-AZ1pIPMJY3k3y_epkpuj
INFO: User cache: /home/oscar/.sonar/cache
INFO: Loading required plugins
INFO: Load plugins index
INFO: Load plugins index (done) | time=101ms
INFO: Load/download plugins
INFO: Load/download plugins (done) | time=122ms
INFO: Process project properties
INFO: Process project properties (done) | time=13ms
INFO: Project key: tcc-snippets-final-3
INFO: Base dir: /home/oscar/Área de trabalho/TCC-Artur-Jackson-e-Oscar-de-Brito--BaseMLCQ/sonar-trechos/generated-snippets-batch-run
INFO: Working dir: /home/oscar/Área de trabalho/TCC-Artur-Jackson-e-Oscar-de-Brito--BaseMLCQ/sonar-trechos/generated-snippets-batch-run/.scannerwork
INFO: Load project settings for component key: 'tcc-snippets-final-3'
INFO: Load project settings for component key: 'tcc-snippets-final-3' (done) | time=30ms
INFO: Load quality profiles
INFO: Load quality profiles (done) | time=131ms
INFO: Load active rules
INFO: Load active rules (done) | time=7726ms
INFO: Load analysis cache
INFO: Load analysis cache (2.6 kB) | time=40ms
INFO: Preprocessing files...
INFO: 1 language detected in 101 preprocessed files
INFO: 0 files ignored because of scm ignore settings
INFO: Loading plugins for detected languages
INFO: Load/download plugins
INFO: Load/download plugins (done) | time=15ms
INFO: Inconsistent constructor declaration on bean with name 'org.sonarsource.scanner.api.internal.IsolatedClassloader@1a1d6a08-org.sonar.scanner.issue.IssueFilters': single autowire-marked constructor flagged as optional - this constructor is effectively required since there is no default constructor to fall back to: public org.sonar.scanner.issue.IssueFilters(org.sonar.api.batch.fs.internal.DefaultInputProject)
INFO: Load project repositories
INFO: Load project repositories (done) | time=51ms
INFO: Indexing files...
INFO: Project configuration:
INFO: 101 files indexed
INFO: Quality profile for java: TCC
INFO: ------------- Run sensors on module TCC Snippets Final 3
INFO: Load metrics repository
INFO: Load metrics repository (done) | time=91ms
INFO: Sensor JavaSensor [java]
INFO: No rules with 'symbolic-execution' tag were enabled, the Symbolic Execution Engine will not run during the analysis.
INFO: Server-side caching is enabled. The Java analyzer will not try to leverage data from a previous analysis.
INFO: Using ECJ batch to parse 100 Main java source files with batch size 156 KB.
INFO: Starting batch processing.
INFO: The Java analyzer cannot skip unchanged files in this context. A full analysis is performed for all files.
INFO: 100% analyzed
INFO: Batch processing: Done.
INFO: Did not optimize analysis for any files, performed a full analysis for all 100 files.
WARN: Dependencies/libraries were not provided for analysis of SOURCE files. The 'sonar.java.libraries' property is empty. Verify your configuration, as you might end up with less precise results.
WARN: Unresolved imports/types have been detected during analysis. Enable DEBUG mode to see them.
WARN: Use of preview features have been detected during analysis. Enable DEBUG mode to see them.
INFO: No "Test" source files to scan.
INFO: No "Generated" source files to scan.
INFO: Sensor JavaSensor [java] (done) | time=7409ms
INFO: Sensor SurefireSensor [java]
INFO: parsing [/home/oscar/Área de trabalho/TCC-Artur-Jackson-e-Oscar-de-Brito--BaseMLCQ/sonar-trechos/generated-snippets-batch-run/target/surefire-reports]
INFO: Sensor SurefireSensor [java] (done) | time=2ms
INFO: Sensor JaCoCo XML Report Importer [jacoco]
INFO: 'sonar.coverage.jacoco.xmlReportPaths' is not defined. Using default locations: target/site/jacoco/jacoco.xml,target/site/jacoco-it/jacoco.xml,build/reports/jacoco/test/jacocoTestReport.xml
INFO: No report imported, no coverage information will be imported by JaCoCo XML Report Importer
INFO: Sensor JaCoCo XML Report Importer [jacoco] (done) | time=2ms
INFO: Sensor IaC Docker Sensor [iac]
INFO: 0 source files to be analyzed
INFO: 0/0 source files have been analyzed
INFO: Sensor IaC Docker Sensor [iac] (done) | time=110ms
INFO: Sensor TextAndSecretsSensor [text]
INFO: Available processors: 2
INFO: Using 2 threads for analysis.
INFO: 100 source files to be analyzed
INFO: 100/100 source files have been analyzed
INFO: Sensor TextAndSecretsSensor [text] (done) | time=1678ms
INFO: ------------- Run sensors on project
INFO: Sensor Zero Coverage Sensor
INFO: Sensor Zero Coverage Sensor (done) | time=58ms
INFO: Sensor Java CPD Block Indexer
INFO: Sensor Java CPD Block Indexer (done) | time=240ms
INFO: SCM Publisher SCM provider for this project is: git
INFO: SCM Publisher 100 source files to be analyzed
INFO: SCM Publisher 0/100 source files have been analyzed (done) | time=121ms
WARN: Missing blame information for the following files:
WARN:   * Snippet_7160140.java
WARN:   * Snippet_4643718.java
WARN:   * Snippet_8850497.java
WARN:   * Snippet_7272610.java
WARN:   * Snippet_8972982.java
WARN:   * Snippet_7760290.java
WARN:   * Snippet_8912820.java
WARN:   * Snippet_4124650.java
WARN:   * Snippet_6487817.java
WARN:   * Snippet_4372641.java
WARN:   * Snippet_5457134.java
WARN:   * Snippet_7792407.java
WARN:   * Snippet_6820808.java
WARN:   * Snippet_4967183.java
WARN:   * Snippet_4536889.java
WARN:   * Snippet_6621005.java
WARN:   * Snippet_6893505.java
WARN:   * Snippet_6048029.java
WARN:   * Snippet_7235982.java
WARN:   * Snippet_6303431.java
WARN:   * Snippet_7164951.java
WARN:   * Snippet_8163123.java
WARN:   * Snippet_6276415.java
WARN:   * Snippet_7218982.java
WARN:   * Snippet_5640540.java
WARN:   * Snippet_5764315.java
WARN:   * Snippet_7410586.java
WARN:   * Snippet_7811951.java
WARN:   * Snippet_7373962.java
WARN:   * Snippet_8598065.java
WARN:   * Snippet_4176983.java
WARN:   * Snippet_9481908.java
WARN:   * Snippet_8286887.java
WARN:   * Snippet_5870863.java
WARN:   * Snippet_4386725.java
WARN:   * Snippet_7558669.java
WARN:   * Snippet_8536673.java
WARN:   * Snippet_5843392.java
WARN:   * Snippet_8243636.java
WARN:   * Snippet_4550371.java
WARN:   * Snippet_7341794.java
WARN:   * Snippet_5743113.java
WARN:   * Snippet_8025468.java
WARN:   * Snippet_6623499.java
WARN:   * Snippet_5091177.java
WARN:   * Snippet_7438576.java
WARN:   * Snippet_7540312.java
WARN:   * Snippet_7351641.java
WARN:   * Snippet_6216254.java
WARN:   * Snippet_4956199.java
WARN:   * Snippet_8102677.java
WARN:   * Snippet_7294182.java
WARN:   * Snippet_8326667.java
WARN:   * Snippet_5018622.java
WARN:   * Snippet_6246389.java
WARN:   * Snippet_4617521.java
WARN:   * Snippet_6310643.java
WARN:   * Snippet_4175236.java
WARN:   * Snippet_4302593.java
WARN:   * Snippet_9506197.java
WARN:   * Snippet_7047868.java
WARN:   * Snippet_4667521.java
WARN:   * Snippet_4220805.java
WARN:   * Snippet_6717886.java
WARN:   * Snippet_6519318.java
WARN:   * Snippet_6171226.java
WARN:   * Snippet_5004854.java
WARN:   * Snippet_7188797.java
WARN:   * Snippet_6639942.java
WARN:   * Snippet_6019048.java
WARN:   * Snippet_8455319.java
WARN:   * Snippet_7745170.java
WARN:   * Snippet_5767556.java
WARN:   * Snippet_4189945.java
WARN:   * Snippet_8346167.java
WARN:   * Snippet_9127614.java
WARN:   * Snippet_4042780.java
WARN:   * Snippet_5093717.java
WARN:   * Snippet_4736526.java
WARN:   * Snippet_5689800.java
WARN:   * Snippet_7777749.java
WARN:   * Snippet_5982466.java
WARN:   * Snippet_8923216.java
WARN:   * Snippet_4249533.java
WARN:   * Snippet_6753599.java
WARN:   * Snippet_9394449.java
WARN:   * Snippet_6073850.java
WARN:   * Snippet_6518021.java
WARN:   * Snippet_8677594.java
WARN:   * Snippet_5562678.java
WARN:   * Snippet_8095977.java
WARN:   * Snippet_8970191.java
WARN:   * Snippet_8573637.java
WARN:   * Snippet_4906479.java
WARN:   * Snippet_7081925.java
WARN:   * Snippet_7659113.java
WARN:   * Snippet_5520288.java
WARN:   * Snippet_7254154.java
WARN:   * Snippet_8879106.java
WARN:   * Snippet_6680697.java
WARN: This may lead to missing/broken features in SonarQube
INFO: CPD Executor 47 files had no CPD blocks
INFO: CPD Executor Calculating CPD for 53 files
INFO: CPD Executor CPD calculation finished (done) | time=41ms
INFO: SCM revision ID '26261eff0fdfe0b82ee446873a05666cce5522df'
INFO: Analysis report generated in 191ms, dir size=712.1 kB
INFO: Analysis report compressed in 427ms, zip size=292.9 kB
INFO: Analysis report uploaded in 74ms
INFO: ANALYSIS SUCCESSFUL, you can find the results at: http://localhost:9000/dashboard?id=tcc-snippets-final-3
INFO: Note that you will be able to access the updated dashboard once the server has processed the submitted analysis report
INFO: More about the report processing at http://localhost:9000/api/ce/task?id=5c7ea394-ce33-4ca0-8d37-b7d5203db78a
INFO: Analysis total time: 22.413 s
INFO: ------------------------------------------------------------------------
INFO: EXECUTION SUCCESS
INFO: ------------------------------------------------------------------------
INFO: Total time: 26.081s
INFO: Final Memory: 18M/74M
INFO: ------------------------------------------------------------------------

================================================================================
[16/44] lote com 100 snippets
Arquivos:
Snippet_7515654.java
Snippet_6972042.java
Snippet_9162014.java
Snippet_5025102.java
Snippet_9173266.java
Snippet_8501970.java
Snippet_9097530.java
Snippet_3812099.java
Snippet_8808076.java
Snippet_3819885.java
Snippet_8200621.java
Snippet_8496550.java
Snippet_5235274.java
Snippet_6905182.java
Snippet_3788627.java
Snippet_5220265.java
Snippet_3933339.java
Snippet_3868110.java
Snippet_4185136.java
Snippet_4249169.java
Snippet_9097418.java
Snippet_7904510.java
Snippet_4651467.java
Snippet_8829081.java
Snippet_3785309.java
Snippet_3961246.java
Snippet_5605835.java
Snippet_4135708.java
Snippet_4317110.java
Snippet_8574748.java
Snippet_4471454.java
Snippet_4764437.java
Snippet_8904609.java
Snippet_7563593.java
Snippet_4546223.java
Snippet_4994693.java
Snippet_7656657.java
Snippet_7893144.java
Snippet_5593437.java
Snippet_6281870.java
Snippet_7942242.java
Snippet_5954493.java
Snippet_3757097.java
Snippet_3700134.java
Snippet_4218342.java
Snippet_7727545.java
Snippet_8965576.java
Snippet_7496363.java
Snippet_6300889.java
Snippet_7818143.java
Snippet_4110816.java
Snippet_7452621.java
Snippet_8780201.java
Snippet_6605818.java
Snippet_4010920.java
Snippet_5023689.java
Snippet_8548892.java
Snippet_5488746.java
Snippet_9135351.java
Snippet_4536448.java
Snippet_4541855.java
Snippet_8244590.java
Snippet_4555364.java
Snippet_4534763.java
Snippet_8766133.java
Snippet_7883895.java
Snippet_8970572.java
Snippet_7251791.java
Snippet_6746974.java
Snippet_6905888.java
Snippet_7521109.java
Snippet_7229219.java
Snippet_4341864.java
Snippet_6904320.java
Snippet_7643849.java
Snippet_3869760.java
Snippet_3856345.java
Snippet_5026271.java
Snippet_3859697.java
Snippet_6600350.java
Snippet_4471010.java
Snippet_4662037.java
Snippet_6318697.java
Snippet_7000207.java
Snippet_6246396.java
Snippet_9515902.java
Snippet_7108130.java
Snippet_7268054.java
Snippet_8845696.java
Snippet_7916535.java
Snippet_3754188.java
Snippet_7786250.java
Snippet_8202625.java
Snippet_7755095.java
Snippet_4771698.java
Snippet_5102180.java
Snippet_7280795.java
Snippet_7010604.java
Snippet_8172392.java
Snippet_4639163.java
INFO: Scanner configuration file: /home/oscar/sonar-scanner-5.0.1.3006-linux/conf/sonar-scanner.properties
INFO: Project root configuration file: /home/oscar/Área de trabalho/TCC-Artur-Jackson-e-Oscar-de-Brito--BaseMLCQ/sonar-trechos/generated-snippets-batch-run/sonar-project.properties
INFO: SonarScanner 5.0.1.3006
INFO: Java 17.0.7 Eclipse Adoptium (64-bit)
INFO: Linux 6.17.0-35-generic amd64
INFO: User cache: /home/oscar/.sonar/cache
INFO: Analyzing on SonarQube server 10.5.1.90531
INFO: Default locale: "pt_BR", source code encoding: "UTF-8"
INFO: Load global settings
INFO: Load global settings (done) | time=130ms
INFO: Server id: 147B411E-AZ1pIPMJY3k3y_epkpuj
INFO: User cache: /home/oscar/.sonar/cache
INFO: Loading required plugins
INFO: Load plugins index
INFO: Load plugins index (done) | time=66ms
INFO: Load/download plugins
INFO: Load/download plugins (done) | time=122ms
INFO: Process project properties
INFO: Process project properties (done) | time=18ms
INFO: Project key: tcc-snippets-final-3
INFO: Base dir: /home/oscar/Área de trabalho/TCC-Artur-Jackson-e-Oscar-de-Brito--BaseMLCQ/sonar-trechos/generated-snippets-batch-run
INFO: Working dir: /home/oscar/Área de trabalho/TCC-Artur-Jackson-e-Oscar-de-Brito--BaseMLCQ/sonar-trechos/generated-snippets-batch-run/.scannerwork
INFO: Load project settings for component key: 'tcc-snippets-final-3'
INFO: Load project settings for component key: 'tcc-snippets-final-3' (done) | time=39ms
INFO: Load quality profiles
INFO: Load quality profiles (done) | time=149ms
INFO: Load active rules
INFO: Load active rules (done) | time=7426ms
INFO: Load analysis cache
INFO: Load analysis cache (2.6 kB) | time=29ms
INFO: Preprocessing files...
INFO: 1 language detected in 101 preprocessed files
INFO: 0 files ignored because of scm ignore settings
INFO: Loading plugins for detected languages
INFO: Load/download plugins
INFO: Load/download plugins (done) | time=15ms
INFO: Inconsistent constructor declaration on bean with name 'org.sonarsource.scanner.api.internal.IsolatedClassloader@1a1d6a08-org.sonar.scanner.issue.IssueFilters': single autowire-marked constructor flagged as optional - this constructor is effectively required since there is no default constructor to fall back to: public org.sonar.scanner.issue.IssueFilters(org.sonar.api.batch.fs.internal.DefaultInputProject)
INFO: Load project repositories
INFO: Load project repositories (done) | time=56ms
INFO: Indexing files...
INFO: Project configuration:
INFO: 101 files indexed
INFO: Quality profile for java: TCC
INFO: ------------- Run sensors on module TCC Snippets Final 3
INFO: Load metrics repository
INFO: Load metrics repository (done) | time=57ms
INFO: Sensor JavaSensor [java]
INFO: No rules with 'symbolic-execution' tag were enabled, the Symbolic Execution Engine will not run during the analysis.
INFO: Server-side caching is enabled. The Java analyzer will not try to leverage data from a previous analysis.
INFO: Using ECJ batch to parse 100 Main java source files with batch size 156 KB.
INFO: Starting batch processing.
INFO: The Java analyzer cannot skip unchanged files in this context. A full analysis is performed for all files.
INFO: 100% analyzed
INFO: Batch processing: Done.
INFO: Did not optimize analysis for any files, performed a full analysis for all 100 files.
WARN: Dependencies/libraries were not provided for analysis of SOURCE files. The 'sonar.java.libraries' property is empty. Verify your configuration, as you might end up with less precise results.
WARN: Unresolved imports/types have been detected during analysis. Enable DEBUG mode to see them.
WARN: Use of preview features have been detected during analysis. Enable DEBUG mode to see them.
INFO: No "Test" source files to scan.
INFO: No "Generated" source files to scan.
INFO: Sensor JavaSensor [java] (done) | time=6365ms
INFO: Sensor SurefireSensor [java]
INFO: parsing [/home/oscar/Área de trabalho/TCC-Artur-Jackson-e-Oscar-de-Brito--BaseMLCQ/sonar-trechos/generated-snippets-batch-run/target/surefire-reports]
INFO: Sensor SurefireSensor [java] (done) | time=2ms
INFO: Sensor JaCoCo XML Report Importer [jacoco]
INFO: 'sonar.coverage.jacoco.xmlReportPaths' is not defined. Using default locations: target/site/jacoco/jacoco.xml,target/site/jacoco-it/jacoco.xml,build/reports/jacoco/test/jacocoTestReport.xml
INFO: No report imported, no coverage information will be imported by JaCoCo XML Report Importer
INFO: Sensor JaCoCo XML Report Importer [jacoco] (done) | time=2ms
INFO: Sensor IaC Docker Sensor [iac]
INFO: 0 source files to be analyzed
INFO: 0/0 source files have been analyzed
INFO: Sensor IaC Docker Sensor [iac] (done) | time=136ms
INFO: Sensor TextAndSecretsSensor [text]
INFO: Available processors: 2
INFO: Using 2 threads for analysis.
INFO: 100 source files to be analyzed
INFO: 100/100 source files have been analyzed
INFO: Sensor TextAndSecretsSensor [text] (done) | time=1554ms
INFO: ------------- Run sensors on project
INFO: Sensor Zero Coverage Sensor
INFO: Sensor Zero Coverage Sensor (done) | time=60ms
INFO: Sensor Java CPD Block Indexer
INFO: Sensor Java CPD Block Indexer (done) | time=305ms
INFO: SCM Publisher SCM provider for this project is: git
INFO: SCM Publisher 100 source files to be analyzed
INFO: SCM Publisher 0/100 source files have been analyzed (done) | time=80ms
WARN: Missing blame information for the following files:
WARN:   * Snippet_4135708.java
WARN:   * Snippet_8780201.java
WARN:   * Snippet_6600350.java
WARN:   * Snippet_8845696.java
WARN:   * Snippet_4471010.java
WARN:   * Snippet_4764437.java
WARN:   * Snippet_7643849.java
WARN:   * Snippet_8548892.java
WARN:   * Snippet_6318697.java
WARN:   * Snippet_3757097.java
WARN:   * Snippet_4341864.java
WARN:   * Snippet_7563593.java
WARN:   * Snippet_4471454.java
WARN:   * Snippet_7515654.java
WARN:   * Snippet_3868110.java
WARN:   * Snippet_8808076.java
WARN:   * Snippet_7496363.java
WARN:   * Snippet_4110816.java
WARN:   * Snippet_7268054.java
WARN:   * Snippet_4639163.java
WARN:   * Snippet_4771698.java
WARN:   * Snippet_5488746.java
WARN:   * Snippet_3700134.java
WARN:   * Snippet_4249169.java
WARN:   * Snippet_9097530.java
WARN:   * Snippet_9135351.java
WARN:   * Snippet_7904510.java
WARN:   * Snippet_3859697.java
WARN:   * Snippet_8766133.java
WARN:   * Snippet_3819885.java
WARN:   * Snippet_6905182.java
WARN:   * Snippet_6746974.java
WARN:   * Snippet_7000207.java
WARN:   * Snippet_6281870.java
WARN:   * Snippet_7786250.java
WARN:   * Snippet_9173266.java
WARN:   * Snippet_3788627.java
WARN:   * Snippet_7280795.java
WARN:   * Snippet_7916535.java
WARN:   * Snippet_8574748.java
WARN:   * Snippet_8496550.java
WARN:   * Snippet_6605818.java
WARN:   * Snippet_7942242.java
WARN:   * Snippet_7818143.java
WARN:   * Snippet_3856345.java
WARN:   * Snippet_5025102.java
WARN:   * Snippet_8172392.java
WARN:   * Snippet_6904320.java
WARN:   * Snippet_7656657.java
WARN:   * Snippet_5235274.java
WARN:   * Snippet_4536448.java
WARN:   * Snippet_6300889.java
WARN:   * Snippet_4555364.java
WARN:   * Snippet_3869760.java
WARN:   * Snippet_9515902.java
WARN:   * Snippet_9097418.java
WARN:   * Snippet_3785309.java
WARN:   * Snippet_6972042.java
WARN:   * Snippet_8829081.java
WARN:   * Snippet_4317110.java
WARN:   * Snippet_7755095.java
WARN:   * Snippet_7251791.java
WARN:   * Snippet_6905888.java
WARN:   * Snippet_8200621.java
WARN:   * Snippet_3754188.java
WARN:   * Snippet_5220265.java
WARN:   * Snippet_7521109.java
WARN:   * Snippet_5102180.java
WARN:   * Snippet_7108130.java
WARN:   * Snippet_4534763.java
WARN:   * Snippet_4651467.java
WARN:   * Snippet_5023689.java
WARN:   * Snippet_8965576.java
WARN:   * Snippet_8970572.java
WARN:   * Snippet_8904609.java
WARN:   * Snippet_5605835.java
WARN:   * Snippet_4546223.java
WARN:   * Snippet_7229219.java
WARN:   * Snippet_6246396.java
WARN:   * Snippet_4662037.java
WARN:   * Snippet_8202625.java
WARN:   * Snippet_5593437.java
WARN:   * Snippet_8501970.java
WARN:   * Snippet_5954493.java
WARN:   * Snippet_7452621.java
WARN:   * Snippet_3961246.java
WARN:   * Snippet_4541855.java
WARN:   * Snippet_5026271.java
WARN:   * Snippet_7893144.java
WARN:   * Snippet_3812099.java
WARN:   * Snippet_4218342.java
WARN:   * Snippet_7883895.java
WARN:   * Snippet_8244590.java
WARN:   * Snippet_7010604.java
WARN:   * Snippet_9162014.java
WARN:   * Snippet_4994693.java
WARN:   * Snippet_4010920.java
WARN:   * Snippet_4185136.java
WARN:   * Snippet_7727545.java
WARN:   * Snippet_3933339.java
WARN: This may lead to missing/broken features in SonarQube
INFO: CPD Executor 42 files had no CPD blocks
INFO: CPD Executor Calculating CPD for 58 files
INFO: CPD Executor CPD calculation finished (done) | time=33ms
INFO: SCM revision ID '26261eff0fdfe0b82ee446873a05666cce5522df'
INFO: Analysis report generated in 247ms, dir size=575.7 kB
INFO: Analysis report compressed in 517ms, zip size=246.8 kB
INFO: Analysis report uploaded in 83ms
INFO: ANALYSIS SUCCESSFUL, you can find the results at: http://localhost:9000/dashboard?id=tcc-snippets-final-3
INFO: Note that you will be able to access the updated dashboard once the server has processed the submitted analysis report
INFO: More about the report processing at http://localhost:9000/api/ce/task?id=7f94ef0f-ee09-478c-a3da-2ec746363688
INFO: Analysis total time: 22.053 s
INFO: ------------------------------------------------------------------------
INFO: EXECUTION SUCCESS
INFO: ------------------------------------------------------------------------
INFO: Total time: 25.332s
INFO: Final Memory: 19M/74M
INFO: ------------------------------------------------------------------------

================================================================================
[17/44] lote com 100 snippets
Arquivos:
Snippet_9308078.java
Snippet_4005583.java
Snippet_4745033.java
Snippet_8903115.java
Snippet_9553496.java
Snippet_7592195.java
Snippet_7998319.java
Snippet_6117580.java
Snippet_5182985.java
Snippet_7619958.java
Snippet_6815544.java
Snippet_8658785.java
Snippet_3972251.java
Snippet_4709869.java
Snippet_8432933.java
Snippet_9093819.java
Snippet_4075888.java
Snippet_8585684.java
Snippet_7599926.java
Snippet_6221911.java
Snippet_7136727.java
Snippet_4911266.java
Snippet_5048033.java
Snippet_3857363.java
Snippet_9025710.java
Snippet_5115119.java
Snippet_9329773.java
Snippet_7036119.java
Snippet_7144021.java
Snippet_9012946.java
Snippet_9469461.java
Snippet_6183429.java
Snippet_3898760.java
Snippet_5786274.java
Snippet_5226222.java
Snippet_7718829.java
Snippet_8271551.java
Snippet_7496080.java
Snippet_7492805.java
Snippet_4212572.java
Snippet_8948928.java
Snippet_5016382.java
Snippet_5702663.java
Snippet_4794965.java
Snippet_7375581.java
Snippet_7279538.java
Snippet_7992251.java
Snippet_7747098.java
Snippet_9111672.java
Snippet_8333510.java
Snippet_7634280.java
Snippet_4057866.java
Snippet_6186813.java
Snippet_4027396.java
Snippet_4214220.java
Snippet_4217466.java
Snippet_5297372.java
Snippet_4516760.java
Snippet_5907719.java
Snippet_7792356.java
Snippet_3974401.java
Snippet_8230227.java
Snippet_9024840.java
Snippet_5738914.java
Snippet_7306229.java
Snippet_8516029.java
Snippet_5497900.java
Snippet_5902872.java
Snippet_6814400.java
Snippet_7889326.java
Snippet_4782948.java
Snippet_3974797.java
Snippet_5449838.java
Snippet_6195890.java
Snippet_4243459.java
Snippet_5515226.java
Snippet_4502113.java
Snippet_7528188.java
Snippet_9410474.java
Snippet_3721456.java
Snippet_5148408.java
Snippet_7238349.java
Snippet_7944953.java
Snippet_8919445.java
Snippet_4448520.java
Snippet_6873573.java
Snippet_8235560.java
Snippet_4728322.java
Snippet_6641988.java
Snippet_8791150.java
Snippet_4298660.java
Snippet_3703084.java
Snippet_9140119.java
Snippet_4435287.java
Snippet_9483193.java
Snippet_4039372.java
Snippet_9008405.java
Snippet_8169113.java
Snippet_7095948.java
Snippet_8645617.java
INFO: Scanner configuration file: /home/oscar/sonar-scanner-5.0.1.3006-linux/conf/sonar-scanner.properties
INFO: Project root configuration file: /home/oscar/Área de trabalho/TCC-Artur-Jackson-e-Oscar-de-Brito--BaseMLCQ/sonar-trechos/generated-snippets-batch-run/sonar-project.properties
INFO: SonarScanner 5.0.1.3006
INFO: Java 17.0.7 Eclipse Adoptium (64-bit)
INFO: Linux 6.17.0-35-generic amd64
INFO: User cache: /home/oscar/.sonar/cache
INFO: Analyzing on SonarQube server 10.5.1.90531
INFO: Default locale: "pt_BR", source code encoding: "UTF-8"
INFO: Load global settings
INFO: Load global settings (done) | time=244ms
INFO: Server id: 147B411E-AZ1pIPMJY3k3y_epkpuj
INFO: User cache: /home/oscar/.sonar/cache
INFO: Loading required plugins
INFO: Load plugins index
INFO: Load plugins index (done) | time=184ms
INFO: Load/download plugins
INFO: Load/download plugins (done) | time=251ms
INFO: Process project properties
INFO: Process project properties (done) | time=26ms
INFO: Project key: tcc-snippets-final-3
INFO: Base dir: /home/oscar/Área de trabalho/TCC-Artur-Jackson-e-Oscar-de-Brito--BaseMLCQ/sonar-trechos/generated-snippets-batch-run
INFO: Working dir: /home/oscar/Área de trabalho/TCC-Artur-Jackson-e-Oscar-de-Brito--BaseMLCQ/sonar-trechos/generated-snippets-batch-run/.scannerwork
INFO: Load project settings for component key: 'tcc-snippets-final-3'
INFO: Load project settings for component key: 'tcc-snippets-final-3' (done) | time=40ms
INFO: Load quality profiles
INFO: Load quality profiles (done) | time=280ms
INFO: Load active rules
INFO: Load active rules (done) | time=10773ms
INFO: Load analysis cache
INFO: Load analysis cache (2.6 kB) | time=55ms
INFO: Preprocessing files...
INFO: 1 language detected in 101 preprocessed files
INFO: 0 files ignored because of scm ignore settings
INFO: Loading plugins for detected languages
INFO: Load/download plugins
INFO: Load/download plugins (done) | time=8ms
INFO: Inconsistent constructor declaration on bean with name 'org.sonarsource.scanner.api.internal.IsolatedClassloader@1a1d6a08-org.sonar.scanner.issue.IssueFilters': single autowire-marked constructor flagged as optional - this constructor is effectively required since there is no default constructor to fall back to: public org.sonar.scanner.issue.IssueFilters(org.sonar.api.batch.fs.internal.DefaultInputProject)
INFO: Load project repositories
INFO: Load project repositories (done) | time=119ms
INFO: Indexing files...
INFO: Project configuration:
INFO: 101 files indexed
INFO: Quality profile for java: TCC
INFO: ------------- Run sensors on module TCC Snippets Final 3
INFO: Load metrics repository
INFO: Load metrics repository (done) | time=79ms
INFO: Sensor JavaSensor [java]
INFO: No rules with 'symbolic-execution' tag were enabled, the Symbolic Execution Engine will not run during the analysis.
INFO: Server-side caching is enabled. The Java analyzer will not try to leverage data from a previous analysis.
INFO: Using ECJ batch to parse 100 Main java source files with batch size 156 KB.
INFO: Starting batch processing.
INFO: The Java analyzer cannot skip unchanged files in this context. A full analysis is performed for all files.
INFO: 100% analyzed
INFO: Batch processing: Done.
INFO: Did not optimize analysis for any files, performed a full analysis for all 100 files.
WARN: Dependencies/libraries were not provided for analysis of SOURCE files. The 'sonar.java.libraries' property is empty. Verify your configuration, as you might end up with less precise results.
WARN: Unresolved imports/types have been detected during analysis. Enable DEBUG mode to see them.
WARN: Use of preview features have been detected during analysis. Enable DEBUG mode to see them.
INFO: No "Test" source files to scan.
INFO: No "Generated" source files to scan.
INFO: Sensor JavaSensor [java] (done) | time=9396ms
INFO: Sensor SurefireSensor [java]
INFO: parsing [/home/oscar/Área de trabalho/TCC-Artur-Jackson-e-Oscar-de-Brito--BaseMLCQ/sonar-trechos/generated-snippets-batch-run/target/surefire-reports]
INFO: Sensor SurefireSensor [java] (done) | time=4ms
INFO: Sensor JaCoCo XML Report Importer [jacoco]
INFO: 'sonar.coverage.jacoco.xmlReportPaths' is not defined. Using default locations: target/site/jacoco/jacoco.xml,target/site/jacoco-it/jacoco.xml,build/reports/jacoco/test/jacocoTestReport.xml
INFO: No report imported, no coverage information will be imported by JaCoCo XML Report Importer
INFO: Sensor JaCoCo XML Report Importer [jacoco] (done) | time=5ms
INFO: Sensor IaC Docker Sensor [iac]
INFO: 0 source files to be analyzed
INFO: 0/0 source files have been analyzed
INFO: Sensor IaC Docker Sensor [iac] (done) | time=191ms
INFO: Sensor TextAndSecretsSensor [text]
INFO: Available processors: 2
INFO: Using 2 threads for analysis.
INFO: 100 source files to be analyzed
INFO: 100/100 source files have been analyzed
INFO: Sensor TextAndSecretsSensor [text] (done) | time=2753ms
INFO: ------------- Run sensors on project
INFO: Sensor Zero Coverage Sensor
INFO: Sensor Zero Coverage Sensor (done) | time=66ms
INFO: Sensor Java CPD Block Indexer
INFO: Sensor Java CPD Block Indexer (done) | time=302ms
INFO: SCM Publisher SCM provider for this project is: git
INFO: SCM Publisher 100 source files to be analyzed
INFO: SCM Publisher 0/100 source files have been analyzed (done) | time=256ms
WARN: Missing blame information for the following files:
WARN:   * Snippet_4217466.java
WARN:   * Snippet_8169113.java
WARN:   * Snippet_4212572.java
WARN:   * Snippet_5297372.java
WARN:   * Snippet_8333510.java
WARN:   * Snippet_7496080.java
WARN:   * Snippet_7889326.java
WARN:   * Snippet_6186813.java
WARN:   * Snippet_4005583.java
WARN:   * Snippet_9024840.java
WARN:   * Snippet_5449838.java
WARN:   * Snippet_7992251.java
WARN:   * Snippet_4214220.java
WARN:   * Snippet_7634280.java
WARN:   * Snippet_6873573.java
WARN:   * Snippet_8516029.java
WARN:   * Snippet_3974797.java
WARN:   * Snippet_4039372.java
WARN:   * Snippet_7944953.java
WARN:   * Snippet_5902872.java
WARN:   * Snippet_4728322.java
WARN:   * Snippet_6195890.java
WARN:   * Snippet_3857363.java
WARN:   * Snippet_3703084.java
WARN:   * Snippet_3972251.java
WARN:   * Snippet_8230227.java
WARN:   * Snippet_7036119.java
WARN:   * Snippet_9025710.java
WARN:   * Snippet_7528188.java
WARN:   * Snippet_5907719.java
WARN:   * Snippet_9111672.java
WARN:   * Snippet_5148408.java
WARN:   * Snippet_5182985.java
WARN:   * Snippet_4075888.java
WARN:   * Snippet_6117580.java
WARN:   * Snippet_9483193.java
WARN:   * Snippet_6814400.java
WARN:   * Snippet_9469461.java
WARN:   * Snippet_6183429.java
WARN:   * Snippet_7619958.java
WARN:   * Snippet_8645617.java
WARN:   * Snippet_9329773.java
WARN:   * Snippet_5515226.java
WARN:   * Snippet_4709869.java
WARN:   * Snippet_5497900.java
WARN:   * Snippet_4911266.java
WARN:   * Snippet_9093819.java
WARN:   * Snippet_7792356.java
WARN:   * Snippet_4745033.java
WARN:   * Snippet_7144021.java
WARN:   * Snippet_8585684.java
WARN:   * Snippet_6815544.java
WARN:   * Snippet_7375581.java
WARN:   * Snippet_9008405.java
WARN:   * Snippet_8432933.java
WARN:   * Snippet_3974401.java
WARN:   * Snippet_7136727.java
WARN:   * Snippet_5048033.java
WARN:   * Snippet_4782948.java
WARN:   * Snippet_4057866.java
WARN:   * Snippet_6221911.java
WARN:   * Snippet_3898760.java
WARN:   * Snippet_8235560.java
WARN:   * Snippet_9553496.java
WARN:   * Snippet_9308078.java
WARN:   * Snippet_7492805.java
WARN:   * Snippet_4502113.java
WARN:   * Snippet_7998319.java
WARN:   * Snippet_8919445.java
WARN:   * Snippet_8791150.java
WARN:   * Snippet_7238349.java
WARN:   * Snippet_4435287.java
WARN:   * Snippet_7095948.java
WARN:   * Snippet_5738914.java
WARN:   * Snippet_9410474.java
WARN:   * Snippet_7747098.java
WARN:   * Snippet_7279538.java
WARN:   * Snippet_7592195.java
WARN:   * Snippet_5016382.java
WARN:   * Snippet_5226222.java
WARN:   * Snippet_5702663.java
WARN:   * Snippet_4027396.java
WARN:   * Snippet_3721456.java
WARN:   * Snippet_4794965.java
WARN:   * Snippet_9012946.java
WARN:   * Snippet_7599926.java
WARN:   * Snippet_7718829.java
WARN:   * Snippet_8948928.java
WARN:   * Snippet_5115119.java
WARN:   * Snippet_5786274.java
WARN:   * Snippet_4298660.java
WARN:   * Snippet_8271551.java
WARN:   * Snippet_6641988.java
WARN:   * Snippet_7306229.java
WARN:   * Snippet_4516760.java
WARN:   * Snippet_4448520.java
WARN:   * Snippet_8658785.java
WARN:   * Snippet_8903115.java
WARN:   * Snippet_9140119.java
WARN:   * Snippet_4243459.java
WARN: This may lead to missing/broken features in SonarQube
INFO: CPD Executor 45 files had no CPD blocks
INFO: CPD Executor Calculating CPD for 55 files
INFO: CPD Executor CPD calculation finished (done) | time=39ms
INFO: SCM revision ID '26261eff0fdfe0b82ee446873a05666cce5522df'
INFO: Analysis report generated in 217ms, dir size=479.2 kB
INFO: Analysis report compressed in 479ms, zip size=225.8 kB
INFO: Analysis report uploaded in 107ms
INFO: ANALYSIS SUCCESSFUL, you can find the results at: http://localhost:9000/dashboard?id=tcc-snippets-final-3
INFO: Note that you will be able to access the updated dashboard once the server has processed the submitted analysis report
INFO: More about the report processing at http://localhost:9000/api/ce/task?id=965adf13-3407-4d5d-b567-f0eaafc6c446
INFO: Analysis total time: 31.543 s
INFO: ------------------------------------------------------------------------
INFO: EXECUTION SUCCESS
INFO: ------------------------------------------------------------------------
INFO: Total time: 37.653s
INFO: Final Memory: 19M/74M
INFO: ------------------------------------------------------------------------

================================================================================
[18/44] lote com 100 snippets
Arquivos:
Snippet_7375915.java
Snippet_6306158.java
Snippet_6308382.java
Snippet_8749806.java
Snippet_5883695.java
Snippet_4611617.java
Snippet_5370715.java
Snippet_9542671.java
Snippet_6633402.java
Snippet_8177486.java
Snippet_5702079.java
Snippet_5464749.java
Snippet_8944650.java
Snippet_8984803.java
Snippet_5793029.java
Snippet_6532912.java
Snippet_5654509.java
Snippet_3725026.java
Snippet_7591041.java
Snippet_5593201.java
Snippet_4289354.java
Snippet_5402098.java
Snippet_4757087.java
Snippet_5627395.java
Snippet_7002266.java
Snippet_4450051.java
Snippet_7144407.java
Snippet_7204338.java
Snippet_4140914.java
Snippet_4311186.java
Snippet_7026916.java
Snippet_7834065.java
Snippet_6450144.java
Snippet_4864530.java
Snippet_7564300.java
Snippet_6088559.java
Snippet_5380933.java
Snippet_4745800.java
Snippet_7907397.java
Snippet_4456338.java
Snippet_8030709.java
Snippet_7486125.java
Snippet_7799218.java
Snippet_6128483.java
Snippet_3715636.java
Snippet_6917328.java
Snippet_8907524.java
Snippet_7337628.java
Snippet_7330361.java
Snippet_7113247.java
Snippet_8443651.java
Snippet_4593309.java
Snippet_6480563.java
Snippet_7357395.java
Snippet_7197581.java
Snippet_5912103.java
Snippet_4647337.java
Snippet_4106292.java
Snippet_7274045.java
Snippet_7911805.java
Snippet_6624215.java
Snippet_8974133.java
Snippet_7135236.java
Snippet_7467151.java
Snippet_8661940.java
Snippet_5414165.java
Snippet_3918943.java
Snippet_7134617.java
Snippet_3851625.java
Snippet_5394056.java
Snippet_6772589.java
Snippet_4433801.java
Snippet_7184071.java
Snippet_5699641.java
Snippet_7674551.java
Snippet_9471363.java
Snippet_8401179.java
Snippet_7391660.java
Snippet_5414837.java
Snippet_7782626.java
Snippet_6537117.java
Snippet_5058759.java
Snippet_7905552.java
Snippet_7538561.java
Snippet_5740146.java
Snippet_8049118.java
Snippet_6985429.java
Snippet_7172860.java
Snippet_7441493.java
Snippet_8460181.java
Snippet_4633651.java
Snippet_8433766.java
Snippet_6615560.java
Snippet_4238437.java
Snippet_5366640.java
Snippet_4221494.java
Snippet_8898055.java
Snippet_5450953.java
Snippet_3824920.java
Snippet_6228656.java
INFO: Scanner configuration file: /home/oscar/sonar-scanner-5.0.1.3006-linux/conf/sonar-scanner.properties
INFO: Project root configuration file: /home/oscar/Área de trabalho/TCC-Artur-Jackson-e-Oscar-de-Brito--BaseMLCQ/sonar-trechos/generated-snippets-batch-run/sonar-project.properties
INFO: SonarScanner 5.0.1.3006
INFO: Java 17.0.7 Eclipse Adoptium (64-bit)
INFO: Linux 6.17.0-35-generic amd64
INFO: User cache: /home/oscar/.sonar/cache
INFO: Analyzing on SonarQube server 10.5.1.90531
INFO: Default locale: "pt_BR", source code encoding: "UTF-8"
INFO: Load global settings
INFO: Load global settings (done) | time=242ms
INFO: Server id: 147B411E-AZ1pIPMJY3k3y_epkpuj
INFO: User cache: /home/oscar/.sonar/cache
INFO: Loading required plugins
INFO: Load plugins index
INFO: Load plugins index (done) | time=134ms
INFO: Load/download plugins
INFO: Load/download plugins (done) | time=116ms
INFO: Process project properties
INFO: Process project properties (done) | time=17ms
INFO: Project key: tcc-snippets-final-3
INFO: Base dir: /home/oscar/Área de trabalho/TCC-Artur-Jackson-e-Oscar-de-Brito--BaseMLCQ/sonar-trechos/generated-snippets-batch-run
INFO: Working dir: /home/oscar/Área de trabalho/TCC-Artur-Jackson-e-Oscar-de-Brito--BaseMLCQ/sonar-trechos/generated-snippets-batch-run/.scannerwork
INFO: Load project settings for component key: 'tcc-snippets-final-3'
INFO: Load project settings for component key: 'tcc-snippets-final-3' (done) | time=39ms
INFO: Load quality profiles
INFO: Load quality profiles (done) | time=144ms
INFO: Load active rules
INFO: Load active rules (done) | time=11498ms
INFO: Load analysis cache
INFO: Load analysis cache (2.6 kB) | time=164ms
INFO: Preprocessing files...
INFO: 1 language detected in 101 preprocessed files
INFO: 0 files ignored because of scm ignore settings
INFO: Loading plugins for detected languages
INFO: Load/download plugins
INFO: Load/download plugins (done) | time=43ms
INFO: Inconsistent constructor declaration on bean with name 'org.sonarsource.scanner.api.internal.IsolatedClassloader@1a1d6a08-org.sonar.scanner.issue.IssueFilters': single autowire-marked constructor flagged as optional - this constructor is effectively required since there is no default constructor to fall back to: public org.sonar.scanner.issue.IssueFilters(org.sonar.api.batch.fs.internal.DefaultInputProject)
INFO: Load project repositories
INFO: Load project repositories (done) | time=55ms
INFO: Indexing files...
INFO: Project configuration:
INFO: 101 files indexed
INFO: Quality profile for java: TCC
INFO: ------------- Run sensors on module TCC Snippets Final 3
INFO: Load metrics repository
INFO: Load metrics repository (done) | time=130ms
INFO: Sensor JavaSensor [java]
INFO: No rules with 'symbolic-execution' tag were enabled, the Symbolic Execution Engine will not run during the analysis.
INFO: Server-side caching is enabled. The Java analyzer will not try to leverage data from a previous analysis.
INFO: Using ECJ batch to parse 100 Main java source files with batch size 156 KB.
INFO: Starting batch processing.
INFO: The Java analyzer cannot skip unchanged files in this context. A full analysis is performed for all files.
INFO: 100% analyzed
INFO: Batch processing: Done.
INFO: Did not optimize analysis for any files, performed a full analysis for all 100 files.
WARN: Dependencies/libraries were not provided for analysis of SOURCE files. The 'sonar.java.libraries' property is empty. Verify your configuration, as you might end up with less precise results.
WARN: Unresolved imports/types have been detected during analysis. Enable DEBUG mode to see them.
WARN: Use of preview features have been detected during analysis. Enable DEBUG mode to see them.
INFO: No "Test" source files to scan.
INFO: No "Generated" source files to scan.
INFO: Sensor JavaSensor [java] (done) | time=13674ms
INFO: Sensor SurefireSensor [java]
INFO: parsing [/home/oscar/Área de trabalho/TCC-Artur-Jackson-e-Oscar-de-Brito--BaseMLCQ/sonar-trechos/generated-snippets-batch-run/target/surefire-reports]
INFO: Sensor SurefireSensor [java] (done) | time=5ms
INFO: Sensor JaCoCo XML Report Importer [jacoco]
INFO: 'sonar.coverage.jacoco.xmlReportPaths' is not defined. Using default locations: target/site/jacoco/jacoco.xml,target/site/jacoco-it/jacoco.xml,build/reports/jacoco/test/jacocoTestReport.xml
INFO: No report imported, no coverage information will be imported by JaCoCo XML Report Importer
INFO: Sensor JaCoCo XML Report Importer [jacoco] (done) | time=2ms
INFO: Sensor IaC Docker Sensor [iac]
INFO: 0 source files to be analyzed
INFO: 0/0 source files have been analyzed
INFO: Sensor IaC Docker Sensor [iac] (done) | time=159ms
INFO: Sensor TextAndSecretsSensor [text]
INFO: Available processors: 2
INFO: Using 2 threads for analysis.
INFO: 100 source files to be analyzed
INFO: 100/100 source files have been analyzed
INFO: Sensor TextAndSecretsSensor [text] (done) | time=2070ms
INFO: ------------- Run sensors on project
INFO: Sensor Zero Coverage Sensor
INFO: Sensor Zero Coverage Sensor (done) | time=56ms
INFO: Sensor Java CPD Block Indexer
INFO: Sensor Java CPD Block Indexer (done) | time=209ms
INFO: SCM Publisher SCM provider for this project is: git
INFO: SCM Publisher 100 source files to be analyzed
INFO: SCM Publisher 0/100 source files have been analyzed (done) | time=64ms
WARN: Missing blame information for the following files:
WARN:   * Snippet_7467151.java
WARN:   * Snippet_4450051.java
WARN:   * Snippet_5414837.java
WARN:   * Snippet_6128483.java
WARN:   * Snippet_3851625.java
WARN:   * Snippet_5699641.java
WARN:   * Snippet_6480563.java
WARN:   * Snippet_8443651.java
WARN:   * Snippet_8049118.java
WARN:   * Snippet_4106292.java
WARN:   * Snippet_7782626.java
WARN:   * Snippet_4456338.java
WARN:   * Snippet_5793029.java
WARN:   * Snippet_6985429.java
WARN:   * Snippet_4289354.java
WARN:   * Snippet_5654509.java
WARN:   * Snippet_9471363.java
WARN:   * Snippet_7337628.java
WARN:   * Snippet_8030709.java
WARN:   * Snippet_3715636.java
WARN:   * Snippet_7172860.java
WARN:   * Snippet_8898055.java
WARN:   * Snippet_7274045.java
WARN:   * Snippet_7197581.java
WARN:   * Snippet_7564300.java
WARN:   * Snippet_5402098.java
WARN:   * Snippet_7204338.java
WARN:   * Snippet_7144407.java
WARN:   * Snippet_7134617.java
WARN:   * Snippet_4757087.java
WARN:   * Snippet_8401179.java
WARN:   * Snippet_8749806.java
WARN:   * Snippet_7674551.java
WARN:   * Snippet_7907397.java
WARN:   * Snippet_7002266.java
WARN:   * Snippet_7330361.java
WARN:   * Snippet_8944650.java
WARN:   * Snippet_5883695.java
WARN:   * Snippet_3824920.java
WARN:   * Snippet_4221494.java
WARN:   * Snippet_6306158.java
WARN:   * Snippet_7441493.java
WARN:   * Snippet_3725026.java
WARN:   * Snippet_5464749.java
WARN:   * Snippet_5370715.java
WARN:   * Snippet_8433766.java
WARN:   * Snippet_7375915.java
WARN:   * Snippet_6772589.java
WARN:   * Snippet_4593309.java
WARN:   * Snippet_4864530.java
WARN:   * Snippet_5627395.java
WARN:   * Snippet_4433801.java
WARN:   * Snippet_7486125.java
WARN:   * Snippet_6228656.java
WARN:   * Snippet_9542671.java
WARN:   * Snippet_6088559.java
WARN:   * Snippet_8177486.java
WARN:   * Snippet_7799218.java
WARN:   * Snippet_8460181.java
WARN:   * Snippet_7184071.java
WARN:   * Snippet_7911805.java
WARN:   * Snippet_7591041.java
WARN:   * Snippet_7538561.java
WARN:   * Snippet_5058759.java
WARN:   * Snippet_8661940.java
WARN:   * Snippet_5702079.java
WARN:   * Snippet_6532912.java
WARN:   * Snippet_3918943.java
WARN:   * Snippet_6633402.java
WARN:   * Snippet_8974133.java
WARN:   * Snippet_6624215.java
WARN:   * Snippet_5450953.java
WARN:   * Snippet_5366640.java
WARN:   * Snippet_4238437.java
WARN:   * Snippet_6537117.java
WARN:   * Snippet_7834065.java
WARN:   * Snippet_4633651.java
WARN:   * Snippet_7135236.java
WARN:   * Snippet_5593201.java
WARN:   * Snippet_7905552.java
WARN:   * Snippet_5912103.java
WARN:   * Snippet_4311186.java
WARN:   * Snippet_7391660.java
WARN:   * Snippet_8907524.java
WARN:   * Snippet_5740146.java
WARN:   * Snippet_7357395.java
WARN:   * Snippet_6308382.java
WARN:   * Snippet_7026916.java
WARN:   * Snippet_4745800.java
WARN:   * Snippet_4611617.java
WARN:   * Snippet_6615560.java
WARN:   * Snippet_7113247.java
WARN:   * Snippet_4140914.java
WARN:   * Snippet_5394056.java
WARN:   * Snippet_4647337.java
WARN:   * Snippet_8984803.java
WARN:   * Snippet_6917328.java
WARN:   * Snippet_6450144.java
WARN:   * Snippet_5380933.java
WARN:   * Snippet_5414165.java
WARN: This may lead to missing/broken features in SonarQube
INFO: CPD Executor 40 files had no CPD blocks
INFO: CPD Executor Calculating CPD for 60 files
INFO: CPD Executor CPD calculation finished (done) | time=55ms
INFO: SCM revision ID '26261eff0fdfe0b82ee446873a05666cce5522df'
INFO: Analysis report generated in 154ms, dir size=697.7 kB
INFO: Analysis report compressed in 620ms, zip size=282.8 kB
INFO: Analysis report uploaded in 35ms
INFO: ANALYSIS SUCCESSFUL, you can find the results at: http://localhost:9000/dashboard?id=tcc-snippets-final-3
INFO: Note that you will be able to access the updated dashboard once the server has processed the submitted analysis report
INFO: More about the report processing at http://localhost:9000/api/ce/task?id=423b33a0-8e3b-4d29-9dac-3d2745d7c628
INFO: Analysis total time: 35.539 s
INFO: ------------------------------------------------------------------------
INFO: EXECUTION SUCCESS
INFO: ------------------------------------------------------------------------
INFO: Total time: 40.643s
INFO: Final Memory: 18M/74M
INFO: ------------------------------------------------------------------------

================================================================================
[19/44] lote com 100 snippets
Arquivos:
Snippet_4248275.java
Snippet_8621159.java
Snippet_9022587.java
Snippet_5299892.java
Snippet_8067041.java
Snippet_8131397.java
Snippet_9158392.java
Snippet_7933439.java
Snippet_5111196.java
Snippet_6637469.java
Snippet_7867125.java
Snippet_5884892.java
Snippet_4171343.java
Snippet_9087398.java
Snippet_4823396.java
Snippet_5671828.java
Snippet_6579581.java
Snippet_6813948.java
Snippet_4713471.java
Snippet_4471459.java
Snippet_7539038.java
Snippet_6847448.java
Snippet_7379790.java
Snippet_3807471.java
Snippet_9127199.java
Snippet_4044534.java
Snippet_9296213.java
Snippet_8997948.java
Snippet_7369780.java
Snippet_5863439.java
Snippet_7168076.java
Snippet_7377288.java
Snippet_8574365.java
Snippet_7125953.java
Snippet_5148417.java
Snippet_7588699.java
Snippet_4345393.java
Snippet_7540579.java
Snippet_8423597.java
Snippet_8226389.java
Snippet_5107511.java
Snippet_8916223.java
Snippet_7979179.java
Snippet_4431359.java
Snippet_4848736.java
Snippet_6119974.java
Snippet_7239385.java
Snippet_8728601.java
Snippet_6871109.java
Snippet_9110608.java
Snippet_5742756.java
Snippet_4371297.java
Snippet_4219128.java
Snippet_8029682.java
Snippet_8214224.java
Snippet_4322497.java
Snippet_4265826.java
Snippet_4140191.java
Snippet_9293709.java
Snippet_5273938.java
Snippet_6446491.java
Snippet_5515839.java
Snippet_7373964.java
Snippet_5389537.java
Snippet_6468434.java
Snippet_9403827.java
Snippet_6009473.java
Snippet_6974414.java
Snippet_5470060.java
Snippet_9312524.java
Snippet_7246708.java
Snippet_6531904.java
Snippet_4995621.java
Snippet_6174952.java
Snippet_4758737.java
Snippet_8230789.java
Snippet_6865229.java
Snippet_8674484.java
Snippet_4969128.java
Snippet_7742878.java
Snippet_8904378.java
Snippet_8954112.java
Snippet_9219509.java
Snippet_6876949.java
Snippet_4948454.java
Snippet_8281103.java
Snippet_6462072.java
Snippet_9191083.java
Snippet_9292929.java
Snippet_7022945.java
Snippet_7581965.java
Snippet_8887186.java
Snippet_6975479.java
Snippet_8917324.java
Snippet_9340675.java
Snippet_5752718.java
Snippet_4901677.java
Snippet_7451785.java
Snippet_8309635.java
Snippet_6500087.java
INFO: Scanner configuration file: /home/oscar/sonar-scanner-5.0.1.3006-linux/conf/sonar-scanner.properties
INFO: Project root configuration file: /home/oscar/Área de trabalho/TCC-Artur-Jackson-e-Oscar-de-Brito--BaseMLCQ/sonar-trechos/generated-snippets-batch-run/sonar-project.properties
INFO: SonarScanner 5.0.1.3006
INFO: Java 17.0.7 Eclipse Adoptium (64-bit)
INFO: Linux 6.17.0-35-generic amd64
INFO: User cache: /home/oscar/.sonar/cache
INFO: Analyzing on SonarQube server 10.5.1.90531
INFO: Default locale: "pt_BR", source code encoding: "UTF-8"
INFO: Load global settings
INFO: Load global settings (done) | time=148ms
INFO: Server id: 147B411E-AZ1pIPMJY3k3y_epkpuj
INFO: User cache: /home/oscar/.sonar/cache
INFO: Loading required plugins
INFO: Load plugins index
INFO: Load plugins index (done) | time=142ms
INFO: Load/download plugins
INFO: Load/download plugins (done) | time=150ms
INFO: Process project properties
INFO: Process project properties (done) | time=24ms
INFO: Project key: tcc-snippets-final-3
INFO: Base dir: /home/oscar/Área de trabalho/TCC-Artur-Jackson-e-Oscar-de-Brito--BaseMLCQ/sonar-trechos/generated-snippets-batch-run
INFO: Working dir: /home/oscar/Área de trabalho/TCC-Artur-Jackson-e-Oscar-de-Brito--BaseMLCQ/sonar-trechos/generated-snippets-batch-run/.scannerwork
INFO: Load project settings for component key: 'tcc-snippets-final-3'
INFO: Load project settings for component key: 'tcc-snippets-final-3' (done) | time=51ms
INFO: Load quality profiles
INFO: Load quality profiles (done) | time=206ms
INFO: Load active rules
INFO: Load active rules (done) | time=17522ms
INFO: Load analysis cache
INFO: Load analysis cache (2.6 kB) | time=175ms
INFO: Preprocessing files...
INFO: 1 language detected in 101 preprocessed files
INFO: 0 files ignored because of scm ignore settings
INFO: Loading plugins for detected languages
INFO: Load/download plugins
INFO: Load/download plugins (done) | time=31ms
INFO: Inconsistent constructor declaration on bean with name 'org.sonarsource.scanner.api.internal.IsolatedClassloader@1a1d6a08-org.sonar.scanner.issue.IssueFilters': single autowire-marked constructor flagged as optional - this constructor is effectively required since there is no default constructor to fall back to: public org.sonar.scanner.issue.IssueFilters(org.sonar.api.batch.fs.internal.DefaultInputProject)
INFO: Load project repositories
INFO: Load project repositories (done) | time=211ms
INFO: Indexing files...
INFO: Project configuration:
INFO: 101 files indexed
INFO: Quality profile for java: TCC
INFO: ------------- Run sensors on module TCC Snippets Final 3
INFO: Load metrics repository
INFO: Load metrics repository (done) | time=300ms
INFO: Sensor JavaSensor [java]
INFO: No rules with 'symbolic-execution' tag were enabled, the Symbolic Execution Engine will not run during the analysis.
INFO: Server-side caching is enabled. The Java analyzer will not try to leverage data from a previous analysis.
INFO: Using ECJ batch to parse 100 Main java source files with batch size 156 KB.
INFO: Starting batch processing.
INFO: The Java analyzer cannot skip unchanged files in this context. A full analysis is performed for all files.
INFO: 100% analyzed
INFO: Batch processing: Done.
INFO: Did not optimize analysis for any files, performed a full analysis for all 100 files.
WARN: Dependencies/libraries were not provided for analysis of SOURCE files. The 'sonar.java.libraries' property is empty. Verify your configuration, as you might end up with less precise results.
WARN: Unresolved imports/types have been detected during analysis. Enable DEBUG mode to see them.
WARN: Use of preview features have been detected during analysis. Enable DEBUG mode to see them.
INFO: No "Test" source files to scan.
INFO: No "Generated" source files to scan.
INFO: Sensor JavaSensor [java] (done) | time=11432ms
INFO: Sensor SurefireSensor [java]
INFO: parsing [/home/oscar/Área de trabalho/TCC-Artur-Jackson-e-Oscar-de-Brito--BaseMLCQ/sonar-trechos/generated-snippets-batch-run/target/surefire-reports]
INFO: Sensor SurefireSensor [java] (done) | time=5ms
INFO: Sensor JaCoCo XML Report Importer [jacoco]
INFO: 'sonar.coverage.jacoco.xmlReportPaths' is not defined. Using default locations: target/site/jacoco/jacoco.xml,target/site/jacoco-it/jacoco.xml,build/reports/jacoco/test/jacocoTestReport.xml
INFO: No report imported, no coverage information will be imported by JaCoCo XML Report Importer
INFO: Sensor JaCoCo XML Report Importer [jacoco] (done) | time=3ms
INFO: Sensor IaC Docker Sensor [iac]
INFO: 0 source files to be analyzed
INFO: 0/0 source files have been analyzed
INFO: Sensor IaC Docker Sensor [iac] (done) | time=548ms
INFO: Sensor TextAndSecretsSensor [text]
INFO: Available processors: 2
INFO: Using 2 threads for analysis.
INFO: 100 source files to be analyzed
INFO: 100/100 source files have been analyzed
INFO: Sensor TextAndSecretsSensor [text] (done) | time=2649ms
INFO: ------------- Run sensors on project
INFO: Sensor Zero Coverage Sensor
INFO: Sensor Zero Coverage Sensor (done) | time=57ms
INFO: Sensor Java CPD Block Indexer
INFO: Sensor Java CPD Block Indexer (done) | time=318ms
INFO: SCM Publisher SCM provider for this project is: git
INFO: SCM Publisher 100 source files to be analyzed
INFO: SCM Publisher 0/100 source files have been analyzed (done) | time=78ms
WARN: Missing blame information for the following files:
WARN:   * Snippet_9340675.java
WARN:   * Snippet_4901677.java
WARN:   * Snippet_6975479.java
WARN:   * Snippet_9158392.java
WARN:   * Snippet_4140191.java
WARN:   * Snippet_9110608.java
WARN:   * Snippet_7239385.java
WARN:   * Snippet_7581965.java
WARN:   * Snippet_7373964.java
WARN:   * Snippet_6468434.java
WARN:   * Snippet_7379790.java
WARN:   * Snippet_7540579.java
WARN:   * Snippet_4219128.java
WARN:   * Snippet_8131397.java
WARN:   * Snippet_6009473.java
WARN:   * Snippet_4713471.java
WARN:   * Snippet_8904378.java
WARN:   * Snippet_8728601.java
WARN:   * Snippet_8574365.java
WARN:   * Snippet_5884892.java
WARN:   * Snippet_9127199.java
WARN:   * Snippet_4758737.java
WARN:   * Snippet_4948454.java
WARN:   * Snippet_8309635.java
WARN:   * Snippet_8621159.java
WARN:   * Snippet_7588699.java
WARN:   * Snippet_8214224.java
WARN:   * Snippet_9191083.java
WARN:   * Snippet_6876949.java
WARN:   * Snippet_5863439.java
WARN:   * Snippet_6174952.java
WARN:   * Snippet_8423597.java
WARN:   * Snippet_6871109.java
WARN:   * Snippet_9292929.java
WARN:   * Snippet_7979179.java
WARN:   * Snippet_8281103.java
WARN:   * Snippet_6847448.java
WARN:   * Snippet_5107511.java
WARN:   * Snippet_4431359.java
WARN:   * Snippet_6500087.java
WARN:   * Snippet_8916223.java
WARN:   * Snippet_8029682.java
WARN:   * Snippet_5148417.java
WARN:   * Snippet_5671828.java
WARN:   * Snippet_6637469.java
WARN:   * Snippet_6531904.java
WARN:   * Snippet_4995621.java
WARN:   * Snippet_4322497.java
WARN:   * Snippet_6579581.java
WARN:   * Snippet_9022587.java
WARN:   * Snippet_5111196.java
WARN:   * Snippet_8997948.java
WARN:   * Snippet_7246708.java
WARN:   * Snippet_8917324.java
WARN:   * Snippet_8954112.java
WARN:   * Snippet_6865229.java
WARN:   * Snippet_5273938.java
WARN:   * Snippet_6974414.java
WARN:   * Snippet_8887186.java
WARN:   * Snippet_9087398.java
WARN:   * Snippet_4044534.java
WARN:   * Snippet_5742756.java
WARN:   * Snippet_6119974.java
WARN:   * Snippet_7377288.java
WARN:   * Snippet_5389537.java
WARN:   * Snippet_6446491.java
WARN:   * Snippet_4848736.java
WARN:   * Snippet_9219509.java
WARN:   * Snippet_4371297.java
WARN:   * Snippet_7539038.java
WARN:   * Snippet_7451785.java
WARN:   * Snippet_8230789.java
WARN:   * Snippet_5752718.java
WARN:   * Snippet_4171343.java
WARN:   * Snippet_8226389.java
WARN:   * Snippet_7369780.java
WARN:   * Snippet_4265826.java
WARN:   * Snippet_8674484.java
WARN:   * Snippet_9293709.java
WARN:   * Snippet_9296213.java
WARN:   * Snippet_4248275.java
WARN:   * Snippet_4345393.java
WARN:   * Snippet_7022945.java
WARN:   * Snippet_7742878.java
WARN:   * Snippet_9312524.java
WARN:   * Snippet_9403827.java
WARN:   * Snippet_7125953.java
WARN:   * Snippet_8067041.java
WARN:   * Snippet_4823396.java
WARN:   * Snippet_6813948.java
WARN:   * Snippet_5299892.java
WARN:   * Snippet_4969128.java
WARN:   * Snippet_4471459.java
WARN:   * Snippet_7933439.java
WARN:   * Snippet_7168076.java
WARN:   * Snippet_5515839.java
WARN:   * Snippet_3807471.java
WARN:   * Snippet_7867125.java
WARN:   * Snippet_5470060.java
WARN:   * Snippet_6462072.java
WARN: This may lead to missing/broken features in SonarQube
INFO: CPD Executor 41 files had no CPD blocks
INFO: CPD Executor Calculating CPD for 59 files
INFO: CPD Executor CPD calculation finished (done) | time=41ms
INFO: SCM revision ID '26261eff0fdfe0b82ee446873a05666cce5522df'
INFO: Analysis report generated in 240ms, dir size=573.4 kB
INFO: Analysis report compressed in 516ms, zip size=255.7 kB
INFO: Analysis report uploaded in 115ms
INFO: ANALYSIS SUCCESSFUL, you can find the results at: http://localhost:9000/dashboard?id=tcc-snippets-final-3
INFO: Note that you will be able to access the updated dashboard once the server has processed the submitted analysis report
INFO: More about the report processing at http://localhost:9000/api/ce/task?id=63289ffd-0e4d-46f8-abd1-ea2c809009e4
INFO: Analysis total time: 46.021 s
INFO: ------------------------------------------------------------------------
INFO: EXECUTION SUCCESS
INFO: ------------------------------------------------------------------------
INFO: Total time: 50.514s
INFO: Final Memory: 18M/74M
INFO: ------------------------------------------------------------------------

================================================================================
[20/44] lote com 100 snippets
Arquivos:
Snippet_4628823.java
Snippet_4055848.java
Snippet_4651047.java
Snippet_4421462.java
Snippet_7232869.java
Snippet_8935536.java
Snippet_4139640.java
Snippet_3950225.java
Snippet_7294889.java
Snippet_7553936.java
Snippet_7389374.java
Snippet_9236949.java
Snippet_8212330.java
Snippet_9407577.java
Snippet_6605811.java
Snippet_9402805.java
Snippet_8790597.java
Snippet_7105505.java
Snippet_5314955.java
Snippet_5596973.java
Snippet_7698738.java
Snippet_7492060.java
Snippet_7330770.java
Snippet_4827311.java
Snippet_9189420.java
Snippet_8917471.java
Snippet_6909063.java
Snippet_7240692.java
Snippet_7900059.java
Snippet_5171785.java
Snippet_5760043.java
Snippet_5773565.java
Snippet_5420605.java
Snippet_4301650.java
Snippet_7574549.java
Snippet_7727470.java
Snippet_3764238.java
Snippet_7795065.java
Snippet_5499685.java
Snippet_7205731.java
Snippet_7424164.java
Snippet_6988534.java
Snippet_6854281.java
Snippet_9004407.java
Snippet_7754600.java
Snippet_4645346.java
Snippet_7231342.java
Snippet_7043386.java
Snippet_7144792.java
Snippet_4517572.java
Snippet_3732429.java
Snippet_5857044.java
Snippet_7680525.java
Snippet_4371699.java
Snippet_6921656.java
Snippet_5563186.java
Snippet_8198711.java
Snippet_4995171.java
Snippet_8866735.java
Snippet_7374308.java
Snippet_6889571.java
Snippet_8636574.java
Snippet_5218642.java
Snippet_6939776.java
Snippet_5935402.java
Snippet_5657934.java
Snippet_9331036.java
Snippet_7786735.java
Snippet_9301230.java
Snippet_6470701.java
Snippet_6810674.java
Snippet_9481601.java
Snippet_9142325.java
Snippet_9251392.java
Snippet_4933994.java
Snippet_7725751.java
Snippet_5257764.java
Snippet_4046009.java
Snippet_8495850.java
Snippet_4950142.java
Snippet_4804222.java
Snippet_5828468.java
Snippet_8962694.java
Snippet_5580284.java
Snippet_9295088.java
Snippet_8422970.java
Snippet_6443200.java
Snippet_3801914.java
Snippet_7002844.java
Snippet_7525975.java
Snippet_4923223.java
Snippet_6933417.java
Snippet_4162330.java
Snippet_9014115.java
Snippet_5698044.java
Snippet_4514229.java
Snippet_8049293.java
Snippet_8230505.java
Snippet_4460754.java
Snippet_8574638.java
INFO: Scanner configuration file: /home/oscar/sonar-scanner-5.0.1.3006-linux/conf/sonar-scanner.properties
INFO: Project root configuration file: /home/oscar/Área de trabalho/TCC-Artur-Jackson-e-Oscar-de-Brito--BaseMLCQ/sonar-trechos/generated-snippets-batch-run/sonar-project.properties
INFO: SonarScanner 5.0.1.3006
INFO: Java 17.0.7 Eclipse Adoptium (64-bit)
INFO: Linux 6.17.0-35-generic amd64
INFO: User cache: /home/oscar/.sonar/cache
INFO: Analyzing on SonarQube server 10.5.1.90531
INFO: Default locale: "pt_BR", source code encoding: "UTF-8"
INFO: Load global settings
INFO: Load global settings (done) | time=125ms
INFO: Server id: 147B411E-AZ1pIPMJY3k3y_epkpuj
INFO: User cache: /home/oscar/.sonar/cache
INFO: Loading required plugins
INFO: Load plugins index
INFO: Load plugins index (done) | time=77ms
INFO: Load/download plugins
INFO: Load/download plugins (done) | time=112ms
INFO: Process project properties
INFO: Process project properties (done) | time=21ms
INFO: Project key: tcc-snippets-final-3
INFO: Base dir: /home/oscar/Área de trabalho/TCC-Artur-Jackson-e-Oscar-de-Brito--BaseMLCQ/sonar-trechos/generated-snippets-batch-run
INFO: Working dir: /home/oscar/Área de trabalho/TCC-Artur-Jackson-e-Oscar-de-Brito--BaseMLCQ/sonar-trechos/generated-snippets-batch-run/.scannerwork
INFO: Load project settings for component key: 'tcc-snippets-final-3'
INFO: Load project settings for component key: 'tcc-snippets-final-3' (done) | time=27ms
INFO: Load quality profiles
INFO: Load quality profiles (done) | time=190ms
INFO: Load active rules
INFO: Load active rules (done) | time=7504ms
INFO: Load analysis cache
INFO: Load analysis cache (2.6 kB) | time=62ms
INFO: Preprocessing files...
INFO: 1 language detected in 101 preprocessed files
INFO: 0 files ignored because of scm ignore settings
INFO: Loading plugins for detected languages
INFO: Load/download plugins
INFO: Load/download plugins (done) | time=17ms
INFO: Inconsistent constructor declaration on bean with name 'org.sonarsource.scanner.api.internal.IsolatedClassloader@1a1d6a08-org.sonar.scanner.issue.IssueFilters': single autowire-marked constructor flagged as optional - this constructor is effectively required since there is no default constructor to fall back to: public org.sonar.scanner.issue.IssueFilters(org.sonar.api.batch.fs.internal.DefaultInputProject)
INFO: Load project repositories
INFO: Load project repositories (done) | time=48ms
INFO: Indexing files...
INFO: Project configuration:
INFO: 101 files indexed
INFO: Quality profile for java: TCC
INFO: ------------- Run sensors on module TCC Snippets Final 3
INFO: Load metrics repository
INFO: Load metrics repository (done) | time=47ms
INFO: Sensor JavaSensor [java]
INFO: No rules with 'symbolic-execution' tag were enabled, the Symbolic Execution Engine will not run during the analysis.
INFO: Server-side caching is enabled. The Java analyzer will not try to leverage data from a previous analysis.
INFO: Using ECJ batch to parse 100 Main java source files with batch size 156 KB.
INFO: Starting batch processing.
INFO: The Java analyzer cannot skip unchanged files in this context. A full analysis is performed for all files.
INFO: 100% analyzed
INFO: Batch processing: Done.
INFO: Did not optimize analysis for any files, performed a full analysis for all 100 files.
WARN: Dependencies/libraries were not provided for analysis of SOURCE files. The 'sonar.java.libraries' property is empty. Verify your configuration, as you might end up with less precise results.
WARN: Unresolved imports/types have been detected during analysis. Enable DEBUG mode to see them.
WARN: Use of preview features have been detected during analysis. Enable DEBUG mode to see them.
INFO: No "Test" source files to scan.
INFO: No "Generated" source files to scan.
INFO: Sensor JavaSensor [java] (done) | time=8684ms
INFO: Sensor SurefireSensor [java]
INFO: parsing [/home/oscar/Área de trabalho/TCC-Artur-Jackson-e-Oscar-de-Brito--BaseMLCQ/sonar-trechos/generated-snippets-batch-run/target/surefire-reports]
INFO: Sensor SurefireSensor [java] (done) | time=4ms
INFO: Sensor JaCoCo XML Report Importer [jacoco]
INFO: 'sonar.coverage.jacoco.xmlReportPaths' is not defined. Using default locations: target/site/jacoco/jacoco.xml,target/site/jacoco-it/jacoco.xml,build/reports/jacoco/test/jacocoTestReport.xml
INFO: No report imported, no coverage information will be imported by JaCoCo XML Report Importer
INFO: Sensor JaCoCo XML Report Importer [jacoco] (done) | time=2ms
INFO: Sensor IaC Docker Sensor [iac]
INFO: 0 source files to be analyzed
INFO: 0/0 source files have been analyzed
INFO: Sensor IaC Docker Sensor [iac] (done) | time=188ms
INFO: Sensor TextAndSecretsSensor [text]
INFO: Available processors: 2
INFO: Using 2 threads for analysis.
INFO: 100 source files to be analyzed
INFO: 100/100 source files have been analyzed
INFO: Sensor TextAndSecretsSensor [text] (done) | time=2374ms
INFO: ------------- Run sensors on project
INFO: Sensor Zero Coverage Sensor
INFO: Sensor Zero Coverage Sensor (done) | time=115ms
INFO: Sensor Java CPD Block Indexer
INFO: Sensor Java CPD Block Indexer (done) | time=290ms
INFO: SCM Publisher SCM provider for this project is: git
INFO: SCM Publisher 100 source files to be analyzed
INFO: SCM Publisher 0/100 source files have been analyzed (done) | time=96ms
WARN: Missing blame information for the following files:
WARN:   * Snippet_5314955.java
WARN:   * Snippet_9142325.java
WARN:   * Snippet_6443200.java
WARN:   * Snippet_5420605.java
WARN:   * Snippet_6988534.java
WARN:   * Snippet_7205731.java
WARN:   * Snippet_4995171.java
WARN:   * Snippet_7727470.java
WARN:   * Snippet_4162330.java
WARN:   * Snippet_4933994.java
WARN:   * Snippet_6605811.java
WARN:   * Snippet_5773565.java
WARN:   * Snippet_6810674.java
WARN:   * Snippet_5935402.java
WARN:   * Snippet_8230505.java
WARN:   * Snippet_5257764.java
WARN:   * Snippet_3950225.java
WARN:   * Snippet_6470701.java
WARN:   * Snippet_4628823.java
WARN:   * Snippet_4804222.java
WARN:   * Snippet_7002844.java
WARN:   * Snippet_7330770.java
WARN:   * Snippet_5218642.java
WARN:   * Snippet_5698044.java
WARN:   * Snippet_4645346.java
WARN:   * Snippet_4517572.java
WARN:   * Snippet_7492060.java
WARN:   * Snippet_4371699.java
WARN:   * Snippet_7232869.java
WARN:   * Snippet_5828468.java
WARN:   * Snippet_5499685.java
WARN:   * Snippet_7144792.java
WARN:   * Snippet_9236949.java
WARN:   * Snippet_7680525.java
WARN:   * Snippet_8866735.java
WARN:   * Snippet_5857044.java
WARN:   * Snippet_8935536.java
WARN:   * Snippet_7525975.java
WARN:   * Snippet_8422970.java
WARN:   * Snippet_4950142.java
WARN:   * Snippet_8574638.java
WARN:   * Snippet_6939776.java
WARN:   * Snippet_9189420.java
WARN:   * Snippet_5171785.java
WARN:   * Snippet_7786735.java
WARN:   * Snippet_7374308.java
WARN:   * Snippet_9402805.java
WARN:   * Snippet_8917471.java
WARN:   * Snippet_5657934.java
WARN:   * Snippet_4460754.java
WARN:   * Snippet_9407577.java
WARN:   * Snippet_7900059.java
WARN:   * Snippet_4421462.java
WARN:   * Snippet_8790597.java
WARN:   * Snippet_5760043.java
WARN:   * Snippet_3801914.java
WARN:   * Snippet_4651047.java
WARN:   * Snippet_7043386.java
WARN:   * Snippet_7795065.java
WARN:   * Snippet_6921656.java
WARN:   * Snippet_6889571.java
WARN:   * Snippet_8636574.java
WARN:   * Snippet_4827311.java
WARN:   * Snippet_8962694.java
WARN:   * Snippet_7698738.java
WARN:   * Snippet_7424164.java
WARN:   * Snippet_9331036.java
WARN:   * Snippet_7574549.java
WARN:   * Snippet_8212330.java
WARN:   * Snippet_8049293.java
WARN:   * Snippet_9251392.java
WARN:   * Snippet_4046009.java
WARN:   * Snippet_9004407.java
WARN:   * Snippet_4923223.java
WARN:   * Snippet_5596973.java
WARN:   * Snippet_7240692.java
WARN:   * Snippet_4301650.java
WARN:   * Snippet_9014115.java
WARN:   * Snippet_6854281.java
WARN:   * Snippet_4055848.java
WARN:   * Snippet_7725751.java
WARN:   * Snippet_9481601.java
WARN:   * Snippet_5563186.java
WARN:   * Snippet_8495850.java
WARN:   * Snippet_7754600.java
WARN:   * Snippet_5580284.java
WARN:   * Snippet_6909063.java
WARN:   * Snippet_7105505.java
WARN:   * Snippet_3764238.java
WARN:   * Snippet_7553936.java
WARN:   * Snippet_9295088.java
WARN:   * Snippet_7294889.java
WARN:   * Snippet_8198711.java
WARN:   * Snippet_7231342.java
WARN:   * Snippet_9301230.java
WARN:   * Snippet_3732429.java
WARN:   * Snippet_4139640.java
WARN:   * Snippet_4514229.java
WARN:   * Snippet_7389374.java
WARN:   * Snippet_6933417.java
WARN: This may lead to missing/broken features in SonarQube
INFO: CPD Executor 45 files had no CPD blocks
INFO: CPD Executor Calculating CPD for 55 files
INFO: CPD Executor CPD calculation finished (done) | time=83ms
INFO: SCM revision ID '26261eff0fdfe0b82ee446873a05666cce5522df'
INFO: Analysis report generated in 242ms, dir size=832.0 kB
INFO: Analysis report compressed in 533ms, zip size=315.6 kB
INFO: Analysis report uploaded in 33ms
INFO: ANALYSIS SUCCESSFUL, you can find the results at: http://localhost:9000/dashboard?id=tcc-snippets-final-3
INFO: Note that you will be able to access the updated dashboard once the server has processed the submitted analysis report
INFO: More about the report processing at http://localhost:9000/api/ce/task?id=24c9bc99-48f5-42d0-b527-de416b9a1b7e
INFO: Analysis total time: 24.279 s
INFO: ------------------------------------------------------------------------
INFO: EXECUTION SUCCESS
INFO: ------------------------------------------------------------------------
INFO: Total time: 27.820s
INFO: Final Memory: 19M/74M
INFO: ------------------------------------------------------------------------

================================================================================
[21/44] lote com 100 snippets
Arquivos:
Snippet_9205245.java
Snippet_9238213.java
Snippet_3925764.java
Snippet_6328926.java
Snippet_8560901.java
Snippet_3975605.java
Snippet_5278260.java
Snippet_6507301.java
Snippet_7480589.java
Snippet_5876865.java
Snippet_7471950.java
Snippet_7879764.java
Snippet_5723559.java
Snippet_4737119.java
Snippet_7090476.java
Snippet_8911068.java
Snippet_7798188.java
Snippet_4348567.java
Snippet_9006040.java
Snippet_4505549.java
Snippet_7938714.java
Snippet_5111193.java
Snippet_6998192.java
Snippet_3825676.java
Snippet_4600418.java
Snippet_3813750.java
Snippet_7808358.java
Snippet_7501823.java
Snippet_7429354.java
Snippet_4514232.java
Snippet_5616304.java
Snippet_9502340.java
Snippet_7900945.java
Snippet_7339811.java
Snippet_7245998.java
Snippet_3945316.java
Snippet_9298816.java
Snippet_3710201.java
Snippet_8233737.java
Snippet_4336972.java
Snippet_4794476.java
Snippet_8219927.java
Snippet_5417605.java
Snippet_8424288.java
Snippet_6044730.java
Snippet_8526483.java
Snippet_4865706.java
Snippet_5111458.java
Snippet_6483192.java
Snippet_3926659.java
Snippet_6915447.java
Snippet_7697841.java
Snippet_7600324.java
Snippet_6923170.java
Snippet_5784280.java
Snippet_4113343.java
Snippet_9376700.java
Snippet_6836240.java
Snippet_7233796.java
Snippet_6458150.java
Snippet_6229861.java
Snippet_6457553.java
Snippet_8934270.java
Snippet_7627967.java
Snippet_6502815.java
Snippet_5419311.java
Snippet_4432151.java
Snippet_8696357.java
Snippet_5907678.java
Snippet_5737047.java
Snippet_5176784.java
Snippet_7423016.java
Snippet_4142085.java
Snippet_4328225.java
Snippet_4866077.java
Snippet_6114104.java
Snippet_7284429.java
Snippet_4260510.java
Snippet_6225158.java
Snippet_6920597.java
Snippet_8904678.java
Snippet_4197031.java
Snippet_7451699.java
Snippet_9003172.java
Snippet_9096815.java
Snippet_5508642.java
Snippet_9516656.java
Snippet_7341179.java
Snippet_6920454.java
Snippet_5478880.java
Snippet_4616465.java
Snippet_8624129.java
Snippet_8776987.java
Snippet_5895731.java
Snippet_6030541.java
Snippet_8260331.java
Snippet_8441008.java
Snippet_9213827.java
Snippet_8224488.java
Snippet_5222671.java
INFO: Scanner configuration file: /home/oscar/sonar-scanner-5.0.1.3006-linux/conf/sonar-scanner.properties
INFO: Project root configuration file: /home/oscar/Área de trabalho/TCC-Artur-Jackson-e-Oscar-de-Brito--BaseMLCQ/sonar-trechos/generated-snippets-batch-run/sonar-project.properties
INFO: SonarScanner 5.0.1.3006
INFO: Java 17.0.7 Eclipse Adoptium (64-bit)
INFO: Linux 6.17.0-35-generic amd64
INFO: User cache: /home/oscar/.sonar/cache
INFO: Analyzing on SonarQube server 10.5.1.90531
INFO: Default locale: "pt_BR", source code encoding: "UTF-8"
INFO: Load global settings
INFO: Load global settings (done) | time=141ms
INFO: Server id: 147B411E-AZ1pIPMJY3k3y_epkpuj
INFO: User cache: /home/oscar/.sonar/cache
INFO: Loading required plugins
INFO: Load plugins index
INFO: Load plugins index (done) | time=89ms
INFO: Load/download plugins
INFO: Load/download plugins (done) | time=78ms
INFO: Process project properties
INFO: Process project properties (done) | time=12ms
INFO: Project key: tcc-snippets-final-3
INFO: Base dir: /home/oscar/Área de trabalho/TCC-Artur-Jackson-e-Oscar-de-Brito--BaseMLCQ/sonar-trechos/generated-snippets-batch-run
INFO: Working dir: /home/oscar/Área de trabalho/TCC-Artur-Jackson-e-Oscar-de-Brito--BaseMLCQ/sonar-trechos/generated-snippets-batch-run/.scannerwork
INFO: Load project settings for component key: 'tcc-snippets-final-3'
INFO: Load project settings for component key: 'tcc-snippets-final-3' (done) | time=34ms
INFO: Load quality profiles
INFO: Load quality profiles (done) | time=91ms
INFO: Load active rules
INFO: Load active rules (done) | time=7220ms
INFO: Load analysis cache
INFO: Load analysis cache (2.6 kB) | time=26ms
INFO: Preprocessing files...
INFO: 1 language detected in 101 preprocessed files
INFO: 0 files ignored because of scm ignore settings
INFO: Loading plugins for detected languages
INFO: Load/download plugins
INFO: Load/download plugins (done) | time=12ms
INFO: Inconsistent constructor declaration on bean with name 'org.sonarsource.scanner.api.internal.IsolatedClassloader@1a1d6a08-org.sonar.scanner.issue.IssueFilters': single autowire-marked constructor flagged as optional - this constructor is effectively required since there is no default constructor to fall back to: public org.sonar.scanner.issue.IssueFilters(org.sonar.api.batch.fs.internal.DefaultInputProject)
INFO: Load project repositories
INFO: Load project repositories (done) | time=40ms
INFO: Indexing files...
INFO: Project configuration:
INFO: 101 files indexed
INFO: Quality profile for java: TCC
INFO: ------------- Run sensors on module TCC Snippets Final 3
INFO: Load metrics repository
INFO: Load metrics repository (done) | time=87ms
INFO: Sensor JavaSensor [java]
INFO: No rules with 'symbolic-execution' tag were enabled, the Symbolic Execution Engine will not run during the analysis.
INFO: Server-side caching is enabled. The Java analyzer will not try to leverage data from a previous analysis.
INFO: Using ECJ batch to parse 100 Main java source files with batch size 156 KB.
INFO: Starting batch processing.
INFO: The Java analyzer cannot skip unchanged files in this context. A full analysis is performed for all files.
INFO: 100% analyzed
INFO: Batch processing: Done.
INFO: Did not optimize analysis for any files, performed a full analysis for all 100 files.
WARN: Dependencies/libraries were not provided for analysis of SOURCE files. The 'sonar.java.libraries' property is empty. Verify your configuration, as you might end up with less precise results.
WARN: Unresolved imports/types have been detected during analysis. Enable DEBUG mode to see them.
WARN: Use of preview features have been detected during analysis. Enable DEBUG mode to see them.
INFO: No "Test" source files to scan.
INFO: No "Generated" source files to scan.
INFO: Sensor JavaSensor [java] (done) | time=6833ms
INFO: Sensor SurefireSensor [java]
INFO: parsing [/home/oscar/Área de trabalho/TCC-Artur-Jackson-e-Oscar-de-Brito--BaseMLCQ/sonar-trechos/generated-snippets-batch-run/target/surefire-reports]
INFO: Sensor SurefireSensor [java] (done) | time=2ms
INFO: Sensor JaCoCo XML Report Importer [jacoco]
INFO: 'sonar.coverage.jacoco.xmlReportPaths' is not defined. Using default locations: target/site/jacoco/jacoco.xml,target/site/jacoco-it/jacoco.xml,build/reports/jacoco/test/jacocoTestReport.xml
INFO: No report imported, no coverage information will be imported by JaCoCo XML Report Importer
INFO: Sensor JaCoCo XML Report Importer [jacoco] (done) | time=2ms
INFO: Sensor IaC Docker Sensor [iac]
INFO: 0 source files to be analyzed
INFO: 0/0 source files have been analyzed
INFO: Sensor IaC Docker Sensor [iac] (done) | time=97ms
INFO: Sensor TextAndSecretsSensor [text]
INFO: Available processors: 2
INFO: Using 2 threads for analysis.
INFO: 100 source files to be analyzed
INFO: 100/100 source files have been analyzed
INFO: Sensor TextAndSecretsSensor [text] (done) | time=1532ms
INFO: ------------- Run sensors on project
INFO: Sensor Zero Coverage Sensor
INFO: Sensor Zero Coverage Sensor (done) | time=44ms
INFO: Sensor Java CPD Block Indexer
INFO: Sensor Java CPD Block Indexer (done) | time=225ms
INFO: SCM Publisher SCM provider for this project is: git
INFO: SCM Publisher 100 source files to be analyzed
INFO: SCM Publisher 0/100 source files have been analyzed (done) | time=77ms
WARN: Missing blame information for the following files:
WARN:   * Snippet_5907678.java
WARN:   * Snippet_4737119.java
WARN:   * Snippet_5278260.java
WARN:   * Snippet_8260331.java
WARN:   * Snippet_9298816.java
WARN:   * Snippet_9006040.java
WARN:   * Snippet_7341179.java
WARN:   * Snippet_7284429.java
WARN:   * Snippet_4794476.java
WARN:   * Snippet_5737047.java
WARN:   * Snippet_5876865.java
WARN:   * Snippet_8224488.java
WARN:   * Snippet_4866077.java
WARN:   * Snippet_7245998.java
WARN:   * Snippet_6915447.java
WARN:   * Snippet_5111458.java
WARN:   * Snippet_7627967.java
WARN:   * Snippet_7879764.java
WARN:   * Snippet_6225158.java
WARN:   * Snippet_5784280.java
WARN:   * Snippet_4142085.java
WARN:   * Snippet_5723559.java
WARN:   * Snippet_6920597.java
WARN:   * Snippet_4432151.java
WARN:   * Snippet_4348567.java
WARN:   * Snippet_3710201.java
WARN:   * Snippet_9502340.java
WARN:   * Snippet_6457553.java
WARN:   * Snippet_7233796.java
WARN:   * Snippet_4505549.java
WARN:   * Snippet_7938714.java
WARN:   * Snippet_6328926.java
WARN:   * Snippet_5417605.java
WARN:   * Snippet_3975605.java
WARN:   * Snippet_6030541.java
WARN:   * Snippet_9516656.java
WARN:   * Snippet_3825676.java
WARN:   * Snippet_7900945.java
WARN:   * Snippet_7480589.java
WARN:   * Snippet_6920454.java
WARN:   * Snippet_8624129.java
WARN:   * Snippet_7501823.java
WARN:   * Snippet_7090476.java
WARN:   * Snippet_9376700.java
WARN:   * Snippet_5478880.java
WARN:   * Snippet_4197031.java
WARN:   * Snippet_8934270.java
WARN:   * Snippet_7451699.java
WARN:   * Snippet_5176784.java
WARN:   * Snippet_6229861.java
WARN:   * Snippet_7600324.java
WARN:   * Snippet_4600418.java
WARN:   * Snippet_5419311.java
WARN:   * Snippet_8560901.java
WARN:   * Snippet_4336972.java
WARN:   * Snippet_5222671.java
WARN:   * Snippet_5616304.java
WARN:   * Snippet_8424288.java
WARN:   * Snippet_6507301.java
WARN:   * Snippet_6483192.java
WARN:   * Snippet_8219927.java
WARN:   * Snippet_5895731.java
WARN:   * Snippet_7339811.java
WARN:   * Snippet_8526483.java
WARN:   * Snippet_9003172.java
WARN:   * Snippet_3945316.java
WARN:   * Snippet_8696357.java
WARN:   * Snippet_7808358.java
WARN:   * Snippet_9205245.java
WARN:   * Snippet_7798188.java
WARN:   * Snippet_4113343.java
WARN:   * Snippet_4865706.java
WARN:   * Snippet_6502815.java
WARN:   * Snippet_6836240.java
WARN:   * Snippet_8233737.java
WARN:   * Snippet_8441008.java
WARN:   * Snippet_5508642.java
WARN:   * Snippet_9238213.java
WARN:   * Snippet_5111193.java
WARN:   * Snippet_4260510.java
WARN:   * Snippet_7697841.java
WARN:   * Snippet_3813750.java
WARN:   * Snippet_8911068.java
WARN:   * Snippet_4514232.java
WARN:   * Snippet_6044730.java
WARN:   * Snippet_6998192.java
WARN:   * Snippet_6114104.java
WARN:   * Snippet_7429354.java
WARN:   * Snippet_7423016.java
WARN:   * Snippet_9096815.java
WARN:   * Snippet_8776987.java
WARN:   * Snippet_8904678.java
WARN:   * Snippet_3925764.java
WARN:   * Snippet_4328225.java
WARN:   * Snippet_6923170.java
WARN:   * Snippet_7471950.java
WARN:   * Snippet_6458150.java
WARN:   * Snippet_3926659.java
WARN:   * Snippet_4616465.java
WARN:   * Snippet_9213827.java
WARN: This may lead to missing/broken features in SonarQube
INFO: CPD Executor 46 files had no CPD blocks
INFO: CPD Executor Calculating CPD for 54 files
INFO: CPD Executor CPD calculation finished (done) | time=41ms
INFO: SCM revision ID '26261eff0fdfe0b82ee446873a05666cce5522df'
INFO: Analysis report generated in 212ms, dir size=524.9 kB
INFO: Analysis report compressed in 431ms, zip size=241.0 kB
INFO: Analysis report uploaded in 28ms
INFO: ANALYSIS SUCCESSFUL, you can find the results at: http://localhost:9000/dashboard?id=tcc-snippets-final-3
INFO: Note that you will be able to access the updated dashboard once the server has processed the submitted analysis report
INFO: More about the report processing at http://localhost:9000/api/ce/task?id=499acae5-2fe6-4911-a398-4e053f11b7c7
INFO: Analysis total time: 20.462 s
INFO: ------------------------------------------------------------------------
INFO: EXECUTION SUCCESS
INFO: ------------------------------------------------------------------------
INFO: Total time: 23.382s
INFO: Final Memory: 18M/74M
INFO: ------------------------------------------------------------------------

================================================================================
[22/44] lote com 100 snippets
Arquivos:
Snippet_6778053.java
Snippet_4849963.java
Snippet_6310723.java
Snippet_8967424.java
Snippet_5173084.java
Snippet_6457258.java
Snippet_3856873.java
Snippet_6914478.java
Snippet_4657705.java
Snippet_4979404.java
Snippet_7233373.java
Snippet_7982015.java
Snippet_3846700.java
Snippet_7130702.java
Snippet_8430551.java
Snippet_9312894.java
Snippet_8316315.java
Snippet_4457261.java
Snippet_6465751.java
Snippet_7074267.java
Snippet_7148054.java
Snippet_4276035.java
Snippet_6785826.java
Snippet_4578967.java
Snippet_7400506.java
Snippet_7779168.java
Snippet_7092657.java
Snippet_7855032.java
Snippet_5515133.java
Snippet_4737230.java
Snippet_5393638.java
Snippet_7005446.java
Snippet_4447157.java
Snippet_8494231.java
Snippet_8403578.java
Snippet_6535841.java
Snippet_4272508.java
Snippet_3951549.java
Snippet_7964380.java
Snippet_5994992.java
Snippet_7307441.java
Snippet_4509296.java
Snippet_4288257.java
Snippet_5503308.java
Snippet_6533723.java
Snippet_8547408.java
Snippet_8592348.java
Snippet_8284183.java
Snippet_5354848.java
Snippet_4276865.java
Snippet_7586356.java
Snippet_5863832.java
Snippet_7032722.java
Snippet_7743791.java
Snippet_6695177.java
Snippet_8804785.java
Snippet_7094545.java
Snippet_4098093.java
Snippet_4295235.java
Snippet_8457240.java
Snippet_8406115.java
Snippet_8089702.java
Snippet_7286228.java
Snippet_7160761.java
Snippet_9255886.java
Snippet_6953316.java
Snippet_4602360.java
Snippet_7770031.java
Snippet_7295107.java
Snippet_6494643.java
Snippet_5602164.java
Snippet_7388482.java
Snippet_9313540.java
Snippet_5241829.java
Snippet_5177811.java
Snippet_3998684.java
Snippet_5516822.java
Snippet_8572333.java
Snippet_4106345.java
Snippet_6078015.java
Snippet_4471447.java
Snippet_8904606.java
Snippet_8254484.java
Snippet_7465296.java
Snippet_4260514.java
Snippet_9352823.java
Snippet_6431408.java
Snippet_5141876.java
Snippet_4671256.java
Snippet_6084033.java
Snippet_4955613.java
Snippet_9000410.java
Snippet_9272415.java
Snippet_5752009.java
Snippet_6534806.java
Snippet_6458156.java
Snippet_4532155.java
Snippet_3827991.java
Snippet_7757865.java
Snippet_8965373.java
INFO: Scanner configuration file: /home/oscar/sonar-scanner-5.0.1.3006-linux/conf/sonar-scanner.properties
INFO: Project root configuration file: /home/oscar/Área de trabalho/TCC-Artur-Jackson-e-Oscar-de-Brito--BaseMLCQ/sonar-trechos/generated-snippets-batch-run/sonar-project.properties
INFO: SonarScanner 5.0.1.3006
INFO: Java 17.0.7 Eclipse Adoptium (64-bit)
INFO: Linux 6.17.0-35-generic amd64
INFO: User cache: /home/oscar/.sonar/cache
INFO: Analyzing on SonarQube server 10.5.1.90531
INFO: Default locale: "pt_BR", source code encoding: "UTF-8"
INFO: Load global settings
INFO: Load global settings (done) | time=199ms
INFO: Server id: 147B411E-AZ1pIPMJY3k3y_epkpuj
INFO: User cache: /home/oscar/.sonar/cache
INFO: Loading required plugins
INFO: Load plugins index
INFO: Load plugins index (done) | time=104ms
INFO: Load/download plugins
INFO: Load/download plugins (done) | time=269ms
INFO: Process project properties
INFO: Process project properties (done) | time=32ms
INFO: Project key: tcc-snippets-final-3
INFO: Base dir: /home/oscar/Área de trabalho/TCC-Artur-Jackson-e-Oscar-de-Brito--BaseMLCQ/sonar-trechos/generated-snippets-batch-run
INFO: Working dir: /home/oscar/Área de trabalho/TCC-Artur-Jackson-e-Oscar-de-Brito--BaseMLCQ/sonar-trechos/generated-snippets-batch-run/.scannerwork
INFO: Load project settings for component key: 'tcc-snippets-final-3'
INFO: Load project settings for component key: 'tcc-snippets-final-3' (done) | time=48ms
INFO: Load quality profiles
INFO: Load quality profiles (done) | time=304ms
INFO: Load active rules
INFO: Load active rules (done) | time=9605ms
INFO: Load analysis cache
INFO: Load analysis cache (2.6 kB) | time=74ms
INFO: Preprocessing files...
INFO: 1 language detected in 101 preprocessed files
INFO: 0 files ignored because of scm ignore settings
INFO: Loading plugins for detected languages
INFO: Load/download plugins
INFO: Load/download plugins (done) | time=36ms
INFO: Inconsistent constructor declaration on bean with name 'org.sonarsource.scanner.api.internal.IsolatedClassloader@1a1d6a08-org.sonar.scanner.issue.IssueFilters': single autowire-marked constructor flagged as optional - this constructor is effectively required since there is no default constructor to fall back to: public org.sonar.scanner.issue.IssueFilters(org.sonar.api.batch.fs.internal.DefaultInputProject)
INFO: Load project repositories
INFO: Load project repositories (done) | time=77ms
INFO: Indexing files...
INFO: Project configuration:
INFO: 101 files indexed
INFO: Quality profile for java: TCC
INFO: ------------- Run sensors on module TCC Snippets Final 3
INFO: Load metrics repository
INFO: Load metrics repository (done) | time=187ms
INFO: Sensor JavaSensor [java]
INFO: No rules with 'symbolic-execution' tag were enabled, the Symbolic Execution Engine will not run during the analysis.
INFO: Server-side caching is enabled. The Java analyzer will not try to leverage data from a previous analysis.
INFO: Using ECJ batch to parse 100 Main java source files with batch size 156 KB.
INFO: Starting batch processing.
INFO: The Java analyzer cannot skip unchanged files in this context. A full analysis is performed for all files.
INFO: 100% analyzed
INFO: Batch processing: Done.
INFO: Did not optimize analysis for any files, performed a full analysis for all 100 files.
WARN: Dependencies/libraries were not provided for analysis of SOURCE files. The 'sonar.java.libraries' property is empty. Verify your configuration, as you might end up with less precise results.
WARN: Unresolved imports/types have been detected during analysis. Enable DEBUG mode to see them.
WARN: Use of preview features have been detected during analysis. Enable DEBUG mode to see them.
INFO: No "Test" source files to scan.
INFO: No "Generated" source files to scan.
INFO: Sensor JavaSensor [java] (done) | time=10856ms
INFO: Sensor SurefireSensor [java]
INFO: parsing [/home/oscar/Área de trabalho/TCC-Artur-Jackson-e-Oscar-de-Brito--BaseMLCQ/sonar-trechos/generated-snippets-batch-run/target/surefire-reports]
INFO: Sensor SurefireSensor [java] (done) | time=2ms
INFO: Sensor JaCoCo XML Report Importer [jacoco]
INFO: 'sonar.coverage.jacoco.xmlReportPaths' is not defined. Using default locations: target/site/jacoco/jacoco.xml,target/site/jacoco-it/jacoco.xml,build/reports/jacoco/test/jacocoTestReport.xml
INFO: No report imported, no coverage information will be imported by JaCoCo XML Report Importer
INFO: Sensor JaCoCo XML Report Importer [jacoco] (done) | time=3ms
INFO: Sensor IaC Docker Sensor [iac]
INFO: 0 source files to be analyzed
INFO: 0/0 source files have been analyzed
INFO: Sensor IaC Docker Sensor [iac] (done) | time=186ms
INFO: Sensor TextAndSecretsSensor [text]
INFO: Available processors: 2
INFO: Using 2 threads for analysis.
INFO: 100 source files to be analyzed
INFO: 100/100 source files have been analyzed
INFO: Sensor TextAndSecretsSensor [text] (done) | time=1529ms
INFO: ------------- Run sensors on project
INFO: Sensor Zero Coverage Sensor
INFO: Sensor Zero Coverage Sensor (done) | time=54ms
INFO: Sensor Java CPD Block Indexer
INFO: Sensor Java CPD Block Indexer (done) | time=221ms
INFO: SCM Publisher SCM provider for this project is: git
INFO: SCM Publisher 100 source files to be analyzed
INFO: SCM Publisher 0/100 source files have been analyzed (done) | time=125ms
WARN: Missing blame information for the following files:
WARN:   * Snippet_4272508.java
WARN:   * Snippet_5393638.java
WARN:   * Snippet_9272415.java
WARN:   * Snippet_6953316.java
WARN:   * Snippet_8430551.java
WARN:   * Snippet_5241829.java
WARN:   * Snippet_5515133.java
WARN:   * Snippet_4106345.java
WARN:   * Snippet_9313540.java
WARN:   * Snippet_7295107.java
WARN:   * Snippet_7074267.java
WARN:   * Snippet_6431408.java
WARN:   * Snippet_6494643.java
WARN:   * Snippet_8316315.java
WARN:   * Snippet_4288257.java
WARN:   * Snippet_7032722.java
WARN:   * Snippet_4578967.java
WARN:   * Snippet_9255886.java
WARN:   * Snippet_8965373.java
WARN:   * Snippet_4098093.java
WARN:   * Snippet_9312894.java
WARN:   * Snippet_7148054.java
WARN:   * Snippet_7307441.java
WARN:   * Snippet_5173084.java
WARN:   * Snippet_4295235.java
WARN:   * Snippet_7005446.java
WARN:   * Snippet_7964380.java
WARN:   * Snippet_6695177.java
WARN:   * Snippet_5752009.java
WARN:   * Snippet_8494231.java
WARN:   * Snippet_6535841.java
WARN:   * Snippet_8284183.java
WARN:   * Snippet_6465751.java
WARN:   * Snippet_4276035.java
WARN:   * Snippet_4955613.java
WARN:   * Snippet_8403578.java
WARN:   * Snippet_3856873.java
WARN:   * Snippet_7233373.java
WARN:   * Snippet_8967424.java
WARN:   * Snippet_7130702.java
WARN:   * Snippet_4849963.java
WARN:   * Snippet_7855032.java
WARN:   * Snippet_6310723.java
WARN:   * Snippet_8406115.java
WARN:   * Snippet_8457240.java
WARN:   * Snippet_7092657.java
WARN:   * Snippet_5503308.java
WARN:   * Snippet_4447157.java
WARN:   * Snippet_4260514.java
WARN:   * Snippet_6533723.java
WARN:   * Snippet_6078015.java
WARN:   * Snippet_5177811.java
WARN:   * Snippet_7094545.java
WARN:   * Snippet_5994992.java
WARN:   * Snippet_4471447.java
WARN:   * Snippet_7465296.java
WARN:   * Snippet_6084033.java
WARN:   * Snippet_8089702.java
WARN:   * Snippet_8547408.java
WARN:   * Snippet_4457261.java
WARN:   * Snippet_8904606.java
WARN:   * Snippet_7770031.java
WARN:   * Snippet_6785826.java
WARN:   * Snippet_4602360.java
WARN:   * Snippet_4737230.java
WARN:   * Snippet_7286228.java
WARN:   * Snippet_7982015.java
WARN:   * Snippet_7160761.java
WARN:   * Snippet_7586356.java
WARN:   * Snippet_5516822.java
WARN:   * Snippet_7743791.java
WARN:   * Snippet_3846700.java
WARN:   * Snippet_6914478.java
WARN:   * Snippet_3998684.java
WARN:   * Snippet_8804785.java
WARN:   * Snippet_9352823.java
WARN:   * Snippet_4657705.java
WARN:   * Snippet_8254484.java
WARN:   * Snippet_4532155.java
WARN:   * Snippet_4671256.java
WARN:   * Snippet_7757865.java
WARN:   * Snippet_8592348.java
WARN:   * Snippet_3827991.java
WARN:   * Snippet_5354848.java
WARN:   * Snippet_6534806.java
WARN:   * Snippet_4509296.java
WARN:   * Snippet_3951549.java
WARN:   * Snippet_5141876.java
WARN:   * Snippet_5863832.java
WARN:   * Snippet_4276865.java
WARN:   * Snippet_7779168.java
WARN:   * Snippet_8572333.java
WARN:   * Snippet_7400506.java
WARN:   * Snippet_6457258.java
WARN:   * Snippet_9000410.java
WARN:   * Snippet_6778053.java
WARN:   * Snippet_6458156.java
WARN:   * Snippet_4979404.java
WARN:   * Snippet_5602164.java
WARN:   * Snippet_7388482.java
WARN: This may lead to missing/broken features in SonarQube
INFO: CPD Executor 48 files had no CPD blocks
INFO: CPD Executor Calculating CPD for 52 files
INFO: CPD Executor CPD calculation finished (done) | time=52ms
INFO: SCM revision ID '26261eff0fdfe0b82ee446873a05666cce5522df'
INFO: Analysis report generated in 171ms, dir size=524.3 kB
INFO: Analysis report compressed in 900ms, zip size=233.0 kB
INFO: Analysis report uploaded in 127ms
INFO: ANALYSIS SUCCESSFUL, you can find the results at: http://localhost:9000/dashboard?id=tcc-snippets-final-3
INFO: Note that you will be able to access the updated dashboard once the server has processed the submitted analysis report
INFO: More about the report processing at http://localhost:9000/api/ce/task?id=11182a8c-94bb-419d-b7d8-4d00b04cdedd
INFO: Analysis total time: 30.590 s
INFO: ------------------------------------------------------------------------
INFO: EXECUTION SUCCESS
INFO: ------------------------------------------------------------------------
INFO: Total time: 35.335s
INFO: Final Memory: 18M/74M
INFO: ------------------------------------------------------------------------

================================================================================
[23/44] lote com 100 snippets
Arquivos:
Snippet_7294667.java
Snippet_5337101.java
Snippet_7440963.java
Snippet_9217401.java
Snippet_6624087.java
Snippet_6962878.java
Snippet_7137322.java
Snippet_6800764.java
Snippet_5666367.java
Snippet_7461973.java
Snippet_9104666.java
Snippet_4401367.java
Snippet_3862557.java
Snippet_7711083.java
Snippet_8268165.java
Snippet_5634327.java
Snippet_4798652.java
Snippet_4028511.java
Snippet_7681481.java
Snippet_3870545.java
Snippet_7777067.java
Snippet_9457050.java
Snippet_9484429.java
Snippet_4432196.java
Snippet_6516443.java
Snippet_5615923.java
Snippet_8778114.java
Snippet_7972876.java
Snippet_3963415.java
Snippet_7561940.java
Snippet_6011512.java
Snippet_5551982.java
Snippet_9192832.java
Snippet_6088450.java
Snippet_5543924.java
Snippet_6066851.java
Snippet_4453800.java
Snippet_5958136.java
Snippet_8601288.java
Snippet_8145522.java
Snippet_5207888.java
Snippet_7222257.java
Snippet_4069688.java
Snippet_7000071.java
Snippet_7824232.java
Snippet_5193317.java
Snippet_8978193.java
Snippet_4503220.java
Snippet_7215246.java
Snippet_7605359.java
Snippet_5948040.java
Snippet_4081252.java
Snippet_8934300.java
Snippet_6537106.java
Snippet_7446209.java
Snippet_8461674.java
Snippet_6446899.java
Snippet_4534678.java
Snippet_7348825.java
Snippet_8571818.java
Snippet_7152802.java
Snippet_5815298.java
Snippet_6017760.java
Snippet_5654277.java
Snippet_7899540.java
Snippet_7280600.java
Snippet_7678894.java
Snippet_6925834.java
Snippet_6888310.java
Snippet_5145744.java
Snippet_8201878.java
Snippet_3875268.java
Snippet_4916648.java
Snippet_8397966.java
Snippet_6773572.java
Snippet_5801932.java
Snippet_8731323.java
Snippet_7077563.java
Snippet_8974785.java
Snippet_8971411.java
Snippet_7359431.java
Snippet_3917715.java
Snippet_4602827.java
Snippet_8845555.java
Snippet_7684728.java
Snippet_6179505.java
Snippet_8564277.java
Snippet_9269951.java
Snippet_4512195.java
Snippet_8049248.java
Snippet_8225151.java
Snippet_7609535.java
Snippet_8695390.java
Snippet_8511088.java
Snippet_7549648.java
Snippet_8863382.java
Snippet_8617061.java
Snippet_7720851.java
Snippet_7303656.java
Snippet_4829954.java
INFO: Scanner configuration file: /home/oscar/sonar-scanner-5.0.1.3006-linux/conf/sonar-scanner.properties
INFO: Project root configuration file: /home/oscar/Área de trabalho/TCC-Artur-Jackson-e-Oscar-de-Brito--BaseMLCQ/sonar-trechos/generated-snippets-batch-run/sonar-project.properties
INFO: SonarScanner 5.0.1.3006
INFO: Java 17.0.7 Eclipse Adoptium (64-bit)
INFO: Linux 6.17.0-35-generic amd64
INFO: User cache: /home/oscar/.sonar/cache
INFO: Analyzing on SonarQube server 10.5.1.90531
INFO: Default locale: "pt_BR", source code encoding: "UTF-8"
INFO: Load global settings
INFO: Load global settings (done) | time=294ms
INFO: Server id: 147B411E-AZ1pIPMJY3k3y_epkpuj
INFO: User cache: /home/oscar/.sonar/cache
INFO: Loading required plugins
INFO: Load plugins index
INFO: Load plugins index (done) | time=159ms
INFO: Load/download plugins
INFO: Load/download plugins (done) | time=208ms
INFO: Process project properties
INFO: Process project properties (done) | time=23ms
INFO: Project key: tcc-snippets-final-3
INFO: Base dir: /home/oscar/Área de trabalho/TCC-Artur-Jackson-e-Oscar-de-Brito--BaseMLCQ/sonar-trechos/generated-snippets-batch-run
INFO: Working dir: /home/oscar/Área de trabalho/TCC-Artur-Jackson-e-Oscar-de-Brito--BaseMLCQ/sonar-trechos/generated-snippets-batch-run/.scannerwork
INFO: Load project settings for component key: 'tcc-snippets-final-3'
INFO: Load project settings for component key: 'tcc-snippets-final-3' (done) | time=31ms
INFO: Load quality profiles
INFO: Load quality profiles (done) | time=134ms
INFO: Load active rules
INFO: Load active rules (done) | time=10592ms
INFO: Load analysis cache
INFO: Load analysis cache (2.6 kB) | time=56ms
INFO: Preprocessing files...
INFO: 1 language detected in 101 preprocessed files
INFO: 0 files ignored because of scm ignore settings
INFO: Loading plugins for detected languages
INFO: Load/download plugins
INFO: Load/download plugins (done) | time=25ms
INFO: Inconsistent constructor declaration on bean with name 'org.sonarsource.scanner.api.internal.IsolatedClassloader@1a1d6a08-org.sonar.scanner.issue.IssueFilters': single autowire-marked constructor flagged as optional - this constructor is effectively required since there is no default constructor to fall back to: public org.sonar.scanner.issue.IssueFilters(org.sonar.api.batch.fs.internal.DefaultInputProject)
INFO: Load project repositories
INFO: Load project repositories (done) | time=165ms
INFO: Indexing files...
INFO: Project configuration:
INFO: 101 files indexed
INFO: Quality profile for java: TCC
INFO: ------------- Run sensors on module TCC Snippets Final 3
INFO: Load metrics repository
INFO: Load metrics repository (done) | time=218ms
INFO: Sensor JavaSensor [java]
INFO: No rules with 'symbolic-execution' tag were enabled, the Symbolic Execution Engine will not run during the analysis.
INFO: Server-side caching is enabled. The Java analyzer will not try to leverage data from a previous analysis.
INFO: Using ECJ batch to parse 100 Main java source files with batch size 156 KB.
INFO: Starting batch processing.
INFO: The Java analyzer cannot skip unchanged files in this context. A full analysis is performed for all files.
INFO: 100% analyzed
INFO: Batch processing: Done.
INFO: Did not optimize analysis for any files, performed a full analysis for all 100 files.
WARN: Dependencies/libraries were not provided for analysis of SOURCE files. The 'sonar.java.libraries' property is empty. Verify your configuration, as you might end up with less precise results.
WARN: Unresolved imports/types have been detected during analysis. Enable DEBUG mode to see them.
WARN: Use of preview features have been detected during analysis. Enable DEBUG mode to see them.
INFO: No "Test" source files to scan.
INFO: No "Generated" source files to scan.
INFO: Sensor JavaSensor [java] (done) | time=11154ms
INFO: Sensor SurefireSensor [java]
INFO: parsing [/home/oscar/Área de trabalho/TCC-Artur-Jackson-e-Oscar-de-Brito--BaseMLCQ/sonar-trechos/generated-snippets-batch-run/target/surefire-reports]
INFO: Sensor SurefireSensor [java] (done) | time=3ms
INFO: Sensor JaCoCo XML Report Importer [jacoco]
INFO: 'sonar.coverage.jacoco.xmlReportPaths' is not defined. Using default locations: target/site/jacoco/jacoco.xml,target/site/jacoco-it/jacoco.xml,build/reports/jacoco/test/jacocoTestReport.xml
INFO: No report imported, no coverage information will be imported by JaCoCo XML Report Importer
INFO: Sensor JaCoCo XML Report Importer [jacoco] (done) | time=2ms
INFO: Sensor IaC Docker Sensor [iac]
INFO: 0 source files to be analyzed
INFO: 0/0 source files have been analyzed
INFO: Sensor IaC Docker Sensor [iac] (done) | time=223ms
INFO: Sensor TextAndSecretsSensor [text]
INFO: Available processors: 2
INFO: Using 2 threads for analysis.
INFO: 100 source files to be analyzed
INFO: 100/100 source files have been analyzed
INFO: Sensor TextAndSecretsSensor [text] (done) | time=2480ms
INFO: ------------- Run sensors on project
INFO: Sensor Zero Coverage Sensor
INFO: Sensor Zero Coverage Sensor (done) | time=55ms
INFO: Sensor Java CPD Block Indexer
INFO: Sensor Java CPD Block Indexer (done) | time=542ms
INFO: SCM Publisher SCM provider for this project is: git
INFO: SCM Publisher 100 source files to be analyzed
INFO: SCM Publisher 0/100 source files have been analyzed (done) | time=188ms
WARN: Missing blame information for the following files:
WARN:   * Snippet_6962878.java
WARN:   * Snippet_7681481.java
WARN:   * Snippet_9484429.java
WARN:   * Snippet_7720851.java
WARN:   * Snippet_7461973.java
WARN:   * Snippet_8695390.java
WARN:   * Snippet_9269951.java
WARN:   * Snippet_5634327.java
WARN:   * Snippet_6066851.java
WARN:   * Snippet_8049248.java
WARN:   * Snippet_7152802.java
WARN:   * Snippet_8731323.java
WARN:   * Snippet_3963415.java
WARN:   * Snippet_7000071.java
WARN:   * Snippet_7711083.java
WARN:   * Snippet_6017760.java
WARN:   * Snippet_5551982.java
WARN:   * Snippet_6888310.java
WARN:   * Snippet_7280600.java
WARN:   * Snippet_4534678.java
WARN:   * Snippet_8978193.java
WARN:   * Snippet_8971411.java
WARN:   * Snippet_7348825.java
WARN:   * Snippet_7137322.java
WARN:   * Snippet_8974785.java
WARN:   * Snippet_6516443.java
WARN:   * Snippet_5145744.java
WARN:   * Snippet_6925834.java
WARN:   * Snippet_5207888.java
WARN:   * Snippet_7440963.java
WARN:   * Snippet_8863382.java
WARN:   * Snippet_7294667.java
WARN:   * Snippet_7899540.java
WARN:   * Snippet_4602827.java
WARN:   * Snippet_4503220.java
WARN:   * Snippet_8778114.java
WARN:   * Snippet_5193317.java
WARN:   * Snippet_8511088.java
WARN:   * Snippet_7824232.java
WARN:   * Snippet_3870545.java
WARN:   * Snippet_5654277.java
WARN:   * Snippet_4512195.java
WARN:   * Snippet_5543924.java
WARN:   * Snippet_3862557.java
WARN:   * Snippet_7684728.java
WARN:   * Snippet_7605359.java
WARN:   * Snippet_8564277.java
WARN:   * Snippet_7077563.java
WARN:   * Snippet_6446899.java
WARN:   * Snippet_8845555.java
WARN:   * Snippet_4401367.java
WARN:   * Snippet_4916648.java
WARN:   * Snippet_9457050.java
WARN:   * Snippet_6773572.java
WARN:   * Snippet_3917715.java
WARN:   * Snippet_7678894.java
WARN:   * Snippet_6800764.java
WARN:   * Snippet_9217401.java
WARN:   * Snippet_5615923.java
WARN:   * Snippet_8934300.java
WARN:   * Snippet_8601288.java
WARN:   * Snippet_7549648.java
WARN:   * Snippet_4069688.java
WARN:   * Snippet_8617061.java
WARN:   * Snippet_7777067.java
WARN:   * Snippet_7303656.java
WARN:   * Snippet_4028511.java
WARN:   * Snippet_5337101.java
WARN:   * Snippet_6537106.java
WARN:   * Snippet_9192832.java
WARN:   * Snippet_6011512.java
WARN:   * Snippet_7222257.java
WARN:   * Snippet_5948040.java
WARN:   * Snippet_8145522.java
WARN:   * Snippet_5958136.java
WARN:   * Snippet_5815298.java
WARN:   * Snippet_4829954.java
WARN:   * Snippet_5801932.java
WARN:   * Snippet_4798652.java
WARN:   * Snippet_8225151.java
WARN:   * Snippet_6088450.java
WARN:   * Snippet_7215246.java
WARN:   * Snippet_8571818.java
WARN:   * Snippet_7609535.java
WARN:   * Snippet_7446209.java
WARN:   * Snippet_8201878.java
WARN:   * Snippet_3875268.java
WARN:   * Snippet_7561940.java
WARN:   * Snippet_4081252.java
WARN:   * Snippet_6624087.java
WARN:   * Snippet_8397966.java
WARN:   * Snippet_7972876.java
WARN:   * Snippet_7359431.java
WARN:   * Snippet_8268165.java
WARN:   * Snippet_5666367.java
WARN:   * Snippet_4432196.java
WARN:   * Snippet_6179505.java
WARN:   * Snippet_9104666.java
WARN:   * Snippet_4453800.java
WARN:   * Snippet_8461674.java
WARN: This may lead to missing/broken features in SonarQube
INFO: CPD Executor 45 files had no CPD blocks
INFO: CPD Executor Calculating CPD for 55 files
INFO: CPD Executor CPD calculation finished (done) | time=75ms
INFO: SCM revision ID '26261eff0fdfe0b82ee446873a05666cce5522df'
INFO: Analysis report generated in 297ms, dir size=668.4 kB
INFO: Analysis report compressed in 583ms, zip size=273.8 kB
INFO: Analysis report uploaded in 75ms
INFO: ANALYSIS SUCCESSFUL, you can find the results at: http://localhost:9000/dashboard?id=tcc-snippets-final-3
INFO: Note that you will be able to access the updated dashboard once the server has processed the submitted analysis report
INFO: More about the report processing at http://localhost:9000/api/ce/task?id=b30314e7-77c0-4842-ba69-0f7fe098143a
INFO: Analysis total time: 33.810 s
INFO: ------------------------------------------------------------------------
INFO: EXECUTION SUCCESS
INFO: ------------------------------------------------------------------------
INFO: Total time: 39.417s
INFO: Final Memory: 18M/74M
INFO: ------------------------------------------------------------------------

================================================================================
[24/44] lote com 100 snippets
Arquivos:
Snippet_5506218.java
Snippet_4029077.java
Snippet_5581462.java
Snippet_3786480.java
Snippet_4917464.java
Snippet_5670638.java
Snippet_5750397.java
Snippet_7032959.java
Snippet_7829822.java
Snippet_5768802.java
Snippet_9294785.java
Snippet_6847478.java
Snippet_8246323.java
Snippet_7143647.java
Snippet_6785745.java
Snippet_7385364.java
Snippet_4031193.java
Snippet_5598779.java
Snippet_6598935.java
Snippet_9516021.java
Snippet_9532758.java
Snippet_5903677.java
Snippet_4827886.java
Snippet_5554251.java
Snippet_8857568.java
Snippet_7204508.java
Snippet_5182772.java
Snippet_4345368.java
Snippet_4834610.java
Snippet_6522495.java
Snippet_3787706.java
Snippet_6658892.java
Snippet_6459836.java
Snippet_7428271.java
Snippet_9267571.java
Snippet_6179479.java
Snippet_7272514.java
Snippet_4816540.java
Snippet_3924383.java
Snippet_9172549.java
Snippet_5246779.java
Snippet_4809381.java
Snippet_7807495.java
Snippet_4218038.java
Snippet_5942839.java
Snippet_6614282.java
Snippet_6824306.java
Snippet_4371663.java
Snippet_4679336.java
Snippet_8455135.java
Snippet_3796929.java
Snippet_4068177.java
Snippet_3717906.java
Snippet_6099482.java
Snippet_7023392.java
Snippet_4319422.java
Snippet_6255385.java
Snippet_7137862.java
Snippet_8896304.java
Snippet_7076084.java
Snippet_4357819.java
Snippet_5456950.java
Snippet_7563795.java
Snippet_5363451.java
Snippet_3844294.java
Snippet_4734680.java
Snippet_7619908.java
Snippet_7255045.java
Snippet_9489211.java
Snippet_4797136.java
Snippet_5676371.java
Snippet_6464966.java
Snippet_5798354.java
Snippet_3943759.java
Snippet_9295153.java
Snippet_3831179.java
Snippet_7182108.java
Snippet_6119512.java
Snippet_4716573.java
Snippet_7655690.java
Snippet_9532191.java
Snippet_8682807.java
Snippet_7379244.java
Snippet_9291749.java
Snippet_8602161.java
Snippet_9158644.java
Snippet_9206273.java
Snippet_8629693.java
Snippet_8813925.java
Snippet_6530288.java
Snippet_8051170.java
Snippet_9095266.java
Snippet_5661062.java
Snippet_6301436.java
Snippet_9116510.java
Snippet_7581323.java
Snippet_8567234.java
Snippet_9200631.java
Snippet_4435454.java
Snippet_5907756.java
INFO: Scanner configuration file: /home/oscar/sonar-scanner-5.0.1.3006-linux/conf/sonar-scanner.properties
INFO: Project root configuration file: /home/oscar/Área de trabalho/TCC-Artur-Jackson-e-Oscar-de-Brito--BaseMLCQ/sonar-trechos/generated-snippets-batch-run/sonar-project.properties
INFO: SonarScanner 5.0.1.3006
INFO: Java 17.0.7 Eclipse Adoptium (64-bit)
INFO: Linux 6.17.0-35-generic amd64
INFO: User cache: /home/oscar/.sonar/cache
INFO: Analyzing on SonarQube server 10.5.1.90531
INFO: Default locale: "pt_BR", source code encoding: "UTF-8"
INFO: Load global settings
INFO: Load global settings (done) | time=206ms
INFO: Server id: 147B411E-AZ1pIPMJY3k3y_epkpuj
INFO: User cache: /home/oscar/.sonar/cache
INFO: Loading required plugins
INFO: Load plugins index
INFO: Load plugins index (done) | time=132ms
INFO: Load/download plugins
INFO: Load/download plugins (done) | time=164ms
INFO: Process project properties
INFO: Process project properties (done) | time=20ms
INFO: Project key: tcc-snippets-final-3
INFO: Base dir: /home/oscar/Área de trabalho/TCC-Artur-Jackson-e-Oscar-de-Brito--BaseMLCQ/sonar-trechos/generated-snippets-batch-run
INFO: Working dir: /home/oscar/Área de trabalho/TCC-Artur-Jackson-e-Oscar-de-Brito--BaseMLCQ/sonar-trechos/generated-snippets-batch-run/.scannerwork
INFO: Load project settings for component key: 'tcc-snippets-final-3'
INFO: Load project settings for component key: 'tcc-snippets-final-3' (done) | time=102ms
INFO: Load quality profiles
INFO: Load quality profiles (done) | time=240ms
INFO: Load active rules
INFO: Load active rules (done) | time=10552ms
INFO: Load analysis cache
INFO: Load analysis cache (2.6 kB) | time=73ms
INFO: Preprocessing files...
INFO: 1 language detected in 101 preprocessed files
INFO: 0 files ignored because of scm ignore settings
INFO: Loading plugins for detected languages
INFO: Load/download plugins
INFO: Load/download plugins (done) | time=26ms
INFO: Inconsistent constructor declaration on bean with name 'org.sonarsource.scanner.api.internal.IsolatedClassloader@1a1d6a08-org.sonar.scanner.issue.IssueFilters': single autowire-marked constructor flagged as optional - this constructor is effectively required since there is no default constructor to fall back to: public org.sonar.scanner.issue.IssueFilters(org.sonar.api.batch.fs.internal.DefaultInputProject)
INFO: Load project repositories
INFO: Load project repositories (done) | time=141ms
INFO: Indexing files...
INFO: Project configuration:
INFO: 101 files indexed
INFO: Quality profile for java: TCC
INFO: ------------- Run sensors on module TCC Snippets Final 3
INFO: Load metrics repository
INFO: Load metrics repository (done) | time=174ms
INFO: Sensor JavaSensor [java]
INFO: No rules with 'symbolic-execution' tag were enabled, the Symbolic Execution Engine will not run during the analysis.
INFO: Server-side caching is enabled. The Java analyzer will not try to leverage data from a previous analysis.
INFO: Using ECJ batch to parse 100 Main java source files with batch size 156 KB.
INFO: Starting batch processing.
INFO: The Java analyzer cannot skip unchanged files in this context. A full analysis is performed for all files.
INFO: 100% analyzed
INFO: Batch processing: Done.
INFO: Did not optimize analysis for any files, performed a full analysis for all 100 files.
WARN: Dependencies/libraries were not provided for analysis of SOURCE files. The 'sonar.java.libraries' property is empty. Verify your configuration, as you might end up with less precise results.
WARN: Unresolved imports/types have been detected during analysis. Enable DEBUG mode to see them.
WARN: Use of preview features have been detected during analysis. Enable DEBUG mode to see them.
INFO: No "Test" source files to scan.
INFO: No "Generated" source files to scan.
INFO: Sensor JavaSensor [java] (done) | time=11001ms
INFO: Sensor SurefireSensor [java]
INFO: parsing [/home/oscar/Área de trabalho/TCC-Artur-Jackson-e-Oscar-de-Brito--BaseMLCQ/sonar-trechos/generated-snippets-batch-run/target/surefire-reports]
INFO: Sensor SurefireSensor [java] (done) | time=4ms
INFO: Sensor JaCoCo XML Report Importer [jacoco]
INFO: 'sonar.coverage.jacoco.xmlReportPaths' is not defined. Using default locations: target/site/jacoco/jacoco.xml,target/site/jacoco-it/jacoco.xml,build/reports/jacoco/test/jacocoTestReport.xml
INFO: No report imported, no coverage information will be imported by JaCoCo XML Report Importer
INFO: Sensor JaCoCo XML Report Importer [jacoco] (done) | time=3ms
INFO: Sensor IaC Docker Sensor [iac]
INFO: 0 source files to be analyzed
INFO: 0/0 source files have been analyzed
INFO: Sensor IaC Docker Sensor [iac] (done) | time=199ms
INFO: Sensor TextAndSecretsSensor [text]
INFO: Available processors: 2
INFO: Using 2 threads for analysis.
INFO: 100 source files to be analyzed
INFO: 100/100 source files have been analyzed
INFO: Sensor TextAndSecretsSensor [text] (done) | time=2348ms
INFO: ------------- Run sensors on project
INFO: Sensor Zero Coverage Sensor
INFO: Sensor Zero Coverage Sensor (done) | time=52ms
INFO: Sensor Java CPD Block Indexer
INFO: Sensor Java CPD Block Indexer (done) | time=300ms
INFO: SCM Publisher SCM provider for this project is: git
INFO: SCM Publisher 100 source files to be analyzed
INFO: SCM Publisher 0/100 source files have been analyzed (done) | time=82ms
WARN: Missing blame information for the following files:
WARN:   * Snippet_5581462.java
WARN:   * Snippet_6255385.java
WARN:   * Snippet_6530288.java
WARN:   * Snippet_8857568.java
WARN:   * Snippet_6824306.java
WARN:   * Snippet_9158644.java
WARN:   * Snippet_3844294.java
WARN:   * Snippet_7182108.java
WARN:   * Snippet_6464966.java
WARN:   * Snippet_3786480.java
WARN:   * Snippet_6179479.java
WARN:   * Snippet_3924383.java
WARN:   * Snippet_5768802.java
WARN:   * Snippet_9489211.java
WARN:   * Snippet_5456950.java
WARN:   * Snippet_4734680.java
WARN:   * Snippet_4029077.java
WARN:   * Snippet_9172549.java
WARN:   * Snippet_4031193.java
WARN:   * Snippet_9095266.java
WARN:   * Snippet_7428271.java
WARN:   * Snippet_8896304.java
WARN:   * Snippet_4797136.java
WARN:   * Snippet_3796929.java
WARN:   * Snippet_6301436.java
WARN:   * Snippet_8602161.java
WARN:   * Snippet_8682807.java
WARN:   * Snippet_7143647.java
WARN:   * Snippet_3943759.java
WARN:   * Snippet_4319422.java
WARN:   * Snippet_7272514.java
WARN:   * Snippet_6522495.java
WARN:   * Snippet_9200631.java
WARN:   * Snippet_7255045.java
WARN:   * Snippet_5798354.java
WARN:   * Snippet_9267571.java
WARN:   * Snippet_6099482.java
WARN:   * Snippet_8455135.java
WARN:   * Snippet_6598935.java
WARN:   * Snippet_3787706.java
WARN:   * Snippet_7379244.java
WARN:   * Snippet_4827886.java
WARN:   * Snippet_5676371.java
WARN:   * Snippet_9532758.java
WARN:   * Snippet_4679336.java
WARN:   * Snippet_4357819.java
WARN:   * Snippet_6614282.java
WARN:   * Snippet_7563795.java
WARN:   * Snippet_7204508.java
WARN:   * Snippet_4218038.java
WARN:   * Snippet_5246779.java
WARN:   * Snippet_9295153.java
WARN:   * Snippet_7807495.java
WARN:   * Snippet_9116510.java
WARN:   * Snippet_6119512.java
WARN:   * Snippet_5907756.java
WARN:   * Snippet_5554251.java
WARN:   * Snippet_9532191.java
WARN:   * Snippet_9206273.java
WARN:   * Snippet_8567234.java
WARN:   * Snippet_8813925.java
WARN:   * Snippet_7619908.java
WARN:   * Snippet_7829822.java
WARN:   * Snippet_6785745.java
WARN:   * Snippet_7023392.java
WARN:   * Snippet_4834610.java
WARN:   * Snippet_7385364.java
WARN:   * Snippet_4068177.java
WARN:   * Snippet_7076084.java
WARN:   * Snippet_4345368.java
WARN:   * Snippet_5506218.java
WARN:   * Snippet_5661062.java
WARN:   * Snippet_5598779.java
WARN:   * Snippet_9516021.java
WARN:   * Snippet_4435454.java
WARN:   * Snippet_8051170.java
WARN:   * Snippet_6459836.java
WARN:   * Snippet_5670638.java
WARN:   * Snippet_6658892.java
WARN:   * Snippet_8629693.java
WARN:   * Snippet_6847478.java
WARN:   * Snippet_8246323.java
WARN:   * Snippet_5363451.java
WARN:   * Snippet_4917464.java
WARN:   * Snippet_5903677.java
WARN:   * Snippet_4816540.java
WARN:   * Snippet_7032959.java
WARN:   * Snippet_5750397.java
WARN:   * Snippet_9291749.java
WARN:   * Snippet_5182772.java
WARN:   * Snippet_9294785.java
WARN:   * Snippet_7137862.java
WARN:   * Snippet_7655690.java
WARN:   * Snippet_3831179.java
WARN:   * Snippet_4716573.java
WARN:   * Snippet_7581323.java
WARN:   * Snippet_3717906.java
WARN:   * Snippet_4371663.java
WARN:   * Snippet_4809381.java
WARN:   * Snippet_5942839.java
WARN: This may lead to missing/broken features in SonarQube
INFO: CPD Executor 44 files had no CPD blocks
INFO: CPD Executor Calculating CPD for 56 files
INFO: CPD Executor CPD calculation finished (done) | time=119ms
INFO: SCM revision ID '26261eff0fdfe0b82ee446873a05666cce5522df'
INFO: Analysis report generated in 255ms, dir size=511.5 kB
INFO: Analysis report compressed in 654ms, zip size=238.4 kB
INFO: Analysis report uploaded in 59ms
INFO: ANALYSIS SUCCESSFUL, you can find the results at: http://localhost:9000/dashboard?id=tcc-snippets-final-3
INFO: Note that you will be able to access the updated dashboard once the server has processed the submitted analysis report
INFO: More about the report processing at http://localhost:9000/api/ce/task?id=cd0cfb5d-c470-48eb-a011-e49308101033
INFO: Analysis total time: 32.497 s
INFO: ------------------------------------------------------------------------
INFO: EXECUTION SUCCESS
INFO: ------------------------------------------------------------------------
INFO: Total time: 37.985s
INFO: Final Memory: 18M/74M
INFO: ------------------------------------------------------------------------

================================================================================
[25/44] lote com 100 snippets
Arquivos:
Snippet_6613457.java
Snippet_9377204.java
Snippet_5723163.java
Snippet_9023034.java
Snippet_7141052.java
Snippet_8049187.java
Snippet_9189120.java
Snippet_5651881.java
Snippet_7183873.java
Snippet_6240859.java
Snippet_5311043.java
Snippet_8601732.java
Snippet_8082495.java
Snippet_4788662.java
Snippet_7482898.java
Snippet_9420761.java
Snippet_6073506.java
Snippet_4808674.java
Snippet_5622695.java
Snippet_9245741.java
Snippet_7702332.java
Snippet_6021504.java
Snippet_4451710.java
Snippet_4503985.java
Snippet_4435545.java
Snippet_4404282.java
Snippet_5692616.java
Snippet_7777986.java
Snippet_5464286.java
Snippet_7139571.java
Snippet_7074545.java
Snippet_6725232.java
Snippet_7730792.java
Snippet_9342880.java
Snippet_8894479.java
Snippet_4059491.java
Snippet_4410714.java
Snippet_4316776.java
Snippet_4743999.java
Snippet_4556665.java
Snippet_6328141.java
Snippet_5490526.java
Snippet_4669068.java
Snippet_7280607.java
Snippet_7279934.java
Snippet_8996125.java
Snippet_3794102.java
Snippet_7198305.java
Snippet_6493734.java
Snippet_9007287.java
Snippet_8697369.java
Snippet_6611503.java
Snippet_4285911.java
Snippet_7898105.java
Snippet_5690831.java
Snippet_8609582.java
Snippet_9186714.java
Snippet_7265565.java
Snippet_7902495.java
Snippet_4291944.java
Snippet_5775703.java
Snippet_7190715.java
Snippet_8917316.java
Snippet_4329605.java
Snippet_6994091.java
Snippet_4074246.java
Snippet_7824709.java
Snippet_4373673.java
Snippet_4909319.java
Snippet_5130121.java
Snippet_5749626.java
Snippet_8024350.java
Snippet_4136680.java
Snippet_7322217.java
Snippet_7368005.java
Snippet_5450516.java
Snippet_7600342.java
Snippet_7071931.java
Snippet_5470089.java
Snippet_5858827.java
Snippet_5752094.java
Snippet_8024325.java
Snippet_5670026.java
Snippet_5618836.java
Snippet_4431383.java
Snippet_6578481.java
Snippet_7196538.java
Snippet_9443834.java
Snippet_7887244.java
Snippet_4865733.java
Snippet_3885890.java
Snippet_4471173.java
Snippet_6478457.java
Snippet_4092105.java
Snippet_5498738.java
Snippet_4185249.java
Snippet_7965671.java
Snippet_3985516.java
Snippet_8566813.java
Snippet_6463026.java
INFO: Scanner configuration file: /home/oscar/sonar-scanner-5.0.1.3006-linux/conf/sonar-scanner.properties
INFO: Project root configuration file: /home/oscar/Área de trabalho/TCC-Artur-Jackson-e-Oscar-de-Brito--BaseMLCQ/sonar-trechos/generated-snippets-batch-run/sonar-project.properties
INFO: SonarScanner 5.0.1.3006
INFO: Java 17.0.7 Eclipse Adoptium (64-bit)
INFO: Linux 6.17.0-35-generic amd64
INFO: User cache: /home/oscar/.sonar/cache
INFO: Analyzing on SonarQube server 10.5.1.90531
INFO: Default locale: "pt_BR", source code encoding: "UTF-8"
INFO: Load global settings
INFO: Load global settings (done) | time=119ms
INFO: Server id: 147B411E-AZ1pIPMJY3k3y_epkpuj
INFO: User cache: /home/oscar/.sonar/cache
INFO: Loading required plugins
INFO: Load plugins index
INFO: Load plugins index (done) | time=67ms
INFO: Load/download plugins
INFO: Load/download plugins (done) | time=209ms
INFO: Process project properties
INFO: Process project properties (done) | time=28ms
INFO: Project key: tcc-snippets-final-3
INFO: Base dir: /home/oscar/Área de trabalho/TCC-Artur-Jackson-e-Oscar-de-Brito--BaseMLCQ/sonar-trechos/generated-snippets-batch-run
INFO: Working dir: /home/oscar/Área de trabalho/TCC-Artur-Jackson-e-Oscar-de-Brito--BaseMLCQ/sonar-trechos/generated-snippets-batch-run/.scannerwork
INFO: Load project settings for component key: 'tcc-snippets-final-3'
INFO: Load project settings for component key: 'tcc-snippets-final-3' (done) | time=94ms
INFO: Load quality profiles
INFO: Load quality profiles (done) | time=201ms
INFO: Load active rules
INFO: Load active rules (done) | time=10843ms
INFO: Load analysis cache
INFO: Load analysis cache (2.6 kB) | time=63ms
INFO: Preprocessing files...
INFO: 1 language detected in 101 preprocessed files
INFO: 0 files ignored because of scm ignore settings
INFO: Loading plugins for detected languages
INFO: Load/download plugins
INFO: Load/download plugins (done) | time=36ms
INFO: Inconsistent constructor declaration on bean with name 'org.sonarsource.scanner.api.internal.IsolatedClassloader@1a1d6a08-org.sonar.scanner.issue.IssueFilters': single autowire-marked constructor flagged as optional - this constructor is effectively required since there is no default constructor to fall back to: public org.sonar.scanner.issue.IssueFilters(org.sonar.api.batch.fs.internal.DefaultInputProject)
INFO: Load project repositories
INFO: Load project repositories (done) | time=122ms
INFO: Indexing files...
INFO: Project configuration:
INFO: 101 files indexed
INFO: Quality profile for java: TCC
INFO: ------------- Run sensors on module TCC Snippets Final 3
INFO: Load metrics repository
INFO: Load metrics repository (done) | time=151ms
INFO: Sensor JavaSensor [java]
INFO: No rules with 'symbolic-execution' tag were enabled, the Symbolic Execution Engine will not run during the analysis.
INFO: Server-side caching is enabled. The Java analyzer will not try to leverage data from a previous analysis.
INFO: Using ECJ batch to parse 100 Main java source files with batch size 156 KB.
INFO: Starting batch processing.
INFO: The Java analyzer cannot skip unchanged files in this context. A full analysis is performed for all files.
INFO: 66% analyzed
INFO: 100% analyzed
INFO: Batch processing: Done.
INFO: Did not optimize analysis for any files, performed a full analysis for all 100 files.
WARN: Dependencies/libraries were not provided for analysis of SOURCE files. The 'sonar.java.libraries' property is empty. Verify your configuration, as you might end up with less precise results.
WARN: Unresolved imports/types have been detected during analysis. Enable DEBUG mode to see them.
WARN: Use of preview features have been detected during analysis. Enable DEBUG mode to see them.
INFO: No "Test" source files to scan.
INFO: No "Generated" source files to scan.
INFO: Sensor JavaSensor [java] (done) | time=14435ms
INFO: Sensor SurefireSensor [java]
INFO: parsing [/home/oscar/Área de trabalho/TCC-Artur-Jackson-e-Oscar-de-Brito--BaseMLCQ/sonar-trechos/generated-snippets-batch-run/target/surefire-reports]
INFO: Sensor SurefireSensor [java] (done) | time=2ms
INFO: Sensor JaCoCo XML Report Importer [jacoco]
INFO: 'sonar.coverage.jacoco.xmlReportPaths' is not defined. Using default locations: target/site/jacoco/jacoco.xml,target/site/jacoco-it/jacoco.xml,build/reports/jacoco/test/jacocoTestReport.xml
INFO: No report imported, no coverage information will be imported by JaCoCo XML Report Importer
INFO: Sensor JaCoCo XML Report Importer [jacoco] (done) | time=3ms
INFO: Sensor IaC Docker Sensor [iac]
INFO: 0 source files to be analyzed
INFO: 0/0 source files have been analyzed
INFO: Sensor IaC Docker Sensor [iac] (done) | time=159ms
INFO: Sensor TextAndSecretsSensor [text]
INFO: Available processors: 2
INFO: Using 2 threads for analysis.
INFO: 100 source files to be analyzed
INFO: 100/100 source files have been analyzed
INFO: Sensor TextAndSecretsSensor [text] (done) | time=2992ms
INFO: ------------- Run sensors on project
INFO: Sensor Zero Coverage Sensor
INFO: Sensor Zero Coverage Sensor (done) | time=135ms
INFO: Sensor Java CPD Block Indexer
INFO: Sensor Java CPD Block Indexer (done) | time=379ms
INFO: SCM Publisher SCM provider for this project is: git
INFO: SCM Publisher 100 source files to be analyzed
INFO: SCM Publisher 0/100 source files have been analyzed (done) | time=153ms
WARN: Missing blame information for the following files:
WARN:   * Snippet_4865733.java
WARN:   * Snippet_7777986.java
WARN:   * Snippet_4285911.java
WARN:   * Snippet_8917316.java
WARN:   * Snippet_6240859.java
WARN:   * Snippet_5464286.java
WARN:   * Snippet_4669068.java
WARN:   * Snippet_6021504.java
WARN:   * Snippet_4431383.java
WARN:   * Snippet_9245741.java
WARN:   * Snippet_4329605.java
WARN:   * Snippet_7190715.java
WARN:   * Snippet_9186714.java
WARN:   * Snippet_5651881.java
WARN:   * Snippet_6493734.java
WARN:   * Snippet_8601732.java
WARN:   * Snippet_7600342.java
WARN:   * Snippet_7702332.java
WARN:   * Snippet_3985516.java
WARN:   * Snippet_6463026.java
WARN:   * Snippet_7139571.java
WARN:   * Snippet_8609582.java
WARN:   * Snippet_9420761.java
WARN:   * Snippet_7730792.java
WARN:   * Snippet_9189120.java
WARN:   * Snippet_8566813.java
WARN:   * Snippet_4410714.java
WARN:   * Snippet_8024350.java
WARN:   * Snippet_4404282.java
WARN:   * Snippet_7141052.java
WARN:   * Snippet_4435545.java
WARN:   * Snippet_9443834.java
WARN:   * Snippet_4788662.java
WARN:   * Snippet_5692616.java
WARN:   * Snippet_7071931.java
WARN:   * Snippet_8082495.java
WARN:   * Snippet_9377204.java
WARN:   * Snippet_8996125.java
WARN:   * Snippet_7183873.java
WARN:   * Snippet_5723163.java
WARN:   * Snippet_4743999.java
WARN:   * Snippet_5752094.java
WARN:   * Snippet_5858827.java
WARN:   * Snippet_5775703.java
WARN:   * Snippet_4291944.java
WARN:   * Snippet_4074246.java
WARN:   * Snippet_7196538.java
WARN:   * Snippet_6578481.java
WARN:   * Snippet_4556665.java
WARN:   * Snippet_5618836.java
WARN:   * Snippet_4373673.java
WARN:   * Snippet_5749626.java
WARN:   * Snippet_7887244.java
WARN:   * Snippet_7965671.java
WARN:   * Snippet_6328141.java
WARN:   * Snippet_6611503.java
WARN:   * Snippet_6073506.java
WARN:   * Snippet_7074545.java
WARN:   * Snippet_4316776.java
WARN:   * Snippet_8697369.java
WARN:   * Snippet_7279934.java
WARN:   * Snippet_7898105.java
WARN:   * Snippet_7280607.java
WARN:   * Snippet_7198305.java
WARN:   * Snippet_8049187.java
WARN:   * Snippet_5490526.java
WARN:   * Snippet_5670026.java
WARN:   * Snippet_4185249.java
WARN:   * Snippet_5622695.java
WARN:   * Snippet_5498738.java
WARN:   * Snippet_3885890.java
WARN:   * Snippet_4909319.java
WARN:   * Snippet_6478457.java
WARN:   * Snippet_6613457.java
WARN:   * Snippet_4059491.java
WARN:   * Snippet_9023034.java
WARN:   * Snippet_9007287.java
WARN:   * Snippet_4503985.java
WARN:   * Snippet_4808674.java
WARN:   * Snippet_5470089.java
WARN:   * Snippet_8894479.java
WARN:   * Snippet_7482898.java
WARN:   * Snippet_4136680.java
WARN:   * Snippet_4092105.java
WARN:   * Snippet_8024325.java
WARN:   * Snippet_9342880.java
WARN:   * Snippet_7368005.java
WARN:   * Snippet_3794102.java
WARN:   * Snippet_5311043.java
WARN:   * Snippet_7265565.java
WARN:   * Snippet_5450516.java
WARN:   * Snippet_5130121.java
WARN:   * Snippet_4451710.java
WARN:   * Snippet_7902495.java
WARN:   * Snippet_7824709.java
WARN:   * Snippet_6994091.java
WARN:   * Snippet_4471173.java
WARN:   * Snippet_7322217.java
WARN:   * Snippet_5690831.java
WARN:   * Snippet_6725232.java
WARN: This may lead to missing/broken features in SonarQube
INFO: CPD Executor 40 files had no CPD blocks
INFO: CPD Executor Calculating CPD for 60 files
INFO: CPD Executor CPD calculation finished (done) | time=70ms
INFO: SCM revision ID '26261eff0fdfe0b82ee446873a05666cce5522df'
INFO: Analysis report generated in 295ms, dir size=525.5 kB
INFO: Analysis report compressed in 555ms, zip size=237.9 kB
INFO: Analysis report uploaded in 96ms
INFO: ANALYSIS SUCCESSFUL, you can find the results at: http://localhost:9000/dashboard?id=tcc-snippets-final-3
INFO: Note that you will be able to access the updated dashboard once the server has processed the submitted analysis report
INFO: More about the report processing at http://localhost:9000/api/ce/task?id=134a4231-a64a-4e34-a0e7-acb6049a1ab5
INFO: Analysis total time: 37.920 s
INFO: ------------------------------------------------------------------------
INFO: EXECUTION SUCCESS
INFO: ------------------------------------------------------------------------
INFO: Total time: 43.111s
INFO: Final Memory: 18M/80M
INFO: ------------------------------------------------------------------------

================================================================================
[26/44] lote com 100 snippets
Arquivos:
Snippet_6282334.java
Snippet_7101859.java
Snippet_5388415.java
Snippet_4541660.java
Snippet_6933669.java
Snippet_6115582.java
Snippet_8285514.java
Snippet_7413961.java
Snippet_6983575.java
Snippet_6207228.java
Snippet_5737990.java
Snippet_6491821.java
Snippet_7047050.java
Snippet_7501278.java
Snippet_4058195.java
Snippet_9379644.java
Snippet_8348990.java
Snippet_3963239.java
Snippet_3878622.java
Snippet_9371099.java
Snippet_8435790.java
Snippet_8690430.java
Snippet_8038156.java
Snippet_7301167.java
Snippet_8149386.java
Snippet_3954827.java
Snippet_7035620.java
Snippet_5055368.java
Snippet_5256995.java
Snippet_7851015.java
Snippet_6239751.java
Snippet_4031820.java
Snippet_8574983.java
Snippet_4383462.java
Snippet_5343744.java
Snippet_9336762.java
Snippet_8195306.java
Snippet_6106646.java
Snippet_8201369.java
Snippet_6893864.java
Snippet_6212329.java
Snippet_6442583.java
Snippet_8953444.java
Snippet_7512464.java
Snippet_8262479.java
Snippet_7087370.java
Snippet_4476433.java
Snippet_4583764.java
Snippet_4930104.java
Snippet_4359175.java
Snippet_8963673.java
Snippet_7450485.java
Snippet_7409821.java
Snippet_8904876.java
Snippet_5529562.java
Snippet_9247243.java
Snippet_6503132.java
Snippet_9466197.java
Snippet_9242897.java
Snippet_6510757.java
Snippet_4057674.java
Snippet_4456492.java
Snippet_5445152.java
Snippet_7377189.java
Snippet_5475426.java
Snippet_5317907.java
Snippet_7563057.java
Snippet_4064087.java
Snippet_6600361.java
Snippet_7803956.java
Snippet_7026461.java
Snippet_8240678.java
Snippet_8181080.java
Snippet_4195808.java
Snippet_6017172.java
Snippet_7797001.java
Snippet_7379441.java
Snippet_6192975.java
Snippet_7149120.java
Snippet_4468635.java
Snippet_5406665.java
Snippet_3804285.java
Snippet_5842829.java
Snippet_7513487.java
Snippet_8581347.java
Snippet_5905362.java
Snippet_8183289.java
Snippet_6940151.java
Snippet_5982219.java
Snippet_8332859.java
Snippet_5330785.java
Snippet_4059863.java
Snippet_8263546.java
Snippet_9126156.java
Snippet_8861277.java
Snippet_3908026.java
Snippet_5799022.java
Snippet_4043104.java
Snippet_5562874.java
Snippet_6863919.java
INFO: Scanner configuration file: /home/oscar/sonar-scanner-5.0.1.3006-linux/conf/sonar-scanner.properties
INFO: Project root configuration file: /home/oscar/Área de trabalho/TCC-Artur-Jackson-e-Oscar-de-Brito--BaseMLCQ/sonar-trechos/generated-snippets-batch-run/sonar-project.properties
INFO: SonarScanner 5.0.1.3006
INFO: Java 17.0.7 Eclipse Adoptium (64-bit)
INFO: Linux 6.17.0-35-generic amd64
INFO: User cache: /home/oscar/.sonar/cache
INFO: Analyzing on SonarQube server 10.5.1.90531
INFO: Default locale: "pt_BR", source code encoding: "UTF-8"
INFO: Load global settings
INFO: Load global settings (done) | time=152ms
INFO: Server id: 147B411E-AZ1pIPMJY3k3y_epkpuj
INFO: User cache: /home/oscar/.sonar/cache
INFO: Loading required plugins
INFO: Load plugins index
INFO: Load plugins index (done) | time=121ms
INFO: Load/download plugins
INFO: Load/download plugins (done) | time=188ms
INFO: Process project properties
INFO: Process project properties (done) | time=21ms
INFO: Project key: tcc-snippets-final-3
INFO: Base dir: /home/oscar/Área de trabalho/TCC-Artur-Jackson-e-Oscar-de-Brito--BaseMLCQ/sonar-trechos/generated-snippets-batch-run
INFO: Working dir: /home/oscar/Área de trabalho/TCC-Artur-Jackson-e-Oscar-de-Brito--BaseMLCQ/sonar-trechos/generated-snippets-batch-run/.scannerwork
INFO: Load project settings for component key: 'tcc-snippets-final-3'
INFO: Load project settings for component key: 'tcc-snippets-final-3' (done) | time=50ms
INFO: Load quality profiles
INFO: Load quality profiles (done) | time=138ms
INFO: Load active rules
INFO: Load active rules (done) | time=10903ms
INFO: Load analysis cache
INFO: Load analysis cache (2.6 kB) | time=53ms
INFO: Preprocessing files...
INFO: 1 language detected in 101 preprocessed files
INFO: 0 files ignored because of scm ignore settings
INFO: Loading plugins for detected languages
INFO: Load/download plugins
INFO: Load/download plugins (done) | time=20ms
INFO: Inconsistent constructor declaration on bean with name 'org.sonarsource.scanner.api.internal.IsolatedClassloader@1a1d6a08-org.sonar.scanner.issue.IssueFilters': single autowire-marked constructor flagged as optional - this constructor is effectively required since there is no default constructor to fall back to: public org.sonar.scanner.issue.IssueFilters(org.sonar.api.batch.fs.internal.DefaultInputProject)
INFO: Load project repositories
INFO: Load project repositories (done) | time=50ms
INFO: Indexing files...
INFO: Project configuration:
INFO: 101 files indexed
INFO: Quality profile for java: TCC
INFO: ------------- Run sensors on module TCC Snippets Final 3
INFO: Load metrics repository
INFO: Load metrics repository (done) | time=61ms
INFO: Sensor JavaSensor [java]
INFO: No rules with 'symbolic-execution' tag were enabled, the Symbolic Execution Engine will not run during the analysis.
INFO: Server-side caching is enabled. The Java analyzer will not try to leverage data from a previous analysis.
INFO: Using ECJ batch to parse 100 Main java source files with batch size 156 KB.
INFO: Starting batch processing.
INFO: The Java analyzer cannot skip unchanged files in this context. A full analysis is performed for all files.
INFO: 34% analyzed
INFO: 100% analyzed
INFO: Batch processing: Done.
INFO: Did not optimize analysis for any files, performed a full analysis for all 100 files.
WARN: Dependencies/libraries were not provided for analysis of SOURCE files. The 'sonar.java.libraries' property is empty. Verify your configuration, as you might end up with less precise results.
WARN: Unresolved imports/types have been detected during analysis. Enable DEBUG mode to see them.
WARN: Use of preview features have been detected during analysis. Enable DEBUG mode to see them.
INFO: No "Test" source files to scan.
INFO: No "Generated" source files to scan.
INFO: Sensor JavaSensor [java] (done) | time=13943ms
INFO: Sensor SurefireSensor [java]
INFO: parsing [/home/oscar/Área de trabalho/TCC-Artur-Jackson-e-Oscar-de-Brito--BaseMLCQ/sonar-trechos/generated-snippets-batch-run/target/surefire-reports]
INFO: Sensor SurefireSensor [java] (done) | time=2ms
INFO: Sensor JaCoCo XML Report Importer [jacoco]
INFO: 'sonar.coverage.jacoco.xmlReportPaths' is not defined. Using default locations: target/site/jacoco/jacoco.xml,target/site/jacoco-it/jacoco.xml,build/reports/jacoco/test/jacocoTestReport.xml
INFO: No report imported, no coverage information will be imported by JaCoCo XML Report Importer
INFO: Sensor JaCoCo XML Report Importer [jacoco] (done) | time=2ms
INFO: Sensor IaC Docker Sensor [iac]
INFO: 0 source files to be analyzed
INFO: 0/0 source files have been analyzed
INFO: Sensor IaC Docker Sensor [iac] (done) | time=226ms
INFO: Sensor TextAndSecretsSensor [text]
INFO: Available processors: 2
INFO: Using 2 threads for analysis.
INFO: 100 source files to be analyzed
INFO: 100/100 source files have been analyzed
INFO: Sensor TextAndSecretsSensor [text] (done) | time=3138ms
INFO: ------------- Run sensors on project
INFO: Sensor Zero Coverage Sensor
INFO: Sensor Zero Coverage Sensor (done) | time=45ms
INFO: Sensor Java CPD Block Indexer
INFO: Sensor Java CPD Block Indexer (done) | time=299ms
INFO: SCM Publisher SCM provider for this project is: git
INFO: SCM Publisher 100 source files to be analyzed
INFO: SCM Publisher 0/100 source files have been analyzed (done) | time=86ms
WARN: Missing blame information for the following files:
WARN:   * Snippet_8904876.java
WARN:   * Snippet_6212329.java
WARN:   * Snippet_8574983.java
WARN:   * Snippet_7047050.java
WARN:   * Snippet_7087370.java
WARN:   * Snippet_4195808.java
WARN:   * Snippet_7803956.java
WARN:   * Snippet_8038156.java
WARN:   * Snippet_7379441.java
WARN:   * Snippet_4383462.java
WARN:   * Snippet_7512464.java
WARN:   * Snippet_4057674.java
WARN:   * Snippet_3878622.java
WARN:   * Snippet_8690430.java
WARN:   * Snippet_8195306.java
WARN:   * Snippet_5842829.java
WARN:   * Snippet_8183289.java
WARN:   * Snippet_6207228.java
WARN:   * Snippet_6115582.java
WARN:   * Snippet_5799022.java
WARN:   * Snippet_5562874.java
WARN:   * Snippet_8332859.java
WARN:   * Snippet_8581347.java
WARN:   * Snippet_3908026.java
WARN:   * Snippet_7149120.java
WARN:   * Snippet_3963239.java
WARN:   * Snippet_7513487.java
WARN:   * Snippet_9126156.java
WARN:   * Snippet_8263546.java
WARN:   * Snippet_5737990.java
WARN:   * Snippet_6442583.java
WARN:   * Snippet_8435790.java
WARN:   * Snippet_7377189.java
WARN:   * Snippet_6510757.java
WARN:   * Snippet_7101859.java
WARN:   * Snippet_5905362.java
WARN:   * Snippet_4359175.java
WARN:   * Snippet_6893864.java
WARN:   * Snippet_4064087.java
WARN:   * Snippet_7409821.java
WARN:   * Snippet_9379644.java
WARN:   * Snippet_6017172.java
WARN:   * Snippet_7413961.java
WARN:   * Snippet_8861277.java
WARN:   * Snippet_5529562.java
WARN:   * Snippet_7026461.java
WARN:   * Snippet_8201369.java
WARN:   * Snippet_9336762.java
WARN:   * Snippet_4058195.java
WARN:   * Snippet_8181080.java
WARN:   * Snippet_8149386.java
WARN:   * Snippet_9466197.java
WARN:   * Snippet_8963673.java
WARN:   * Snippet_7501278.java
WARN:   * Snippet_5343744.java
WARN:   * Snippet_5475426.java
WARN:   * Snippet_8285514.java
WARN:   * Snippet_7301167.java
WARN:   * Snippet_7035620.java
WARN:   * Snippet_5445152.java
WARN:   * Snippet_4031820.java
WARN:   * Snippet_8953444.java
WARN:   * Snippet_6503132.java
WARN:   * Snippet_4930104.java
WARN:   * Snippet_4468635.java
WARN:   * Snippet_6282334.java
WARN:   * Snippet_5256995.java
WARN:   * Snippet_4583764.java
WARN:   * Snippet_7563057.java
WARN:   * Snippet_8348990.java
WARN:   * Snippet_5055368.java
WARN:   * Snippet_9247243.java
WARN:   * Snippet_5388415.java
WARN:   * Snippet_7450485.java
WARN:   * Snippet_9371099.java
WARN:   * Snippet_3804285.java
WARN:   * Snippet_5317907.java
WARN:   * Snippet_4059863.java
WARN:   * Snippet_8240678.java
WARN:   * Snippet_6600361.java
WARN:   * Snippet_6933669.java
WARN:   * Snippet_5330785.java
WARN:   * Snippet_7797001.java
WARN:   * Snippet_4456492.java
WARN:   * Snippet_6491821.java
WARN:   * Snippet_5982219.java
WARN:   * Snippet_8262479.java
WARN:   * Snippet_4541660.java
WARN:   * Snippet_5406665.java
WARN:   * Snippet_9242897.java
WARN:   * Snippet_4043104.java
WARN:   * Snippet_4476433.java
WARN:   * Snippet_6983575.java
WARN:   * Snippet_6940151.java
WARN:   * Snippet_7851015.java
WARN:   * Snippet_3954827.java
WARN:   * Snippet_6106646.java
WARN:   * Snippet_6863919.java
WARN:   * Snippet_6239751.java
WARN:   * Snippet_6192975.java
WARN: This may lead to missing/broken features in SonarQube
INFO: CPD Executor 43 files had no CPD blocks
INFO: CPD Executor Calculating CPD for 57 files
INFO: CPD Executor CPD calculation finished (done) | time=63ms
INFO: SCM revision ID '26261eff0fdfe0b82ee446873a05666cce5522df'
INFO: Analysis report generated in 303ms, dir size=769.9 kB
INFO: Analysis report compressed in 677ms, zip size=307.7 kB
INFO: Analysis report uploaded in 46ms
INFO: ANALYSIS SUCCESSFUL, you can find the results at: http://localhost:9000/dashboard?id=tcc-snippets-final-3
INFO: Note that you will be able to access the updated dashboard once the server has processed the submitted analysis report
INFO: More about the report processing at http://localhost:9000/api/ce/task?id=2f38be10-058c-42fe-82e0-b0b5e7c04dfb
INFO: Analysis total time: 37.105 s
INFO: ------------------------------------------------------------------------
INFO: EXECUTION SUCCESS
INFO: ------------------------------------------------------------------------
INFO: Total time: 42.430s
INFO: Final Memory: 19M/74M
INFO: ------------------------------------------------------------------------

================================================================================
[27/44] lote com 100 snippets
Arquivos:
Snippet_7892253.java
Snippet_7553034.java
Snippet_6635481.java
Snippet_5712776.java
Snippet_4292390.java
Snippet_8341412.java
Snippet_9507808.java
Snippet_6454619.java
Snippet_7583462.java
Snippet_4248456.java
Snippet_8263441.java
Snippet_5172876.java
Snippet_4928696.java
Snippet_4315829.java
Snippet_4661344.java
Snippet_5246871.java
Snippet_9506659.java
Snippet_3727271.java
Snippet_3949836.java
Snippet_7074998.java
Snippet_5790828.java
Snippet_8650167.java
Snippet_8073031.java
Snippet_5305226.java
Snippet_6613156.java
Snippet_6328482.java
Snippet_7043418.java
Snippet_5127922.java
Snippet_4217571.java
Snippet_8765693.java
Snippet_7721873.java
Snippet_4228466.java
Snippet_6514981.java
Snippet_4678251.java
Snippet_5041383.java
Snippet_5888140.java
Snippet_7784313.java
Snippet_7551760.java
Snippet_8604577.java
Snippet_5947006.java
Snippet_6060474.java
Snippet_5037205.java
Snippet_4074807.java
Snippet_3930845.java
Snippet_7148928.java
Snippet_7269783.java
Snippet_4413679.java
Snippet_3942097.java
Snippet_8736543.java
Snippet_7061885.java
Snippet_6917283.java
Snippet_7623277.java
Snippet_5326926.java
Snippet_5657989.java
Snippet_4426200.java
Snippet_5485720.java
Snippet_7356984.java
Snippet_5922177.java
Snippet_5690366.java
Snippet_4672583.java
Snippet_9120944.java
Snippet_7432284.java
Snippet_3856911.java
Snippet_7360627.java
Snippet_9276314.java
Snippet_7738164.java
Snippet_8039112.java
Snippet_6913242.java
Snippet_8845236.java
Snippet_7842685.java
Snippet_3722557.java
Snippet_5539522.java
Snippet_5476379.java
Snippet_7542000.java
Snippet_9383985.java
Snippet_4502604.java
Snippet_7625447.java
Snippet_5004349.java
Snippet_7115956.java
Snippet_3828619.java
Snippet_6858059.java
Snippet_8949635.java
Snippet_7136749.java
Snippet_7165732.java
Snippet_8987975.java
Snippet_5979331.java
Snippet_4739090.java
Snippet_8049874.java
Snippet_8908782.java
Snippet_7911455.java
Snippet_5647618.java
Snippet_7324624.java
Snippet_5535647.java
Snippet_7484156.java
Snippet_8418051.java
Snippet_6310221.java
Snippet_7294676.java
Snippet_8956394.java
Snippet_9345946.java
Snippet_6492213.java
INFO: Scanner configuration file: /home/oscar/sonar-scanner-5.0.1.3006-linux/conf/sonar-scanner.properties
INFO: Project root configuration file: /home/oscar/Área de trabalho/TCC-Artur-Jackson-e-Oscar-de-Brito--BaseMLCQ/sonar-trechos/generated-snippets-batch-run/sonar-project.properties
INFO: SonarScanner 5.0.1.3006
INFO: Java 17.0.7 Eclipse Adoptium (64-bit)
INFO: Linux 6.17.0-35-generic amd64
INFO: User cache: /home/oscar/.sonar/cache
INFO: Analyzing on SonarQube server 10.5.1.90531
INFO: Default locale: "pt_BR", source code encoding: "UTF-8"
INFO: Load global settings
INFO: Load global settings (done) | time=324ms
INFO: Server id: 147B411E-AZ1pIPMJY3k3y_epkpuj
INFO: User cache: /home/oscar/.sonar/cache
INFO: Loading required plugins
INFO: Load plugins index
INFO: Load plugins index (done) | time=123ms
INFO: Load/download plugins
INFO: Load/download plugins (done) | time=226ms
INFO: Process project properties
INFO: Process project properties (done) | time=21ms
INFO: Project key: tcc-snippets-final-3
INFO: Base dir: /home/oscar/Área de trabalho/TCC-Artur-Jackson-e-Oscar-de-Brito--BaseMLCQ/sonar-trechos/generated-snippets-batch-run
INFO: Working dir: /home/oscar/Área de trabalho/TCC-Artur-Jackson-e-Oscar-de-Brito--BaseMLCQ/sonar-trechos/generated-snippets-batch-run/.scannerwork
INFO: Load project settings for component key: 'tcc-snippets-final-3'
INFO: Load project settings for component key: 'tcc-snippets-final-3' (done) | time=37ms
INFO: Load quality profiles
INFO: Load quality profiles (done) | time=133ms
INFO: Load active rules
INFO: Load active rules (done) | time=10947ms
INFO: Load analysis cache
INFO: Load analysis cache (2.6 kB) | time=89ms
INFO: Preprocessing files...
INFO: 1 language detected in 101 preprocessed files
INFO: 0 files ignored because of scm ignore settings
INFO: Loading plugins for detected languages
INFO: Load/download plugins
INFO: Load/download plugins (done) | time=37ms
INFO: Inconsistent constructor declaration on bean with name 'org.sonarsource.scanner.api.internal.IsolatedClassloader@1a1d6a08-org.sonar.scanner.issue.IssueFilters': single autowire-marked constructor flagged as optional - this constructor is effectively required since there is no default constructor to fall back to: public org.sonar.scanner.issue.IssueFilters(org.sonar.api.batch.fs.internal.DefaultInputProject)
INFO: Load project repositories
INFO: Load project repositories (done) | time=78ms
INFO: Indexing files...
INFO: Project configuration:
INFO: 101 files indexed
INFO: Quality profile for java: TCC
INFO: ------------- Run sensors on module TCC Snippets Final 3
INFO: Load metrics repository
INFO: Load metrics repository (done) | time=76ms
INFO: Sensor JavaSensor [java]
INFO: No rules with 'symbolic-execution' tag were enabled, the Symbolic Execution Engine will not run during the analysis.
INFO: Server-side caching is enabled. The Java analyzer will not try to leverage data from a previous analysis.
INFO: Using ECJ batch to parse 100 Main java source files with batch size 156 KB.
INFO: Starting batch processing.
INFO: The Java analyzer cannot skip unchanged files in this context. A full analysis is performed for all files.
INFO: 100% analyzed
INFO: Batch processing: Done.
INFO: Did not optimize analysis for any files, performed a full analysis for all 100 files.
WARN: Dependencies/libraries were not provided for analysis of SOURCE files. The 'sonar.java.libraries' property is empty. Verify your configuration, as you might end up with less precise results.
WARN: Unresolved imports/types have been detected during analysis. Enable DEBUG mode to see them.
WARN: Use of preview features have been detected during analysis. Enable DEBUG mode to see them.
INFO: No "Test" source files to scan.
INFO: No "Generated" source files to scan.
INFO: Sensor JavaSensor [java] (done) | time=13194ms
INFO: Sensor SurefireSensor [java]
INFO: parsing [/home/oscar/Área de trabalho/TCC-Artur-Jackson-e-Oscar-de-Brito--BaseMLCQ/sonar-trechos/generated-snippets-batch-run/target/surefire-reports]
INFO: Sensor SurefireSensor [java] (done) | time=11ms
INFO: Sensor JaCoCo XML Report Importer [jacoco]
INFO: 'sonar.coverage.jacoco.xmlReportPaths' is not defined. Using default locations: target/site/jacoco/jacoco.xml,target/site/jacoco-it/jacoco.xml,build/reports/jacoco/test/jacocoTestReport.xml
INFO: No report imported, no coverage information will be imported by JaCoCo XML Report Importer
INFO: Sensor JaCoCo XML Report Importer [jacoco] (done) | time=6ms
INFO: Sensor IaC Docker Sensor [iac]
INFO: 0 source files to be analyzed
INFO: 0/0 source files have been analyzed
INFO: Sensor IaC Docker Sensor [iac] (done) | time=172ms
INFO: Sensor TextAndSecretsSensor [text]
INFO: Available processors: 2
INFO: Using 2 threads for analysis.
INFO: 100 source files to be analyzed
INFO: 100/100 source files have been analyzed
INFO: Sensor TextAndSecretsSensor [text] (done) | time=2907ms
INFO: ------------- Run sensors on project
INFO: Sensor Zero Coverage Sensor
INFO: Sensor Zero Coverage Sensor (done) | time=144ms
INFO: Sensor Java CPD Block Indexer
INFO: Sensor Java CPD Block Indexer (done) | time=347ms
INFO: SCM Publisher SCM provider for this project is: git
INFO: SCM Publisher 100 source files to be analyzed
INFO: SCM Publisher 0/100 source files have been analyzed (done) | time=157ms
WARN: Missing blame information for the following files:
WARN:   * Snippet_6858059.java
WARN:   * Snippet_7551760.java
WARN:   * Snippet_5041383.java
WARN:   * Snippet_8765693.java
WARN:   * Snippet_7625447.java
WARN:   * Snippet_7074998.java
WARN:   * Snippet_4502604.java
WARN:   * Snippet_7738164.java
WARN:   * Snippet_7484156.java
WARN:   * Snippet_6310221.java
WARN:   * Snippet_7892253.java
WARN:   * Snippet_9276314.java
WARN:   * Snippet_4739090.java
WARN:   * Snippet_6635481.java
WARN:   * Snippet_3930845.java
WARN:   * Snippet_4074807.java
WARN:   * Snippet_6514981.java
WARN:   * Snippet_5790828.java
WARN:   * Snippet_8987975.java
WARN:   * Snippet_3828619.java
WARN:   * Snippet_4217571.java
WARN:   * Snippet_7324624.java
WARN:   * Snippet_5888140.java
WARN:   * Snippet_7842685.java
WARN:   * Snippet_8949635.java
WARN:   * Snippet_8650167.java
WARN:   * Snippet_5305226.java
WARN:   * Snippet_5485720.java
WARN:   * Snippet_7294676.java
WARN:   * Snippet_7061885.java
WARN:   * Snippet_7356984.java
WARN:   * Snippet_7721873.java
WARN:   * Snippet_9507808.java
WARN:   * Snippet_5657989.java
WARN:   * Snippet_7115956.java
WARN:   * Snippet_7583462.java
WARN:   * Snippet_3727271.java
WARN:   * Snippet_4248456.java
WARN:   * Snippet_9383985.java
WARN:   * Snippet_7553034.java
WARN:   * Snippet_5246871.java
WARN:   * Snippet_3856911.java
WARN:   * Snippet_7165732.java
WARN:   * Snippet_6913242.java
WARN:   * Snippet_5004349.java
WARN:   * Snippet_6328482.java
WARN:   * Snippet_8341412.java
WARN:   * Snippet_6917283.java
WARN:   * Snippet_6060474.java
WARN:   * Snippet_4315829.java
WARN:   * Snippet_9345946.java
WARN:   * Snippet_6613156.java
WARN:   * Snippet_8736543.java
WARN:   * Snippet_5127922.java
WARN:   * Snippet_4292390.java
WARN:   * Snippet_7269783.java
WARN:   * Snippet_5712776.java
WARN:   * Snippet_6492213.java
WARN:   * Snippet_5037205.java
WARN:   * Snippet_4928696.java
WARN:   * Snippet_5535647.java
WARN:   * Snippet_7432284.java
WARN:   * Snippet_5690366.java
WARN:   * Snippet_7360627.java
WARN:   * Snippet_7911455.java
WARN:   * Snippet_5647618.java
WARN:   * Snippet_4661344.java
WARN:   * Snippet_8263441.java
WARN:   * Snippet_8956394.java
WARN:   * Snippet_5172876.java
WARN:   * Snippet_8073031.java
WARN:   * Snippet_8049874.java
WARN:   * Snippet_4672583.java
WARN:   * Snippet_5539522.java
WARN:   * Snippet_4228466.java
WARN:   * Snippet_5979331.java
WARN:   * Snippet_5476379.java
WARN:   * Snippet_4678251.java
WARN:   * Snippet_9506659.java
WARN:   * Snippet_4426200.java
WARN:   * Snippet_3949836.java
WARN:   * Snippet_8418051.java
WARN:   * Snippet_3722557.java
WARN:   * Snippet_3942097.java
WARN:   * Snippet_7542000.java
WARN:   * Snippet_4413679.java
WARN:   * Snippet_8845236.java
WARN:   * Snippet_8604577.java
WARN:   * Snippet_7148928.java
WARN:   * Snippet_7623277.java
WARN:   * Snippet_5922177.java
WARN:   * Snippet_7043418.java
WARN:   * Snippet_5947006.java
WARN:   * Snippet_7136749.java
WARN:   * Snippet_8908782.java
WARN:   * Snippet_7784313.java
WARN:   * Snippet_8039112.java
WARN:   * Snippet_5326926.java
WARN:   * Snippet_9120944.java
WARN:   * Snippet_6454619.java
WARN: This may lead to missing/broken features in SonarQube
INFO: CPD Executor 46 files had no CPD blocks
INFO: CPD Executor Calculating CPD for 54 files
INFO: CPD Executor CPD calculation finished (done) | time=34ms
INFO: SCM revision ID '26261eff0fdfe0b82ee446873a05666cce5522df'
INFO: Analysis report generated in 279ms, dir size=647.9 kB
INFO: Analysis report compressed in 777ms, zip size=271.6 kB
INFO: Analysis report uploaded in 109ms
INFO: ANALYSIS SUCCESSFUL, you can find the results at: http://localhost:9000/dashboard?id=tcc-snippets-final-3
INFO: Note that you will be able to access the updated dashboard once the server has processed the submitted analysis report
INFO: More about the report processing at http://localhost:9000/api/ce/task?id=656107d2-de7e-421f-ab42-61990bd7ceb8
INFO: Analysis total time: 37.290 s
INFO: ------------------------------------------------------------------------
INFO: EXECUTION SUCCESS
INFO: ------------------------------------------------------------------------
INFO: Total time: 44.187s
INFO: Final Memory: 18M/74M
INFO: ------------------------------------------------------------------------

================================================================================
[28/44] lote com 100 snippets
Arquivos:
Snippet_6973553.java
Snippet_9094331.java
Snippet_8526485.java
Snippet_5328561.java
Snippet_8954733.java
Snippet_8914719.java
Snippet_8044671.java
Snippet_5939954.java
Snippet_8963199.java
Snippet_7706698.java
Snippet_7810086.java
Snippet_7810336.java
Snippet_7805103.java
Snippet_6879905.java
Snippet_7009433.java
Snippet_3977344.java
Snippet_9517554.java
Snippet_7403028.java
Snippet_5668440.java
Snippet_4141778.java
Snippet_5990255.java
Snippet_7792449.java
Snippet_4095482.java
Snippet_7832597.java
Snippet_4028364.java
Snippet_6265027.java
Snippet_8564291.java
Snippet_5681626.java
Snippet_4925720.java
Snippet_7332512.java
Snippet_7341500.java
Snippet_5961466.java
Snippet_5328591.java
Snippet_4138124.java
Snippet_8547261.java
Snippet_5805223.java
Snippet_6164700.java
Snippet_5473710.java
Snippet_5884181.java
Snippet_4752038.java
Snippet_6120286.java
Snippet_5983355.java
Snippet_4671530.java
Snippet_6840071.java
Snippet_7276259.java
Snippet_7663402.java
Snippet_8389037.java
Snippet_7447081.java
Snippet_5983608.java
Snippet_7102262.java
Snippet_9012542.java
Snippet_7462222.java
Snippet_5203194.java
Snippet_6629910.java
Snippet_7070559.java
Snippet_7763261.java
Snippet_8217435.java
Snippet_6823557.java
Snippet_7842162.java
Snippet_7205580.java
Snippet_7185320.java
Snippet_5057041.java
Snippet_4281055.java
Snippet_4004762.java
Snippet_4369677.java
Snippet_7114027.java
Snippet_8756041.java
Snippet_8978350.java
Snippet_4045122.java
Snippet_8295955.java
Snippet_6342054.java
Snippet_8334098.java
Snippet_9121203.java
Snippet_5828122.java
Snippet_9322007.java
Snippet_3981428.java
Snippet_8902918.java
Snippet_7247159.java
Snippet_9439755.java
Snippet_8295253.java
Snippet_8579381.java
Snippet_8736644.java
Snippet_3917525.java
Snippet_9322941.java
Snippet_8184933.java
Snippet_6471245.java
Snippet_6123342.java
Snippet_4210395.java
Snippet_7045316.java
Snippet_6517482.java
Snippet_5604954.java
Snippet_6097003.java
Snippet_8194817.java
Snippet_9535301.java
Snippet_9159804.java
Snippet_7673002.java
Snippet_5934742.java
Snippet_4282818.java
Snippet_3940746.java
Snippet_4982268.java
INFO: Scanner configuration file: /home/oscar/sonar-scanner-5.0.1.3006-linux/conf/sonar-scanner.properties
INFO: Project root configuration file: /home/oscar/Área de trabalho/TCC-Artur-Jackson-e-Oscar-de-Brito--BaseMLCQ/sonar-trechos/generated-snippets-batch-run/sonar-project.properties
INFO: SonarScanner 5.0.1.3006
INFO: Java 17.0.7 Eclipse Adoptium (64-bit)
INFO: Linux 6.17.0-35-generic amd64
INFO: User cache: /home/oscar/.sonar/cache
INFO: Analyzing on SonarQube server 10.5.1.90531
INFO: Default locale: "pt_BR", source code encoding: "UTF-8"
INFO: Load global settings
INFO: Load global settings (done) | time=141ms
INFO: Server id: 147B411E-AZ1pIPMJY3k3y_epkpuj
INFO: User cache: /home/oscar/.sonar/cache
INFO: Loading required plugins
INFO: Load plugins index
INFO: Load plugins index (done) | time=50ms
INFO: Load/download plugins
INFO: Load/download plugins (done) | time=161ms
INFO: Process project properties
INFO: Process project properties (done) | time=12ms
INFO: Project key: tcc-snippets-final-3
INFO: Base dir: /home/oscar/Área de trabalho/TCC-Artur-Jackson-e-Oscar-de-Brito--BaseMLCQ/sonar-trechos/generated-snippets-batch-run
INFO: Working dir: /home/oscar/Área de trabalho/TCC-Artur-Jackson-e-Oscar-de-Brito--BaseMLCQ/sonar-trechos/generated-snippets-batch-run/.scannerwork
INFO: Load project settings for component key: 'tcc-snippets-final-3'
INFO: Load project settings for component key: 'tcc-snippets-final-3' (done) | time=26ms
INFO: Load quality profiles
INFO: Load quality profiles (done) | time=77ms
INFO: Load active rules
INFO: Load active rules (done) | time=7616ms
INFO: Load analysis cache
INFO: Load analysis cache (2.6 kB) | time=50ms
INFO: Preprocessing files...
INFO: 1 language detected in 101 preprocessed files
INFO: 0 files ignored because of scm ignore settings
INFO: Loading plugins for detected languages
INFO: Load/download plugins
INFO: Load/download plugins (done) | time=7ms
INFO: Inconsistent constructor declaration on bean with name 'org.sonarsource.scanner.api.internal.IsolatedClassloader@1a1d6a08-org.sonar.scanner.issue.IssueFilters': single autowire-marked constructor flagged as optional - this constructor is effectively required since there is no default constructor to fall back to: public org.sonar.scanner.issue.IssueFilters(org.sonar.api.batch.fs.internal.DefaultInputProject)
INFO: Load project repositories
INFO: Load project repositories (done) | time=54ms
INFO: Indexing files...
INFO: Project configuration:
INFO: 101 files indexed
INFO: Quality profile for java: TCC
INFO: ------------- Run sensors on module TCC Snippets Final 3
INFO: Load metrics repository
INFO: Load metrics repository (done) | time=62ms
INFO: Sensor JavaSensor [java]
INFO: No rules with 'symbolic-execution' tag were enabled, the Symbolic Execution Engine will not run during the analysis.
INFO: Server-side caching is enabled. The Java analyzer will not try to leverage data from a previous analysis.
INFO: Using ECJ batch to parse 100 Main java source files with batch size 156 KB.
INFO: Starting batch processing.
INFO: The Java analyzer cannot skip unchanged files in this context. A full analysis is performed for all files.
INFO: 100% analyzed
INFO: Batch processing: Done.
INFO: Did not optimize analysis for any files, performed a full analysis for all 100 files.
WARN: Dependencies/libraries were not provided for analysis of SOURCE files. The 'sonar.java.libraries' property is empty. Verify your configuration, as you might end up with less precise results.
WARN: Unresolved imports/types have been detected during analysis. Enable DEBUG mode to see them.
WARN: Use of preview features have been detected during analysis. Enable DEBUG mode to see them.
INFO: No "Test" source files to scan.
INFO: No "Generated" source files to scan.
INFO: Sensor JavaSensor [java] (done) | time=6523ms
INFO: Sensor SurefireSensor [java]
INFO: parsing [/home/oscar/Área de trabalho/TCC-Artur-Jackson-e-Oscar-de-Brito--BaseMLCQ/sonar-trechos/generated-snippets-batch-run/target/surefire-reports]
INFO: Sensor SurefireSensor [java] (done) | time=4ms
INFO: Sensor JaCoCo XML Report Importer [jacoco]
INFO: 'sonar.coverage.jacoco.xmlReportPaths' is not defined. Using default locations: target/site/jacoco/jacoco.xml,target/site/jacoco-it/jacoco.xml,build/reports/jacoco/test/jacocoTestReport.xml
INFO: No report imported, no coverage information will be imported by JaCoCo XML Report Importer
INFO: Sensor JaCoCo XML Report Importer [jacoco] (done) | time=3ms
INFO: Sensor IaC Docker Sensor [iac]
INFO: 0 source files to be analyzed
INFO: 0/0 source files have been analyzed
INFO: Sensor IaC Docker Sensor [iac] (done) | time=173ms
INFO: Sensor TextAndSecretsSensor [text]
INFO: Available processors: 2
INFO: Using 2 threads for analysis.
INFO: 100 source files to be analyzed
INFO: 100/100 source files have been analyzed
INFO: Sensor TextAndSecretsSensor [text] (done) | time=1728ms
INFO: ------------- Run sensors on project
INFO: Sensor Zero Coverage Sensor
INFO: Sensor Zero Coverage Sensor (done) | time=41ms
INFO: Sensor Java CPD Block Indexer
INFO: Sensor Java CPD Block Indexer (done) | time=253ms
INFO: SCM Publisher SCM provider for this project is: git
INFO: SCM Publisher 100 source files to be analyzed
INFO: SCM Publisher 0/100 source files have been analyzed (done) | time=71ms
WARN: Missing blame information for the following files:
WARN:   * Snippet_7102262.java
WARN:   * Snippet_4210395.java
WARN:   * Snippet_8954733.java
WARN:   * Snippet_6123342.java
WARN:   * Snippet_7763261.java
WARN:   * Snippet_4982268.java
WARN:   * Snippet_8044671.java
WARN:   * Snippet_3917525.java
WARN:   * Snippet_9322941.java
WARN:   * Snippet_9121203.java
WARN:   * Snippet_6517482.java
WARN:   * Snippet_8579381.java
WARN:   * Snippet_6471245.java
WARN:   * Snippet_7205580.java
WARN:   * Snippet_7009433.java
WARN:   * Snippet_6342054.java
WARN:   * Snippet_6120286.java
WARN:   * Snippet_5203194.java
WARN:   * Snippet_5681626.java
WARN:   * Snippet_9439755.java
WARN:   * Snippet_5668440.java
WARN:   * Snippet_3940746.java
WARN:   * Snippet_6823557.java
WARN:   * Snippet_3977344.java
WARN:   * Snippet_7462222.java
WARN:   * Snippet_4281055.java
WARN:   * Snippet_5473710.java
WARN:   * Snippet_6629910.java
WARN:   * Snippet_3981428.java
WARN:   * Snippet_9517554.java
WARN:   * Snippet_4045122.java
WARN:   * Snippet_5934742.java
WARN:   * Snippet_4752038.java
WARN:   * Snippet_7810086.java
WARN:   * Snippet_8547261.java
WARN:   * Snippet_8902918.java
WARN:   * Snippet_8295253.java
WARN:   * Snippet_6973553.java
WARN:   * Snippet_8526485.java
WARN:   * Snippet_5604954.java
WARN:   * Snippet_7341500.java
WARN:   * Snippet_5983608.java
WARN:   * Snippet_7706698.java
WARN:   * Snippet_7185320.java
WARN:   * Snippet_8736644.java
WARN:   * Snippet_7842162.java
WARN:   * Snippet_7447081.java
WARN:   * Snippet_7663402.java
WARN:   * Snippet_6879905.java
WARN:   * Snippet_4282818.java
WARN:   * Snippet_5884181.java
WARN:   * Snippet_8914719.java
WARN:   * Snippet_9322007.java
WARN:   * Snippet_5828122.java
WARN:   * Snippet_5057041.java
WARN:   * Snippet_8217435.java
WARN:   * Snippet_7114027.java
WARN:   * Snippet_9094331.java
WARN:   * Snippet_4095482.java
WARN:   * Snippet_5328561.java
WARN:   * Snippet_4004762.java
WARN:   * Snippet_7070559.java
WARN:   * Snippet_4925720.java
WARN:   * Snippet_7045316.java
WARN:   * Snippet_9012542.java
WARN:   * Snippet_6265027.java
WARN:   * Snippet_8978350.java
WARN:   * Snippet_8194817.java
WARN:   * Snippet_9159804.java
WARN:   * Snippet_7276259.java
WARN:   * Snippet_4671530.java
WARN:   * Snippet_6097003.java
WARN:   * Snippet_8295955.java
WARN:   * Snippet_9535301.java
WARN:   * Snippet_4369677.java
WARN:   * Snippet_8389037.java
WARN:   * Snippet_8564291.java
WARN:   * Snippet_8963199.java
WARN:   * Snippet_7673002.java
WARN:   * Snippet_5983355.java
WARN:   * Snippet_6164700.java
WARN:   * Snippet_6840071.java
WARN:   * Snippet_4141778.java
WARN:   * Snippet_7832597.java
WARN:   * Snippet_7792449.java
WARN:   * Snippet_8756041.java
WARN:   * Snippet_7403028.java
WARN:   * Snippet_5939954.java
WARN:   * Snippet_5805223.java
WARN:   * Snippet_5961466.java
WARN:   * Snippet_8334098.java
WARN:   * Snippet_4138124.java
WARN:   * Snippet_7247159.java
WARN:   * Snippet_7810336.java
WARN:   * Snippet_7805103.java
WARN:   * Snippet_5990255.java
WARN:   * Snippet_4028364.java
WARN:   * Snippet_7332512.java
WARN:   * Snippet_5328591.java
WARN:   * Snippet_8184933.java
WARN: This may lead to missing/broken features in SonarQube
INFO: CPD Executor 45 files had no CPD blocks
INFO: CPD Executor Calculating CPD for 55 files
INFO: CPD Executor CPD calculation finished (done) | time=51ms
INFO: SCM revision ID '26261eff0fdfe0b82ee446873a05666cce5522df'
INFO: Analysis report generated in 131ms, dir size=654.8 kB
INFO: Analysis report compressed in 367ms, zip size=276.1 kB
INFO: Analysis report uploaded in 66ms
INFO: ANALYSIS SUCCESSFUL, you can find the results at: http://localhost:9000/dashboard?id=tcc-snippets-final-3
INFO: Note that you will be able to access the updated dashboard once the server has processed the submitted analysis report
INFO: More about the report processing at http://localhost:9000/api/ce/task?id=a7f41919-9dde-44e4-a2e9-d33b69b5218c
INFO: Analysis total time: 21.090 s
INFO: ------------------------------------------------------------------------
INFO: EXECUTION SUCCESS
INFO: ------------------------------------------------------------------------
INFO: Total time: 24.538s
INFO: Final Memory: 18M/74M
INFO: ------------------------------------------------------------------------

================================================================================
[29/44] lote com 100 snippets
Arquivos:
Snippet_4479936.java
Snippet_3785267.java
Snippet_5399317.java
Snippet_7026284.java
Snippet_4814956.java
Snippet_5586619.java
Snippet_3779095.java
Snippet_4301198.java
Snippet_7880833.java
Snippet_7308975.java
Snippet_4217192.java
Snippet_4480085.java
Snippet_7543232.java
Snippet_7458584.java
Snippet_4296219.java
Snippet_7746730.java
Snippet_8580507.java
Snippet_3701614.java
Snippet_9096801.java
Snippet_8657644.java
Snippet_7654989.java
Snippet_4783162.java
Snippet_4686609.java
Snippet_9484836.java
Snippet_4634262.java
Snippet_8792214.java
Snippet_8417770.java
Snippet_4625303.java
Snippet_6899793.java
Snippet_4278771.java
Snippet_4844449.java
Snippet_9004411.java
Snippet_3936103.java
Snippet_3808598.java
Snippet_7067326.java
Snippet_7231644.java
Snippet_7237730.java
Snippet_8213894.java
Snippet_7323707.java
Snippet_9483217.java
Snippet_7495736.java
Snippet_4259369.java
Snippet_4546373.java
Snippet_5068417.java
Snippet_5801572.java
Snippet_3981336.java
Snippet_5589935.java
Snippet_7254402.java
Snippet_7911276.java
Snippet_5645958.java
Snippet_7395810.java
Snippet_7995724.java
Snippet_5608439.java
Snippet_4800822.java
Snippet_6073975.java
Snippet_6062576.java
Snippet_4689128.java
Snippet_8281849.java
Snippet_7581956.java
Snippet_3863486.java
Snippet_8212082.java
Snippet_7759750.java
Snippet_8779700.java
Snippet_6340126.java
Snippet_4159543.java
Snippet_7291517.java
Snippet_9102911.java
Snippet_8425397.java
Snippet_7017732.java
Snippet_8515776.java
Snippet_8570234.java
Snippet_8660273.java
Snippet_8845205.java
Snippet_5660710.java
Snippet_8146987.java
Snippet_5762348.java
Snippet_8436618.java
Snippet_6694346.java
Snippet_7640021.java
Snippet_4144475.java
Snippet_4237161.java
Snippet_6435518.java
Snippet_5269525.java
Snippet_3877056.java
Snippet_3919373.java
Snippet_4322752.java
Snippet_4239788.java
Snippet_8934244.java
Snippet_7273013.java
Snippet_8236650.java
Snippet_7460703.java
Snippet_6212333.java
Snippet_7211250.java
Snippet_3987166.java
Snippet_9431580.java
Snippet_4714464.java
Snippet_7120318.java
Snippet_5421253.java
Snippet_6877863.java
Snippet_7156819.java
INFO: Scanner configuration file: /home/oscar/sonar-scanner-5.0.1.3006-linux/conf/sonar-scanner.properties
INFO: Project root configuration file: /home/oscar/Área de trabalho/TCC-Artur-Jackson-e-Oscar-de-Brito--BaseMLCQ/sonar-trechos/generated-snippets-batch-run/sonar-project.properties
INFO: SonarScanner 5.0.1.3006
INFO: Java 17.0.7 Eclipse Adoptium (64-bit)
INFO: Linux 6.17.0-35-generic amd64
INFO: User cache: /home/oscar/.sonar/cache
INFO: Analyzing on SonarQube server 10.5.1.90531
INFO: Default locale: "pt_BR", source code encoding: "UTF-8"
INFO: Load global settings
INFO: Load global settings (done) | time=394ms
INFO: Server id: 147B411E-AZ1pIPMJY3k3y_epkpuj
INFO: User cache: /home/oscar/.sonar/cache
INFO: Loading required plugins
INFO: Load plugins index
INFO: Load plugins index (done) | time=215ms
INFO: Load/download plugins
INFO: Load/download plugins (done) | time=219ms
INFO: Process project properties
INFO: Process project properties (done) | time=25ms
INFO: Project key: tcc-snippets-final-3
INFO: Base dir: /home/oscar/Área de trabalho/TCC-Artur-Jackson-e-Oscar-de-Brito--BaseMLCQ/sonar-trechos/generated-snippets-batch-run
INFO: Working dir: /home/oscar/Área de trabalho/TCC-Artur-Jackson-e-Oscar-de-Brito--BaseMLCQ/sonar-trechos/generated-snippets-batch-run/.scannerwork
INFO: Load project settings for component key: 'tcc-snippets-final-3'
INFO: Load project settings for component key: 'tcc-snippets-final-3' (done) | time=42ms
INFO: Load quality profiles
INFO: Load quality profiles (done) | time=187ms
INFO: Load active rules
INFO: Load active rules (done) | time=10946ms
INFO: Load analysis cache
INFO: Load analysis cache (2.6 kB) | time=55ms
INFO: Preprocessing files...
INFO: 1 language detected in 101 preprocessed files
INFO: 0 files ignored because of scm ignore settings
INFO: Loading plugins for detected languages
INFO: Load/download plugins
INFO: Load/download plugins (done) | time=20ms
INFO: Inconsistent constructor declaration on bean with name 'org.sonarsource.scanner.api.internal.IsolatedClassloader@1a1d6a08-org.sonar.scanner.issue.IssueFilters': single autowire-marked constructor flagged as optional - this constructor is effectively required since there is no default constructor to fall back to: public org.sonar.scanner.issue.IssueFilters(org.sonar.api.batch.fs.internal.DefaultInputProject)
INFO: Load project repositories
INFO: Load project repositories (done) | time=169ms
INFO: Indexing files...
INFO: Project configuration:
INFO: 101 files indexed
INFO: Quality profile for java: TCC
INFO: ------------- Run sensors on module TCC Snippets Final 3
INFO: Load metrics repository
INFO: Load metrics repository (done) | time=124ms
INFO: Sensor JavaSensor [java]
INFO: No rules with 'symbolic-execution' tag were enabled, the Symbolic Execution Engine will not run during the analysis.
INFO: Server-side caching is enabled. The Java analyzer will not try to leverage data from a previous analysis.
INFO: Using ECJ batch to parse 100 Main java source files with batch size 156 KB.
INFO: Starting batch processing.
INFO: The Java analyzer cannot skip unchanged files in this context. A full analysis is performed for all files.
INFO: 100% analyzed
INFO: Batch processing: Done.
INFO: Did not optimize analysis for any files, performed a full analysis for all 100 files.
WARN: Dependencies/libraries were not provided for analysis of SOURCE files. The 'sonar.java.libraries' property is empty. Verify your configuration, as you might end up with less precise results.
WARN: Unresolved imports/types have been detected during analysis. Enable DEBUG mode to see them.
WARN: Use of preview features have been detected during analysis. Enable DEBUG mode to see them.
INFO: No "Test" source files to scan.
INFO: No "Generated" source files to scan.
INFO: Sensor JavaSensor [java] (done) | time=8428ms
INFO: Sensor SurefireSensor [java]
INFO: parsing [/home/oscar/Área de trabalho/TCC-Artur-Jackson-e-Oscar-de-Brito--BaseMLCQ/sonar-trechos/generated-snippets-batch-run/target/surefire-reports]
INFO: Sensor SurefireSensor [java] (done) | time=3ms
INFO: Sensor JaCoCo XML Report Importer [jacoco]
INFO: 'sonar.coverage.jacoco.xmlReportPaths' is not defined. Using default locations: target/site/jacoco/jacoco.xml,target/site/jacoco-it/jacoco.xml,build/reports/jacoco/test/jacocoTestReport.xml
INFO: No report imported, no coverage information will be imported by JaCoCo XML Report Importer
INFO: Sensor JaCoCo XML Report Importer [jacoco] (done) | time=3ms
INFO: Sensor IaC Docker Sensor [iac]
INFO: 0 source files to be analyzed
INFO: 0/0 source files have been analyzed
INFO: Sensor IaC Docker Sensor [iac] (done) | time=153ms
INFO: Sensor TextAndSecretsSensor [text]
INFO: Available processors: 2
INFO: Using 2 threads for analysis.
INFO: 100 source files to be analyzed
INFO: 100/100 source files have been analyzed
INFO: Sensor TextAndSecretsSensor [text] (done) | time=1389ms
INFO: ------------- Run sensors on project
INFO: Sensor Zero Coverage Sensor
INFO: Sensor Zero Coverage Sensor (done) | time=66ms
INFO: Sensor Java CPD Block Indexer
INFO: Sensor Java CPD Block Indexer (done) | time=270ms
INFO: SCM Publisher SCM provider for this project is: git
INFO: SCM Publisher 100 source files to be analyzed
INFO: SCM Publisher 0/100 source files have been analyzed (done) | time=98ms
WARN: Missing blame information for the following files:
WARN:   * Snippet_7654989.java
WARN:   * Snippet_5068417.java
WARN:   * Snippet_7911276.java
WARN:   * Snippet_7995724.java
WARN:   * Snippet_4800822.java
WARN:   * Snippet_6899793.java
WARN:   * Snippet_7067326.java
WARN:   * Snippet_4546373.java
WARN:   * Snippet_4625303.java
WARN:   * Snippet_3785267.java
WARN:   * Snippet_7237730.java
WARN:   * Snippet_4479936.java
WARN:   * Snippet_7880833.java
WARN:   * Snippet_4686609.java
WARN:   * Snippet_8281849.java
WARN:   * Snippet_7308975.java
WARN:   * Snippet_6073975.java
WARN:   * Snippet_4689128.java
WARN:   * Snippet_4480085.java
WARN:   * Snippet_6340126.java
WARN:   * Snippet_4296219.java
WARN:   * Snippet_7120318.java
WARN:   * Snippet_3808598.java
WARN:   * Snippet_5801572.java
WARN:   * Snippet_8580507.java
WARN:   * Snippet_5421253.java
WARN:   * Snippet_8660273.java
WARN:   * Snippet_3779095.java
WARN:   * Snippet_9004411.java
WARN:   * Snippet_5399317.java
WARN:   * Snippet_5660710.java
WARN:   * Snippet_5586619.java
WARN:   * Snippet_8934244.java
WARN:   * Snippet_6212333.java
WARN:   * Snippet_6435518.java
WARN:   * Snippet_4144475.java
WARN:   * Snippet_4239788.java
WARN:   * Snippet_8436618.java
WARN:   * Snippet_3981336.java
WARN:   * Snippet_4783162.java
WARN:   * Snippet_6062576.java
WARN:   * Snippet_4322752.java
WARN:   * Snippet_3919373.java
WARN:   * Snippet_5269525.java
WARN:   * Snippet_8792214.java
WARN:   * Snippet_9483217.java
WARN:   * Snippet_6877863.java
WARN:   * Snippet_8425397.java
WARN:   * Snippet_4301198.java
WARN:   * Snippet_9096801.java
WARN:   * Snippet_4278771.java
WARN:   * Snippet_4814956.java
WARN:   * Snippet_4259369.java
WARN:   * Snippet_9431580.java
WARN:   * Snippet_7017732.java
WARN:   * Snippet_6694346.java
WARN:   * Snippet_5589935.java
WARN:   * Snippet_3863486.java
WARN:   * Snippet_3936103.java
WARN:   * Snippet_7323707.java
WARN:   * Snippet_5762348.java
WARN:   * Snippet_5645958.java
WARN:   * Snippet_9484836.java
WARN:   * Snippet_7273013.java
WARN:   * Snippet_7291517.java
WARN:   * Snippet_9102911.java
WARN:   * Snippet_7254402.java
WARN:   * Snippet_7026284.java
WARN:   * Snippet_7746730.java
WARN:   * Snippet_3701614.java
WARN:   * Snippet_8570234.java
WARN:   * Snippet_4714464.java
WARN:   * Snippet_8236650.java
WARN:   * Snippet_7759750.java
WARN:   * Snippet_8417770.java
WARN:   * Snippet_7231644.java
WARN:   * Snippet_4634262.java
WARN:   * Snippet_5608439.java
WARN:   * Snippet_3987166.java
WARN:   * Snippet_7458584.java
WARN:   * Snippet_7156819.java
WARN:   * Snippet_7395810.java
WARN:   * Snippet_3877056.java
WARN:   * Snippet_8779700.java
WARN:   * Snippet_7640021.java
WARN:   * Snippet_8845205.java
WARN:   * Snippet_4237161.java
WARN:   * Snippet_8515776.java
WARN:   * Snippet_8212082.java
WARN:   * Snippet_7495736.java
WARN:   * Snippet_8657644.java
WARN:   * Snippet_4217192.java
WARN:   * Snippet_8146987.java
WARN:   * Snippet_8213894.java
WARN:   * Snippet_7543232.java
WARN:   * Snippet_4159543.java
WARN:   * Snippet_7460703.java
WARN:   * Snippet_7211250.java
WARN:   * Snippet_4844449.java
WARN:   * Snippet_7581956.java
WARN: This may lead to missing/broken features in SonarQube
INFO: CPD Executor 50 files had no CPD blocks
INFO: CPD Executor Calculating CPD for 50 files
INFO: CPD Executor CPD calculation finished (done) | time=30ms
INFO: SCM revision ID '26261eff0fdfe0b82ee446873a05666cce5522df'
INFO: Analysis report generated in 198ms, dir size=539.0 kB
INFO: Analysis report compressed in 404ms, zip size=234.4 kB
INFO: Analysis report uploaded in 24ms
INFO: ANALYSIS SUCCESSFUL, you can find the results at: http://localhost:9000/dashboard?id=tcc-snippets-final-3
INFO: Note that you will be able to access the updated dashboard once the server has processed the submitted analysis report
INFO: More about the report processing at http://localhost:9000/api/ce/task?id=287e5df5-2ee7-41b7-8c25-9c1c77f3d9f0
INFO: Analysis total time: 28.739 s
INFO: ------------------------------------------------------------------------
INFO: EXECUTION SUCCESS
INFO: ------------------------------------------------------------------------
INFO: Total time: 33.808s
INFO: Final Memory: 18M/74M
INFO: ------------------------------------------------------------------------

================================================================================
[30/44] lote com 100 snippets
Arquivos:
Snippet_3823798.java
Snippet_6248023.java
Snippet_4786049.java
Snippet_7369379.java
Snippet_9241387.java
Snippet_5663777.java
Snippet_7229025.java
Snippet_5718043.java
Snippet_7002598.java
Snippet_4965107.java
Snippet_7867450.java
Snippet_8691119.java
Snippet_5655437.java
Snippet_7798138.java
Snippet_4271174.java
Snippet_6666668.java
Snippet_7934374.java
Snippet_8085059.java
Snippet_5789396.java
Snippet_8602498.java
Snippet_7523131.java
Snippet_6860231.java
Snippet_5799314.java
Snippet_8958780.java
Snippet_7372800.java
Snippet_8008116.java
Snippet_4327219.java
Snippet_8985234.java
Snippet_6236024.java
Snippet_4232843.java
Snippet_5473580.java
Snippet_7528643.java
Snippet_9314457.java
Snippet_4933806.java
Snippet_4445309.java
Snippet_5040765.java
Snippet_6464959.java
Snippet_9141639.java
Snippet_5630298.java
Snippet_8420313.java
Snippet_4301429.java
Snippet_4601555.java
Snippet_4487410.java
Snippet_7748459.java
Snippet_8979235.java
Snippet_5205041.java
Snippet_4113404.java
Snippet_4301165.java
Snippet_5625637.java
Snippet_6981479.java
Snippet_3868102.java
Snippet_9520350.java
Snippet_5308925.java
Snippet_3888459.java
Snippet_7260017.java
Snippet_7196750.java
Snippet_4144417.java
Snippet_9138075.java
Snippet_4314618.java
Snippet_7378490.java
Snippet_7302347.java
Snippet_7538873.java
Snippet_7374084.java
Snippet_4900050.java
Snippet_7997794.java
Snippet_8869079.java
Snippet_7216175.java
Snippet_4697495.java
Snippet_5549285.java
Snippet_7110843.java
Snippet_4762838.java
Snippet_5146683.java
Snippet_6452606.java
Snippet_8011549.java
Snippet_3926825.java
Snippet_7396410.java
Snippet_9201577.java
Snippet_3730280.java
Snippet_8575709.java
Snippet_5794903.java
Snippet_7298896.java
Snippet_3811653.java
Snippet_5206791.java
Snippet_7454470.java
Snippet_8792283.java
Snippet_6951541.java
Snippet_5591314.java
Snippet_7711363.java
Snippet_5719331.java
Snippet_4806304.java
Snippet_8636644.java
Snippet_6310927.java
Snippet_9483823.java
Snippet_8684961.java
Snippet_5250124.java
Snippet_8526436.java
Snippet_4896610.java
Snippet_7416098.java
Snippet_5948019.java
Snippet_7229362.java
INFO: Scanner configuration file: /home/oscar/sonar-scanner-5.0.1.3006-linux/conf/sonar-scanner.properties
INFO: Project root configuration file: /home/oscar/Área de trabalho/TCC-Artur-Jackson-e-Oscar-de-Brito--BaseMLCQ/sonar-trechos/generated-snippets-batch-run/sonar-project.properties
INFO: SonarScanner 5.0.1.3006
INFO: Java 17.0.7 Eclipse Adoptium (64-bit)
INFO: Linux 6.17.0-35-generic amd64
INFO: User cache: /home/oscar/.sonar/cache
INFO: Analyzing on SonarQube server 10.5.1.90531
INFO: Default locale: "pt_BR", source code encoding: "UTF-8"
INFO: Load global settings
INFO: Load global settings (done) | time=165ms
INFO: Server id: 147B411E-AZ1pIPMJY3k3y_epkpuj
INFO: User cache: /home/oscar/.sonar/cache
INFO: Loading required plugins
INFO: Load plugins index
INFO: Load plugins index (done) | time=105ms
INFO: Load/download plugins
INFO: Load/download plugins (done) | time=163ms
INFO: Process project properties
INFO: Process project properties (done) | time=23ms
INFO: Project key: tcc-snippets-final-3
INFO: Base dir: /home/oscar/Área de trabalho/TCC-Artur-Jackson-e-Oscar-de-Brito--BaseMLCQ/sonar-trechos/generated-snippets-batch-run
INFO: Working dir: /home/oscar/Área de trabalho/TCC-Artur-Jackson-e-Oscar-de-Brito--BaseMLCQ/sonar-trechos/generated-snippets-batch-run/.scannerwork
INFO: Load project settings for component key: 'tcc-snippets-final-3'
INFO: Load project settings for component key: 'tcc-snippets-final-3' (done) | time=35ms
INFO: Load quality profiles
INFO: Load quality profiles (done) | time=149ms
INFO: Load active rules
INFO: Load active rules (done) | time=10653ms
INFO: Load analysis cache
INFO: Load analysis cache (2.6 kB) | time=71ms
INFO: Preprocessing files...
INFO: 1 language detected in 101 preprocessed files
INFO: 0 files ignored because of scm ignore settings
INFO: Loading plugins for detected languages
INFO: Load/download plugins
INFO: Load/download plugins (done) | time=20ms
INFO: Inconsistent constructor declaration on bean with name 'org.sonarsource.scanner.api.internal.IsolatedClassloader@1a1d6a08-org.sonar.scanner.issue.IssueFilters': single autowire-marked constructor flagged as optional - this constructor is effectively required since there is no default constructor to fall back to: public org.sonar.scanner.issue.IssueFilters(org.sonar.api.batch.fs.internal.DefaultInputProject)
INFO: Load project repositories
INFO: Load project repositories (done) | time=185ms
INFO: Indexing files...
INFO: Project configuration:
INFO: 101 files indexed
INFO: Quality profile for java: TCC
INFO: ------------- Run sensors on module TCC Snippets Final 3
INFO: Load metrics repository
INFO: Load metrics repository (done) | time=91ms
INFO: Sensor JavaSensor [java]
INFO: No rules with 'symbolic-execution' tag were enabled, the Symbolic Execution Engine will not run during the analysis.
INFO: Server-side caching is enabled. The Java analyzer will not try to leverage data from a previous analysis.
INFO: Using ECJ batch to parse 100 Main java source files with batch size 156 KB.
INFO: Starting batch processing.
INFO: The Java analyzer cannot skip unchanged files in this context. A full analysis is performed for all files.
INFO: 100% analyzed
INFO: Batch processing: Done.
INFO: Did not optimize analysis for any files, performed a full analysis for all 100 files.
WARN: Dependencies/libraries were not provided for analysis of SOURCE files. The 'sonar.java.libraries' property is empty. Verify your configuration, as you might end up with less precise results.
WARN: Unresolved imports/types have been detected during analysis. Enable DEBUG mode to see them.
WARN: Use of preview features have been detected during analysis. Enable DEBUG mode to see them.
INFO: No "Test" source files to scan.
INFO: No "Generated" source files to scan.
INFO: Sensor JavaSensor [java] (done) | time=5115ms
INFO: Sensor SurefireSensor [java]
INFO: parsing [/home/oscar/Área de trabalho/TCC-Artur-Jackson-e-Oscar-de-Brito--BaseMLCQ/sonar-trechos/generated-snippets-batch-run/target/surefire-reports]
INFO: Sensor SurefireSensor [java] (done) | time=2ms
INFO: Sensor JaCoCo XML Report Importer [jacoco]
INFO: 'sonar.coverage.jacoco.xmlReportPaths' is not defined. Using default locations: target/site/jacoco/jacoco.xml,target/site/jacoco-it/jacoco.xml,build/reports/jacoco/test/jacocoTestReport.xml
INFO: No report imported, no coverage information will be imported by JaCoCo XML Report Importer
INFO: Sensor JaCoCo XML Report Importer [jacoco] (done) | time=2ms
INFO: Sensor IaC Docker Sensor [iac]
INFO: 0 source files to be analyzed
INFO: 0/0 source files have been analyzed
INFO: Sensor IaC Docker Sensor [iac] (done) | time=124ms
INFO: Sensor TextAndSecretsSensor [text]
INFO: Available processors: 2
INFO: Using 2 threads for analysis.
INFO: 100 source files to be analyzed
INFO: 100/100 source files have been analyzed
INFO: Sensor TextAndSecretsSensor [text] (done) | time=1644ms
INFO: ------------- Run sensors on project
INFO: Sensor Zero Coverage Sensor
INFO: Sensor Zero Coverage Sensor (done) | time=51ms
INFO: Sensor Java CPD Block Indexer
INFO: Sensor Java CPD Block Indexer (done) | time=230ms
INFO: SCM Publisher SCM provider for this project is: git
INFO: SCM Publisher 100 source files to be analyzed
INFO: SCM Publisher 0/100 source files have been analyzed (done) | time=125ms
WARN: Missing blame information for the following files:
WARN:   * Snippet_5549285.java
WARN:   * Snippet_6666668.java
WARN:   * Snippet_8958780.java
WARN:   * Snippet_6236024.java
WARN:   * Snippet_3811653.java
WARN:   * Snippet_7416098.java
WARN:   * Snippet_5308925.java
WARN:   * Snippet_7997794.java
WARN:   * Snippet_5948019.java
WARN:   * Snippet_9241387.java
WARN:   * Snippet_4601555.java
WARN:   * Snippet_7523131.java
WARN:   * Snippet_8008116.java
WARN:   * Snippet_5205041.java
WARN:   * Snippet_3926825.java
WARN:   * Snippet_7748459.java
WARN:   * Snippet_8792283.java
WARN:   * Snippet_4113404.java
WARN:   * Snippet_7229025.java
WARN:   * Snippet_9141639.java
WARN:   * Snippet_8979235.java
WARN:   * Snippet_7216175.java
WARN:   * Snippet_7454470.java
WARN:   * Snippet_5718043.java
WARN:   * Snippet_3823798.java
WARN:   * Snippet_7196750.java
WARN:   * Snippet_4487410.java
WARN:   * Snippet_4896610.java
WARN:   * Snippet_5655437.java
WARN:   * Snippet_9201577.java
WARN:   * Snippet_8691119.java
WARN:   * Snippet_6860231.java
WARN:   * Snippet_8575709.java
WARN:   * Snippet_7538873.java
WARN:   * Snippet_5789396.java
WARN:   * Snippet_8985234.java
WARN:   * Snippet_4786049.java
WARN:   * Snippet_5591314.java
WARN:   * Snippet_7934374.java
WARN:   * Snippet_6951541.java
WARN:   * Snippet_5206791.java
WARN:   * Snippet_6310927.java
WARN:   * Snippet_8602498.java
WARN:   * Snippet_5146683.java
WARN:   * Snippet_4232843.java
WARN:   * Snippet_7110843.java
WARN:   * Snippet_7867450.java
WARN:   * Snippet_4762838.java
WARN:   * Snippet_5799314.java
WARN:   * Snippet_5630298.java
WARN:   * Snippet_4965107.java
WARN:   * Snippet_8636644.java
WARN:   * Snippet_7798138.java
WARN:   * Snippet_6248023.java
WARN:   * Snippet_7396410.java
WARN:   * Snippet_4144417.java
WARN:   * Snippet_7372800.java
WARN:   * Snippet_7374084.java
WARN:   * Snippet_8420313.java
WARN:   * Snippet_9138075.java
WARN:   * Snippet_5794903.java
WARN:   * Snippet_7302347.java
WARN:   * Snippet_9314457.java
WARN:   * Snippet_4933806.java
WARN:   * Snippet_5663777.java
WARN:   * Snippet_6464959.java
WARN:   * Snippet_7369379.java
WARN:   * Snippet_8011549.java
WARN:   * Snippet_4445309.java
WARN:   * Snippet_4327219.java
WARN:   * Snippet_6452606.java
WARN:   * Snippet_3868102.java
WARN:   * Snippet_5250124.java
WARN:   * Snippet_3888459.java
WARN:   * Snippet_7298896.java
WARN:   * Snippet_4314618.java
WARN:   * Snippet_4697495.java
WARN:   * Snippet_8085059.java
WARN:   * Snippet_9483823.java
WARN:   * Snippet_9520350.java
WARN:   * Snippet_4301165.java
WARN:   * Snippet_7260017.java
WARN:   * Snippet_7528643.java
WARN:   * Snippet_8526436.java
WARN:   * Snippet_5625637.java
WARN:   * Snippet_7378490.java
WARN:   * Snippet_5473580.java
WARN:   * Snippet_7711363.java
WARN:   * Snippet_4900050.java
WARN:   * Snippet_7229362.java
WARN:   * Snippet_4806304.java
WARN:   * Snippet_4271174.java
WARN:   * Snippet_8869079.java
WARN:   * Snippet_3730280.java
WARN:   * Snippet_5040765.java
WARN:   * Snippet_8684961.java
WARN:   * Snippet_6981479.java
WARN:   * Snippet_7002598.java
WARN:   * Snippet_5719331.java
WARN:   * Snippet_4301429.java
WARN: This may lead to missing/broken features in SonarQube
INFO: CPD Executor 44 files had no CPD blocks
INFO: CPD Executor Calculating CPD for 56 files
INFO: CPD Executor CPD calculation finished (done) | time=42ms
INFO: SCM revision ID '26261eff0fdfe0b82ee446873a05666cce5522df'
INFO: Analysis report generated in 160ms, dir size=480.4 kB
INFO: Analysis report compressed in 364ms, zip size=223.9 kB
INFO: Analysis report uploaded in 66ms
INFO: ANALYSIS SUCCESSFUL, you can find the results at: http://localhost:9000/dashboard?id=tcc-snippets-final-3
INFO: Note that you will be able to access the updated dashboard once the server has processed the submitted analysis report
INFO: More about the report processing at http://localhost:9000/api/ce/task?id=ebc1a003-608b-4179-9545-34ab5ed1e842
INFO: Analysis total time: 25.317 s
INFO: ------------------------------------------------------------------------
INFO: EXECUTION SUCCESS
INFO: ------------------------------------------------------------------------
INFO: Total time: 29.009s
INFO: Final Memory: 18M/74M
INFO: ------------------------------------------------------------------------

================================================================================
[31/44] lote com 100 snippets
Arquivos:
Snippet_5235970.java
Snippet_7022531.java
Snippet_8894493.java
Snippet_9241391.java
Snippet_4045146.java
Snippet_4429487.java
Snippet_6807935.java
Snippet_7374061.java
Snippet_5161069.java
Snippet_9528887.java
Snippet_3741534.java
Snippet_8801664.java
Snippet_4927730.java
Snippet_6190494.java
Snippet_4919453.java
Snippet_8240066.java
Snippet_6197424.java
Snippet_4780381.java
Snippet_4338632.java
Snippet_6999266.java
Snippet_6455346.java
Snippet_4828331.java
Snippet_7386739.java
Snippet_7157571.java
Snippet_8930850.java
Snippet_7119679.java
Snippet_4066245.java
Snippet_7856535.java
Snippet_4462987.java
Snippet_4502504.java
Snippet_7381518.java
Snippet_8286898.java
Snippet_5873847.java
Snippet_8611383.java
Snippet_9115884.java
Snippet_4356398.java
Snippet_5986705.java
Snippet_5684516.java
Snippet_5589404.java
Snippet_5192134.java
Snippet_3953485.java
Snippet_5403342.java
Snippet_3920625.java
Snippet_7769131.java
Snippet_9095246.java
Snippet_8783458.java
Snippet_4453471.java
Snippet_6066503.java
Snippet_7677023.java
Snippet_7469146.java
Snippet_7205803.java
Snippet_4159069.java
Snippet_6009570.java
Snippet_4115525.java
Snippet_9006303.java
Snippet_5158152.java
Snippet_7391521.java
Snippet_7201768.java
Snippet_4794099.java
Snippet_4032154.java
Snippet_7148614.java
Snippet_8976668.java
Snippet_6761533.java
Snippet_6329418.java
Snippet_7527099.java
Snippet_8575939.java
Snippet_5354426.java
Snippet_5712111.java
Snippet_9371177.java
Snippet_7363484.java
Snippet_5422127.java
Snippet_4070938.java
Snippet_7273316.java
Snippet_9523258.java
Snippet_7428769.java
Snippet_8828539.java
Snippet_5470714.java
Snippet_9119349.java
Snippet_6243619.java
Snippet_4050604.java
Snippet_4404823.java
Snippet_8760558.java
Snippet_5865735.java
Snippet_4346994.java
Snippet_7540589.java
Snippet_3782985.java
Snippet_6177738.java
Snippet_6610938.java
Snippet_4168008.java
Snippet_6034374.java
Snippet_8097613.java
Snippet_5439112.java
Snippet_7031904.java
Snippet_6465533.java
Snippet_8055895.java
Snippet_3876033.java
Snippet_6445238.java
Snippet_4394144.java
Snippet_7278060.java
Snippet_7325700.java
INFO: Scanner configuration file: /home/oscar/sonar-scanner-5.0.1.3006-linux/conf/sonar-scanner.properties
INFO: Project root configuration file: /home/oscar/Área de trabalho/TCC-Artur-Jackson-e-Oscar-de-Brito--BaseMLCQ/sonar-trechos/generated-snippets-batch-run/sonar-project.properties
INFO: SonarScanner 5.0.1.3006
INFO: Java 17.0.7 Eclipse Adoptium (64-bit)
INFO: Linux 6.17.0-35-generic amd64
INFO: User cache: /home/oscar/.sonar/cache
INFO: Analyzing on SonarQube server 10.5.1.90531
INFO: Default locale: "pt_BR", source code encoding: "UTF-8"
INFO: Load global settings
INFO: Load global settings (done) | time=141ms
INFO: Server id: 147B411E-AZ1pIPMJY3k3y_epkpuj
INFO: User cache: /home/oscar/.sonar/cache
INFO: Loading required plugins
INFO: Load plugins index
INFO: Load plugins index (done) | time=99ms
INFO: Load/download plugins
INFO: Load/download plugins (done) | time=160ms
INFO: Process project properties
INFO: Process project properties (done) | time=31ms
INFO: Project key: tcc-snippets-final-3
INFO: Base dir: /home/oscar/Área de trabalho/TCC-Artur-Jackson-e-Oscar-de-Brito--BaseMLCQ/sonar-trechos/generated-snippets-batch-run
INFO: Working dir: /home/oscar/Área de trabalho/TCC-Artur-Jackson-e-Oscar-de-Brito--BaseMLCQ/sonar-trechos/generated-snippets-batch-run/.scannerwork
INFO: Load project settings for component key: 'tcc-snippets-final-3'
INFO: Load project settings for component key: 'tcc-snippets-final-3' (done) | time=27ms
INFO: Load quality profiles
INFO: Load quality profiles (done) | time=174ms
INFO: Load active rules
INFO: Load active rules (done) | time=8315ms
INFO: Load analysis cache
INFO: Load analysis cache (2.6 kB) | time=23ms
INFO: Preprocessing files...
INFO: 1 language detected in 101 preprocessed files
INFO: 0 files ignored because of scm ignore settings
INFO: Loading plugins for detected languages
INFO: Load/download plugins
INFO: Load/download plugins (done) | time=17ms
INFO: Inconsistent constructor declaration on bean with name 'org.sonarsource.scanner.api.internal.IsolatedClassloader@1a1d6a08-org.sonar.scanner.issue.IssueFilters': single autowire-marked constructor flagged as optional - this constructor is effectively required since there is no default constructor to fall back to: public org.sonar.scanner.issue.IssueFilters(org.sonar.api.batch.fs.internal.DefaultInputProject)
INFO: Load project repositories
INFO: Load project repositories (done) | time=113ms
INFO: Indexing files...
INFO: Project configuration:
INFO: 101 files indexed
INFO: Quality profile for java: TCC
INFO: ------------- Run sensors on module TCC Snippets Final 3
INFO: Load metrics repository
INFO: Load metrics repository (done) | time=69ms
INFO: Sensor JavaSensor [java]
INFO: No rules with 'symbolic-execution' tag were enabled, the Symbolic Execution Engine will not run during the analysis.
INFO: Server-side caching is enabled. The Java analyzer will not try to leverage data from a previous analysis.
INFO: Using ECJ batch to parse 100 Main java source files with batch size 156 KB.
INFO: Starting batch processing.
INFO: The Java analyzer cannot skip unchanged files in this context. A full analysis is performed for all files.
INFO: 100% analyzed
INFO: Batch processing: Done.
INFO: Did not optimize analysis for any files, performed a full analysis for all 100 files.
WARN: Dependencies/libraries were not provided for analysis of SOURCE files. The 'sonar.java.libraries' property is empty. Verify your configuration, as you might end up with less precise results.
WARN: Unresolved imports/types have been detected during analysis. Enable DEBUG mode to see them.
WARN: Use of preview features have been detected during analysis. Enable DEBUG mode to see them.
INFO: No "Test" source files to scan.
INFO: No "Generated" source files to scan.
INFO: Sensor JavaSensor [java] (done) | time=6247ms
INFO: Sensor SurefireSensor [java]
INFO: parsing [/home/oscar/Área de trabalho/TCC-Artur-Jackson-e-Oscar-de-Brito--BaseMLCQ/sonar-trechos/generated-snippets-batch-run/target/surefire-reports]
INFO: Sensor SurefireSensor [java] (done) | time=2ms
INFO: Sensor JaCoCo XML Report Importer [jacoco]
INFO: 'sonar.coverage.jacoco.xmlReportPaths' is not defined. Using default locations: target/site/jacoco/jacoco.xml,target/site/jacoco-it/jacoco.xml,build/reports/jacoco/test/jacocoTestReport.xml
INFO: No report imported, no coverage information will be imported by JaCoCo XML Report Importer
INFO: Sensor JaCoCo XML Report Importer [jacoco] (done) | time=2ms
INFO: Sensor IaC Docker Sensor [iac]
INFO: 0 source files to be analyzed
INFO: 0/0 source files have been analyzed
INFO: Sensor IaC Docker Sensor [iac] (done) | time=149ms
INFO: Sensor TextAndSecretsSensor [text]
INFO: Available processors: 2
INFO: Using 2 threads for analysis.
INFO: 100 source files to be analyzed
INFO: 100/100 source files have been analyzed
INFO: Sensor TextAndSecretsSensor [text] (done) | time=1596ms
INFO: ------------- Run sensors on project
INFO: Sensor Zero Coverage Sensor
INFO: Sensor Zero Coverage Sensor (done) | time=57ms
INFO: Sensor Java CPD Block Indexer
INFO: Sensor Java CPD Block Indexer (done) | time=201ms
INFO: SCM Publisher SCM provider for this project is: git
INFO: SCM Publisher 100 source files to be analyzed
INFO: SCM Publisher 0/100 source files have been analyzed (done) | time=66ms
WARN: Missing blame information for the following files:
WARN:   * Snippet_3876033.java
WARN:   * Snippet_9119349.java
WARN:   * Snippet_5712111.java
WARN:   * Snippet_7428769.java
WARN:   * Snippet_5422127.java
WARN:   * Snippet_8828539.java
WARN:   * Snippet_4502504.java
WARN:   * Snippet_4032154.java
WARN:   * Snippet_8240066.java
WARN:   * Snippet_9528887.java
WARN:   * Snippet_5873847.java
WARN:   * Snippet_4066245.java
WARN:   * Snippet_6445238.java
WARN:   * Snippet_4780381.java
WARN:   * Snippet_9115884.java
WARN:   * Snippet_5158152.java
WARN:   * Snippet_6465533.java
WARN:   * Snippet_8055895.java
WARN:   * Snippet_5684516.java
WARN:   * Snippet_4070938.java
WARN:   * Snippet_9006303.java
WARN:   * Snippet_4828331.java
WARN:   * Snippet_7157571.java
WARN:   * Snippet_5403342.java
WARN:   * Snippet_6177738.java
WARN:   * Snippet_4159069.java
WARN:   * Snippet_4168008.java
WARN:   * Snippet_6190494.java
WARN:   * Snippet_7856535.java
WARN:   * Snippet_3741534.java
WARN:   * Snippet_7022531.java
WARN:   * Snippet_4115525.java
WARN:   * Snippet_4462987.java
WARN:   * Snippet_6807935.java
WARN:   * Snippet_7205803.java
WARN:   * Snippet_8930850.java
WARN:   * Snippet_9523258.java
WARN:   * Snippet_5439112.java
WARN:   * Snippet_4453471.java
WARN:   * Snippet_7540589.java
WARN:   * Snippet_4356398.java
WARN:   * Snippet_3920625.java
WARN:   * Snippet_7469146.java
WARN:   * Snippet_6197424.java
WARN:   * Snippet_6455346.java
WARN:   * Snippet_4404823.java
WARN:   * Snippet_7363484.java
WARN:   * Snippet_6066503.java
WARN:   * Snippet_4338632.java
WARN:   * Snippet_3953485.java
WARN:   * Snippet_8760558.java
WARN:   * Snippet_7031904.java
WARN:   * Snippet_5865735.java
WARN:   * Snippet_3782985.java
WARN:   * Snippet_6329418.java
WARN:   * Snippet_7201768.java
WARN:   * Snippet_8575939.java
WARN:   * Snippet_4050604.java
WARN:   * Snippet_5589404.java
WARN:   * Snippet_7325700.java
WARN:   * Snippet_6761533.java
WARN:   * Snippet_6034374.java
WARN:   * Snippet_4045146.java
WARN:   * Snippet_7386739.java
WARN:   * Snippet_5470714.java
WARN:   * Snippet_4794099.java
WARN:   * Snippet_6610938.java
WARN:   * Snippet_7769131.java
WARN:   * Snippet_7677023.java
WARN:   * Snippet_8783458.java
WARN:   * Snippet_5235970.java
WARN:   * Snippet_7381518.java
WARN:   * Snippet_7119679.java
WARN:   * Snippet_8801664.java
WARN:   * Snippet_5986705.java
WARN:   * Snippet_7148614.java
WARN:   * Snippet_5354426.java
WARN:   * Snippet_4927730.java
WARN:   * Snippet_4346994.java
WARN:   * Snippet_7273316.java
WARN:   * Snippet_8611383.java
WARN:   * Snippet_8976668.java
WARN:   * Snippet_4394144.java
WARN:   * Snippet_5161069.java
WARN:   * Snippet_7374061.java
WARN:   * Snippet_7391521.java
WARN:   * Snippet_8097613.java
WARN:   * Snippet_8894493.java
WARN:   * Snippet_4429487.java
WARN:   * Snippet_4919453.java
WARN:   * Snippet_9371177.java
WARN:   * Snippet_6009570.java
WARN:   * Snippet_7278060.java
WARN:   * Snippet_9241391.java
WARN:   * Snippet_8286898.java
WARN:   * Snippet_9095246.java
WARN:   * Snippet_7527099.java
WARN:   * Snippet_6243619.java
WARN:   * Snippet_5192134.java
WARN:   * Snippet_6999266.java
WARN: This may lead to missing/broken features in SonarQube
INFO: CPD Executor 41 files had no CPD blocks
INFO: CPD Executor Calculating CPD for 59 files
INFO: CPD Executor CPD calculation finished (done) | time=57ms
INFO: SCM revision ID '26261eff0fdfe0b82ee446873a05666cce5522df'
INFO: Analysis report generated in 182ms, dir size=653.0 kB
INFO: Analysis report compressed in 486ms, zip size=273.2 kB
INFO: Analysis report uploaded in 29ms
INFO: ANALYSIS SUCCESSFUL, you can find the results at: http://localhost:9000/dashboard?id=tcc-snippets-final-3
INFO: Note that you will be able to access the updated dashboard once the server has processed the submitted analysis report
INFO: More about the report processing at http://localhost:9000/api/ce/task?id=917b8516-cf76-4596-be91-86fb1f3752f7
INFO: Analysis total time: 21.937 s
INFO: ------------------------------------------------------------------------
INFO: EXECUTION SUCCESS
INFO: ------------------------------------------------------------------------
INFO: Total time: 25.298s
INFO: Final Memory: 18M/74M
INFO: ------------------------------------------------------------------------

================================================================================
[32/44] lote com 100 snippets
Arquivos:
Snippet_5747163.java
Snippet_5718244.java
Snippet_7476183.java
Snippet_6257330.java
Snippet_7631100.java
Snippet_5359797.java
Snippet_3917547.java
Snippet_5870587.java
Snippet_9396435.java
Snippet_9293949.java
Snippet_6935551.java
Snippet_4817472.java
Snippet_8059396.java
Snippet_9248213.java
Snippet_5389735.java
Snippet_8669663.java
Snippet_5693176.java
Snippet_9111577.java
Snippet_7975103.java
Snippet_5441225.java
Snippet_5507211.java
Snippet_8119000.java
Snippet_6710734.java
Snippet_6085704.java
Snippet_4370541.java
Snippet_9453144.java
Snippet_8911786.java
Snippet_8761840.java
Snippet_7876519.java
Snippet_5232497.java
Snippet_9323339.java
Snippet_8685299.java
Snippet_7969235.java
Snippet_5002069.java
Snippet_6493330.java
Snippet_5476959.java
Snippet_8560556.java
Snippet_8207672.java
Snippet_4038193.java
Snippet_4312069.java
Snippet_7638064.java
Snippet_6493712.java
Snippet_7075067.java
Snippet_4553122.java
Snippet_5735198.java
Snippet_4350115.java
Snippet_6839966.java
Snippet_6176170.java
Snippet_8232375.java
Snippet_6254667.java
Snippet_6310576.java
Snippet_5894436.java
Snippet_5042781.java
Snippet_7476486.java
Snippet_6496450.java
Snippet_5183069.java
Snippet_7520782.java
Snippet_7785135.java
Snippet_4404036.java
Snippet_7269177.java
Snippet_4242529.java
Snippet_6201491.java
Snippet_4222354.java
Snippet_7910366.java
Snippet_8186875.java
Snippet_5857311.java
Snippet_6841877.java
Snippet_3770892.java
Snippet_6839392.java
Snippet_5319099.java
Snippet_4430308.java
Snippet_7486357.java
Snippet_4821096.java
Snippet_7115420.java
Snippet_7199388.java
Snippet_8497687.java
Snippet_9125948.java
Snippet_6317098.java
Snippet_7452272.java
Snippet_9111878.java
Snippet_5161273.java
Snippet_4300952.java
Snippet_6826288.java
Snippet_5000200.java
Snippet_9017155.java
Snippet_3939400.java
Snippet_9503296.java
Snippet_6051478.java
Snippet_7186496.java
Snippet_6457764.java
Snippet_7686662.java
Snippet_7172582.java
Snippet_5603925.java
Snippet_6536158.java
Snippet_4536178.java
Snippet_3946225.java
Snippet_5882175.java
Snippet_6204915.java
Snippet_8548537.java
Snippet_7294947.java
INFO: Scanner configuration file: /home/oscar/sonar-scanner-5.0.1.3006-linux/conf/sonar-scanner.properties
INFO: Project root configuration file: /home/oscar/Área de trabalho/TCC-Artur-Jackson-e-Oscar-de-Brito--BaseMLCQ/sonar-trechos/generated-snippets-batch-run/sonar-project.properties
INFO: SonarScanner 5.0.1.3006
INFO: Java 17.0.7 Eclipse Adoptium (64-bit)
INFO: Linux 6.17.0-35-generic amd64
INFO: User cache: /home/oscar/.sonar/cache
INFO: Analyzing on SonarQube server 10.5.1.90531
INFO: Default locale: "pt_BR", source code encoding: "UTF-8"
INFO: Load global settings
INFO: Load global settings (done) | time=131ms
INFO: Server id: 147B411E-AZ1pIPMJY3k3y_epkpuj
INFO: User cache: /home/oscar/.sonar/cache
INFO: Loading required plugins
INFO: Load plugins index
INFO: Load plugins index (done) | time=79ms
INFO: Load/download plugins
INFO: Load/download plugins (done) | time=189ms
INFO: Process project properties
INFO: Process project properties (done) | time=142ms
INFO: Project key: tcc-snippets-final-3
INFO: Base dir: /home/oscar/Área de trabalho/TCC-Artur-Jackson-e-Oscar-de-Brito--BaseMLCQ/sonar-trechos/generated-snippets-batch-run
INFO: Working dir: /home/oscar/Área de trabalho/TCC-Artur-Jackson-e-Oscar-de-Brito--BaseMLCQ/sonar-trechos/generated-snippets-batch-run/.scannerwork
INFO: Load project settings for component key: 'tcc-snippets-final-3'
INFO: Load project settings for component key: 'tcc-snippets-final-3' (done) | time=109ms
INFO: Load quality profiles
INFO: Load quality profiles (done) | time=243ms
INFO: Load active rules
INFO: Load active rules (done) | time=10009ms
INFO: Load analysis cache
INFO: Load analysis cache (2.6 kB) | time=69ms
INFO: Preprocessing files...
INFO: 1 language detected in 101 preprocessed files
INFO: 0 files ignored because of scm ignore settings
INFO: Loading plugins for detected languages
INFO: Load/download plugins
INFO: Load/download plugins (done) | time=30ms
INFO: Inconsistent constructor declaration on bean with name 'org.sonarsource.scanner.api.internal.IsolatedClassloader@1a1d6a08-org.sonar.scanner.issue.IssueFilters': single autowire-marked constructor flagged as optional - this constructor is effectively required since there is no default constructor to fall back to: public org.sonar.scanner.issue.IssueFilters(org.sonar.api.batch.fs.internal.DefaultInputProject)
INFO: Load project repositories
INFO: Load project repositories (done) | time=80ms
INFO: Indexing files...
INFO: Project configuration:
INFO: 101 files indexed
INFO: Quality profile for java: TCC
INFO: ------------- Run sensors on module TCC Snippets Final 3
INFO: Load metrics repository
INFO: Load metrics repository (done) | time=123ms
INFO: Sensor JavaSensor [java]
INFO: No rules with 'symbolic-execution' tag were enabled, the Symbolic Execution Engine will not run during the analysis.
INFO: Server-side caching is enabled. The Java analyzer will not try to leverage data from a previous analysis.
INFO: Using ECJ batch to parse 100 Main java source files with batch size 156 KB.
INFO: Starting batch processing.
INFO: The Java analyzer cannot skip unchanged files in this context. A full analysis is performed for all files.
INFO: 100% analyzed
INFO: Batch processing: Done.
INFO: Did not optimize analysis for any files, performed a full analysis for all 100 files.
WARN: Dependencies/libraries were not provided for analysis of SOURCE files. The 'sonar.java.libraries' property is empty. Verify your configuration, as you might end up with less precise results.
WARN: Unresolved imports/types have been detected during analysis. Enable DEBUG mode to see them.
WARN: Use of preview features have been detected during analysis. Enable DEBUG mode to see them.
INFO: No "Test" source files to scan.
INFO: No "Generated" source files to scan.
INFO: Sensor JavaSensor [java] (done) | time=6227ms
INFO: Sensor SurefireSensor [java]
INFO: parsing [/home/oscar/Área de trabalho/TCC-Artur-Jackson-e-Oscar-de-Brito--BaseMLCQ/sonar-trechos/generated-snippets-batch-run/target/surefire-reports]
INFO: Sensor SurefireSensor [java] (done) | time=2ms
INFO: Sensor JaCoCo XML Report Importer [jacoco]
INFO: 'sonar.coverage.jacoco.xmlReportPaths' is not defined. Using default locations: target/site/jacoco/jacoco.xml,target/site/jacoco-it/jacoco.xml,build/reports/jacoco/test/jacocoTestReport.xml
INFO: No report imported, no coverage information will be imported by JaCoCo XML Report Importer
INFO: Sensor JaCoCo XML Report Importer [jacoco] (done) | time=1ms
INFO: Sensor IaC Docker Sensor [iac]
INFO: 0 source files to be analyzed
INFO: 0/0 source files have been analyzed
INFO: Sensor IaC Docker Sensor [iac] (done) | time=179ms
INFO: Sensor TextAndSecretsSensor [text]
INFO: Available processors: 2
INFO: Using 2 threads for analysis.
INFO: 100 source files to be analyzed
INFO: 100/100 source files have been analyzed
INFO: Sensor TextAndSecretsSensor [text] (done) | time=1593ms
INFO: ------------- Run sensors on project
INFO: Sensor Zero Coverage Sensor
INFO: Sensor Zero Coverage Sensor (done) | time=64ms
INFO: Sensor Java CPD Block Indexer
INFO: Sensor Java CPD Block Indexer (done) | time=190ms
INFO: SCM Publisher SCM provider for this project is: git
INFO: SCM Publisher 100 source files to be analyzed
INFO: SCM Publisher 0/100 source files have been analyzed (done) | time=70ms
WARN: Missing blame information for the following files:
WARN:   * Snippet_5476959.java
WARN:   * Snippet_7476183.java
WARN:   * Snippet_6085704.java
WARN:   * Snippet_4038193.java
WARN:   * Snippet_9125948.java
WARN:   * Snippet_4553122.java
WARN:   * Snippet_7452272.java
WARN:   * Snippet_7910366.java
WARN:   * Snippet_7631100.java
WARN:   * Snippet_8232375.java
WARN:   * Snippet_6496450.java
WARN:   * Snippet_4312069.java
WARN:   * Snippet_6839392.java
WARN:   * Snippet_9396435.java
WARN:   * Snippet_4430308.java
WARN:   * Snippet_5507211.java
WARN:   * Snippet_4817472.java
WARN:   * Snippet_5693176.java
WARN:   * Snippet_5319099.java
WARN:   * Snippet_8911786.java
WARN:   * Snippet_7638064.java
WARN:   * Snippet_5747163.java
WARN:   * Snippet_6493330.java
WARN:   * Snippet_6051478.java
WARN:   * Snippet_7115420.java
WARN:   * Snippet_8119000.java
WARN:   * Snippet_4300952.java
WARN:   * Snippet_6826288.java
WARN:   * Snippet_5389735.java
WARN:   * Snippet_6176170.java
WARN:   * Snippet_6257330.java
WARN:   * Snippet_7186496.java
WARN:   * Snippet_9248213.java
WARN:   * Snippet_7199388.java
WARN:   * Snippet_5042781.java
WARN:   * Snippet_7686662.java
WARN:   * Snippet_5441225.java
WARN:   * Snippet_7294947.java
WARN:   * Snippet_5735198.java
WARN:   * Snippet_5857311.java
WARN:   * Snippet_5161273.java
WARN:   * Snippet_4222354.java
WARN:   * Snippet_7486357.java
WARN:   * Snippet_7975103.java
WARN:   * Snippet_7172582.java
WARN:   * Snippet_5183069.java
WARN:   * Snippet_8761840.java
WARN:   * Snippet_5882175.java
WARN:   * Snippet_6457764.java
WARN:   * Snippet_6204915.java
WARN:   * Snippet_6710734.java
WARN:   * Snippet_5232497.java
WARN:   * Snippet_4404036.java
WARN:   * Snippet_8548537.java
WARN:   * Snippet_6839966.java
WARN:   * Snippet_9017155.java
WARN:   * Snippet_6310576.java
WARN:   * Snippet_9111577.java
WARN:   * Snippet_6254667.java
WARN:   * Snippet_6493712.java
WARN:   * Snippet_3917547.java
WARN:   * Snippet_7876519.java
WARN:   * Snippet_8207672.java
WARN:   * Snippet_7785135.java
WARN:   * Snippet_9111878.java
WARN:   * Snippet_9503296.java
WARN:   * Snippet_5894436.java
WARN:   * Snippet_5359797.java
WARN:   * Snippet_7075067.java
WARN:   * Snippet_7969235.java
WARN:   * Snippet_5870587.java
WARN:   * Snippet_4536178.java
WARN:   * Snippet_7520782.java
WARN:   * Snippet_9323339.java
WARN:   * Snippet_5718244.java
WARN:   * Snippet_4821096.java
WARN:   * Snippet_3770892.java
WARN:   * Snippet_5000200.java
WARN:   * Snippet_8685299.java
WARN:   * Snippet_8059396.java
WARN:   * Snippet_6841877.java
WARN:   * Snippet_6317098.java
WARN:   * Snippet_4242529.java
WARN:   * Snippet_6935551.java
WARN:   * Snippet_3939400.java
WARN:   * Snippet_6536158.java
WARN:   * Snippet_8186875.java
WARN:   * Snippet_4370541.java
WARN:   * Snippet_4350115.java
WARN:   * Snippet_8497687.java
WARN:   * Snippet_6201491.java
WARN:   * Snippet_5002069.java
WARN:   * Snippet_7269177.java
WARN:   * Snippet_8560556.java
WARN:   * Snippet_9293949.java
WARN:   * Snippet_3946225.java
WARN:   * Snippet_9453144.java
WARN:   * Snippet_7476486.java
WARN:   * Snippet_8669663.java
WARN:   * Snippet_5603925.java
WARN: This may lead to missing/broken features in SonarQube
INFO: CPD Executor 55 files had no CPD blocks
INFO: CPD Executor Calculating CPD for 45 files
INFO: CPD Executor CPD calculation finished (done) | time=30ms
INFO: SCM revision ID '26261eff0fdfe0b82ee446873a05666cce5522df'
INFO: Analysis report generated in 144ms, dir size=629.1 kB
INFO: Analysis report compressed in 459ms, zip size=268.7 kB
INFO: Analysis report uploaded in 62ms
INFO: ANALYSIS SUCCESSFUL, you can find the results at: http://localhost:9000/dashboard?id=tcc-snippets-final-3
INFO: Note that you will be able to access the updated dashboard once the server has processed the submitted analysis report
INFO: More about the report processing at http://localhost:9000/api/ce/task?id=9f611285-0414-47f6-9f28-97f3852b4768
INFO: Analysis total time: 26.665 s
INFO: ------------------------------------------------------------------------
INFO: EXECUTION SUCCESS
INFO: ------------------------------------------------------------------------
INFO: Total time: 30.200s
INFO: Final Memory: 18M/74M
INFO: ------------------------------------------------------------------------

================================================================================
[33/44] lote com 100 snippets
Arquivos:
Snippet_9336399.java
Snippet_6519706.java
Snippet_5839770.java
Snippet_8295936.java
Snippet_9320426.java
Snippet_5395652.java
Snippet_9117540.java
Snippet_5338390.java
Snippet_4106430.java
Snippet_8431225.java
Snippet_3875995.java
Snippet_9542718.java
Snippet_7718229.java
Snippet_5816939.java
Snippet_7323687.java
Snippet_9102455.java
Snippet_6445346.java
Snippet_7436139.java
Snippet_8939140.java
Snippet_5425598.java
Snippet_4433896.java
Snippet_4191189.java
Snippet_7355243.java
Snippet_5384416.java
Snippet_5445165.java
Snippet_8799964.java
Snippet_5519299.java
Snippet_6244777.java
Snippet_4122935.java
Snippet_8038797.java
Snippet_7210083.java
Snippet_8517396.java
Snippet_7005369.java
Snippet_4506790.java
Snippet_8427386.java
Snippet_8753783.java
Snippet_7277560.java
Snippet_6536605.java
Snippet_8922371.java
Snippet_4486097.java
Snippet_7686456.java
Snippet_7725810.java
Snippet_8412377.java
Snippet_6964408.java
Snippet_5020389.java
Snippet_7357208.java
Snippet_7728166.java
Snippet_3804138.java
Snippet_9367707.java
Snippet_6957824.java
Snippet_7362051.java
Snippet_4755469.java
Snippet_4123555.java
Snippet_9366675.java
Snippet_4897642.java
Snippet_7094260.java
Snippet_8521588.java
Snippet_7588956.java
Snippet_5991563.java
Snippet_8967998.java
Snippet_7072307.java
Snippet_4072597.java
Snippet_6024615.java
Snippet_6441911.java
Snippet_9446238.java
Snippet_6462019.java
Snippet_9024733.java
Snippet_8795959.java
Snippet_7455354.java
Snippet_5266377.java
Snippet_7410446.java
Snippet_6236496.java
Snippet_4273448.java
Snippet_6026896.java
Snippet_5164745.java
Snippet_8779111.java
Snippet_7650722.java
Snippet_7048486.java
Snippet_5297721.java
Snippet_7870683.java
Snippet_4452266.java
Snippet_9534674.java
Snippet_4042328.java
Snippet_4331802.java
Snippet_4993965.java
Snippet_9104309.java
Snippet_8278616.java
Snippet_8690136.java
Snippet_6788928.java
Snippet_4232438.java
Snippet_8633022.java
Snippet_4586123.java
Snippet_7313745.java
Snippet_7030257.java
Snippet_7186067.java
Snippet_7857792.java
Snippet_7829336.java
Snippet_7987571.java
Snippet_4784081.java
Snippet_9014548.java
INFO: Scanner configuration file: /home/oscar/sonar-scanner-5.0.1.3006-linux/conf/sonar-scanner.properties
INFO: Project root configuration file: /home/oscar/Área de trabalho/TCC-Artur-Jackson-e-Oscar-de-Brito--BaseMLCQ/sonar-trechos/generated-snippets-batch-run/sonar-project.properties
INFO: SonarScanner 5.0.1.3006
INFO: Java 17.0.7 Eclipse Adoptium (64-bit)
INFO: Linux 6.17.0-35-generic amd64
INFO: User cache: /home/oscar/.sonar/cache
INFO: Analyzing on SonarQube server 10.5.1.90531
INFO: Default locale: "pt_BR", source code encoding: "UTF-8"
INFO: Load global settings
INFO: Load global settings (done) | time=190ms
INFO: Server id: 147B411E-AZ1pIPMJY3k3y_epkpuj
INFO: User cache: /home/oscar/.sonar/cache
INFO: Loading required plugins
INFO: Load plugins index
INFO: Load plugins index (done) | time=48ms
INFO: Load/download plugins
INFO: Load/download plugins (done) | time=74ms
INFO: Process project properties
INFO: Process project properties (done) | time=25ms
INFO: Project key: tcc-snippets-final-3
INFO: Base dir: /home/oscar/Área de trabalho/TCC-Artur-Jackson-e-Oscar-de-Brito--BaseMLCQ/sonar-trechos/generated-snippets-batch-run
INFO: Working dir: /home/oscar/Área de trabalho/TCC-Artur-Jackson-e-Oscar-de-Brito--BaseMLCQ/sonar-trechos/generated-snippets-batch-run/.scannerwork
INFO: Load project settings for component key: 'tcc-snippets-final-3'
INFO: Load project settings for component key: 'tcc-snippets-final-3' (done) | time=33ms
INFO: Load quality profiles
INFO: Load quality profiles (done) | time=150ms
INFO: Load active rules
INFO: Load active rules (done) | time=7726ms
INFO: Load analysis cache
INFO: Load analysis cache (2.6 kB) | time=26ms
INFO: Preprocessing files...
INFO: 1 language detected in 101 preprocessed files
INFO: 0 files ignored because of scm ignore settings
INFO: Loading plugins for detected languages
INFO: Load/download plugins
INFO: Load/download plugins (done) | time=14ms
INFO: Inconsistent constructor declaration on bean with name 'org.sonarsource.scanner.api.internal.IsolatedClassloader@1a1d6a08-org.sonar.scanner.issue.IssueFilters': single autowire-marked constructor flagged as optional - this constructor is effectively required since there is no default constructor to fall back to: public org.sonar.scanner.issue.IssueFilters(org.sonar.api.batch.fs.internal.DefaultInputProject)
INFO: Load project repositories
INFO: Load project repositories (done) | time=36ms
INFO: Indexing files...
INFO: Project configuration:
INFO: 101 files indexed
INFO: Quality profile for java: TCC
INFO: ------------- Run sensors on module TCC Snippets Final 3
INFO: Load metrics repository
INFO: Load metrics repository (done) | time=94ms
INFO: Sensor JavaSensor [java]
INFO: No rules with 'symbolic-execution' tag were enabled, the Symbolic Execution Engine will not run during the analysis.
INFO: Server-side caching is enabled. The Java analyzer will not try to leverage data from a previous analysis.
INFO: Using ECJ batch to parse 100 Main java source files with batch size 156 KB.
INFO: Starting batch processing.
INFO: The Java analyzer cannot skip unchanged files in this context. A full analysis is performed for all files.
INFO: 100% analyzed
INFO: Batch processing: Done.
INFO: Did not optimize analysis for any files, performed a full analysis for all 100 files.
WARN: Dependencies/libraries were not provided for analysis of SOURCE files. The 'sonar.java.libraries' property is empty. Verify your configuration, as you might end up with less precise results.
WARN: Unresolved imports/types have been detected during analysis. Enable DEBUG mode to see them.
WARN: Use of preview features have been detected during analysis. Enable DEBUG mode to see them.
INFO: No "Test" source files to scan.
INFO: No "Generated" source files to scan.
INFO: Sensor JavaSensor [java] (done) | time=7107ms
INFO: Sensor SurefireSensor [java]
INFO: parsing [/home/oscar/Área de trabalho/TCC-Artur-Jackson-e-Oscar-de-Brito--BaseMLCQ/sonar-trechos/generated-snippets-batch-run/target/surefire-reports]
INFO: Sensor SurefireSensor [java] (done) | time=3ms
INFO: Sensor JaCoCo XML Report Importer [jacoco]
INFO: 'sonar.coverage.jacoco.xmlReportPaths' is not defined. Using default locations: target/site/jacoco/jacoco.xml,target/site/jacoco-it/jacoco.xml,build/reports/jacoco/test/jacocoTestReport.xml
INFO: No report imported, no coverage information will be imported by JaCoCo XML Report Importer
INFO: Sensor JaCoCo XML Report Importer [jacoco] (done) | time=3ms
INFO: Sensor IaC Docker Sensor [iac]
INFO: 0 source files to be analyzed
INFO: 0/0 source files have been analyzed
INFO: Sensor IaC Docker Sensor [iac] (done) | time=247ms
INFO: Sensor TextAndSecretsSensor [text]
INFO: Available processors: 2
INFO: Using 2 threads for analysis.
INFO: 100 source files to be analyzed
INFO: 100/100 source files have been analyzed
INFO: Sensor TextAndSecretsSensor [text] (done) | time=2033ms
INFO: ------------- Run sensors on project
INFO: Sensor Zero Coverage Sensor
INFO: Sensor Zero Coverage Sensor (done) | time=57ms
INFO: Sensor Java CPD Block Indexer
INFO: Sensor Java CPD Block Indexer (done) | time=466ms
INFO: SCM Publisher SCM provider for this project is: git
INFO: SCM Publisher 100 source files to be analyzed
INFO: SCM Publisher 0/100 source files have been analyzed (done) | time=186ms
WARN: Missing blame information for the following files:
WARN:   * Snippet_8412377.java
WARN:   * Snippet_6964408.java
WARN:   * Snippet_4106430.java
WARN:   * Snippet_8427386.java
WARN:   * Snippet_5020389.java
WARN:   * Snippet_9366675.java
WARN:   * Snippet_7728166.java
WARN:   * Snippet_6244777.java
WARN:   * Snippet_7410446.java
WARN:   * Snippet_5164745.java
WARN:   * Snippet_3875995.java
WARN:   * Snippet_7210083.java
WARN:   * Snippet_7857792.java
WARN:   * Snippet_4755469.java
WARN:   * Snippet_9104309.java
WARN:   * Snippet_9367707.java
WARN:   * Snippet_9534674.java
WARN:   * Snippet_8633022.java
WARN:   * Snippet_7357208.java
WARN:   * Snippet_4486097.java
WARN:   * Snippet_5839770.java
WARN:   * Snippet_8521588.java
WARN:   * Snippet_9336399.java
WARN:   * Snippet_4273448.java
WARN:   * Snippet_7686456.java
WARN:   * Snippet_7048486.java
WARN:   * Snippet_8967998.java
WARN:   * Snippet_4122935.java
WARN:   * Snippet_9102455.java
WARN:   * Snippet_6026896.java
WARN:   * Snippet_6441911.java
WARN:   * Snippet_3804138.java
WARN:   * Snippet_7313745.java
WARN:   * Snippet_4232438.java
WARN:   * Snippet_9542718.java
WARN:   * Snippet_8295936.java
WARN:   * Snippet_8799964.java
WARN:   * Snippet_8939140.java
WARN:   * Snippet_5297721.java
WARN:   * Snippet_8753783.java
WARN:   * Snippet_4331802.java
WARN:   * Snippet_8922371.java
WARN:   * Snippet_5266377.java
WARN:   * Snippet_7030257.java
WARN:   * Snippet_7725810.java
WARN:   * Snippet_8690136.java
WARN:   * Snippet_5395652.java
WARN:   * Snippet_5519299.java
WARN:   * Snippet_4433896.java
WARN:   * Snippet_9024733.java
WARN:   * Snippet_7870683.java
WARN:   * Snippet_7186067.java
WARN:   * Snippet_5445165.java
WARN:   * Snippet_4042328.java
WARN:   * Snippet_5338390.java
WARN:   * Snippet_7277560.java
WARN:   * Snippet_9320426.java
WARN:   * Snippet_4586123.java
WARN:   * Snippet_4897642.java
WARN:   * Snippet_7829336.java
WARN:   * Snippet_6462019.java
WARN:   * Snippet_8795959.java
WARN:   * Snippet_9014548.java
WARN:   * Snippet_7650722.java
WARN:   * Snippet_7718229.java
WARN:   * Snippet_6024615.java
WARN:   * Snippet_4072597.java
WARN:   * Snippet_7436139.java
WARN:   * Snippet_7323687.java
WARN:   * Snippet_8431225.java
WARN:   * Snippet_6788928.java
WARN:   * Snippet_6236496.java
WARN:   * Snippet_9446238.java
WARN:   * Snippet_7072307.java
WARN:   * Snippet_7362051.java
WARN:   * Snippet_8278616.java
WARN:   * Snippet_6519706.java
WARN:   * Snippet_4123555.java
WARN:   * Snippet_7005369.java
WARN:   * Snippet_7094260.java
WARN:   * Snippet_4993965.java
WARN:   * Snippet_9117540.java
WARN:   * Snippet_7355243.java
WARN:   * Snippet_6536605.java
WARN:   * Snippet_7987571.java
WARN:   * Snippet_8779111.java
WARN:   * Snippet_7588956.java
WARN:   * Snippet_8038797.java
WARN:   * Snippet_5425598.java
WARN:   * Snippet_5384416.java
WARN:   * Snippet_4452266.java
WARN:   * Snippet_6445346.java
WARN:   * Snippet_8517396.java
WARN:   * Snippet_7455354.java
WARN:   * Snippet_6957824.java
WARN:   * Snippet_4191189.java
WARN:   * Snippet_5991563.java
WARN:   * Snippet_4506790.java
WARN:   * Snippet_5816939.java
WARN:   * Snippet_4784081.java
WARN: This may lead to missing/broken features in SonarQube
INFO: CPD Executor 50 files had no CPD blocks
INFO: CPD Executor Calculating CPD for 50 files
INFO: CPD Executor CPD calculation finished (done) | time=100ms
INFO: SCM revision ID '26261eff0fdfe0b82ee446873a05666cce5522df'
INFO: Analysis report generated in 257ms, dir size=499.3 kB
INFO: Analysis report compressed in 644ms, zip size=231.3 kB
INFO: Analysis report uploaded in 28ms
INFO: ANALYSIS SUCCESSFUL, you can find the results at: http://localhost:9000/dashboard?id=tcc-snippets-final-3
INFO: Note that you will be able to access the updated dashboard once the server has processed the submitted analysis report
INFO: More about the report processing at http://localhost:9000/api/ce/task?id=0c8853e7-3aea-472e-b1e2-83455a8f6e17
INFO: Analysis total time: 23.464 s
INFO: ------------------------------------------------------------------------
INFO: EXECUTION SUCCESS
INFO: ------------------------------------------------------------------------
INFO: Total time: 27.690s
INFO: Final Memory: 18M/74M
INFO: ------------------------------------------------------------------------

================================================================================
[34/44] lote com 100 snippets
Arquivos:
Snippet_4042280.java
Snippet_6165395.java
Snippet_7465368.java
Snippet_5123754.java
Snippet_7481501.java
Snippet_5162987.java
Snippet_4773397.java
Snippet_3862792.java
Snippet_5182713.java
Snippet_6244614.java
Snippet_7046440.java
Snippet_7412708.java
Snippet_8003697.java
Snippet_9139344.java
Snippet_3701417.java
Snippet_4417713.java
Snippet_4051372.java
Snippet_6840403.java
Snippet_4478069.java
Snippet_9161787.java
Snippet_4425585.java
Snippet_4073835.java
Snippet_7307669.java
Snippet_9093112.java
Snippet_4658287.java
Snippet_7187010.java
Snippet_4640509.java
Snippet_7725777.java
Snippet_4162084.java
Snippet_7613495.java
Snippet_7120110.java
Snippet_3977475.java
Snippet_7161553.java
Snippet_6920729.java
Snippet_8917167.java
Snippet_5978414.java
Snippet_7025249.java
Snippet_5220844.java
Snippet_6057624.java
Snippet_6117995.java
Snippet_8532133.java
Snippet_6578382.java
Snippet_7772686.java
Snippet_4737348.java
Snippet_7153322.java
Snippet_7856180.java
Snippet_9243307.java
Snippet_8886007.java
Snippet_5901667.java
Snippet_7727842.java
Snippet_6861082.java
Snippet_4244182.java
Snippet_8934890.java
Snippet_4095326.java
Snippet_8768716.java
Snippet_6890147.java
Snippet_7986025.java
Snippet_4371443.java
Snippet_4388389.java
Snippet_3945199.java
Snippet_7399428.java
Snippet_7198779.java
Snippet_6971634.java
Snippet_4045338.java
Snippet_6432034.java
Snippet_5818363.java
Snippet_4003009.java
Snippet_4229996.java
Snippet_6289735.java
Snippet_4910241.java
Snippet_3938271.java
Snippet_4522222.java
Snippet_5480114.java
Snippet_9278801.java
Snippet_6293765.java
Snippet_6241200.java
Snippet_5133545.java
Snippet_6943892.java
Snippet_3762849.java
Snippet_4179381.java
Snippet_8190652.java
Snippet_7665235.java
Snippet_7227811.java
Snippet_8400746.java
Snippet_7451347.java
Snippet_5184123.java
Snippet_9025601.java
Snippet_3947756.java
Snippet_3919445.java
Snippet_5052296.java
Snippet_4282272.java
Snippet_8452328.java
Snippet_7483452.java
Snippet_3772084.java
Snippet_5252079.java
Snippet_8951219.java
Snippet_5598817.java
Snippet_4747471.java
Snippet_5214839.java
Snippet_4567462.java
INFO: Scanner configuration file: /home/oscar/sonar-scanner-5.0.1.3006-linux/conf/sonar-scanner.properties
INFO: Project root configuration file: /home/oscar/Área de trabalho/TCC-Artur-Jackson-e-Oscar-de-Brito--BaseMLCQ/sonar-trechos/generated-snippets-batch-run/sonar-project.properties
INFO: SonarScanner 5.0.1.3006
INFO: Java 17.0.7 Eclipse Adoptium (64-bit)
INFO: Linux 6.17.0-35-generic amd64
INFO: User cache: /home/oscar/.sonar/cache
INFO: Analyzing on SonarQube server 10.5.1.90531
INFO: Default locale: "pt_BR", source code encoding: "UTF-8"
INFO: Load global settings
INFO: Load global settings (done) | time=170ms
INFO: Server id: 147B411E-AZ1pIPMJY3k3y_epkpuj
INFO: User cache: /home/oscar/.sonar/cache
INFO: Loading required plugins
INFO: Load plugins index
INFO: Load plugins index (done) | time=121ms
INFO: Load/download plugins
INFO: Load/download plugins (done) | time=124ms
INFO: Process project properties
INFO: Process project properties (done) | time=24ms
INFO: Project key: tcc-snippets-final-3
INFO: Base dir: /home/oscar/Área de trabalho/TCC-Artur-Jackson-e-Oscar-de-Brito--BaseMLCQ/sonar-trechos/generated-snippets-batch-run
INFO: Working dir: /home/oscar/Área de trabalho/TCC-Artur-Jackson-e-Oscar-de-Brito--BaseMLCQ/sonar-trechos/generated-snippets-batch-run/.scannerwork
INFO: Load project settings for component key: 'tcc-snippets-final-3'
INFO: Load project settings for component key: 'tcc-snippets-final-3' (done) | time=22ms
INFO: Load quality profiles
INFO: Load quality profiles (done) | time=199ms
INFO: Load active rules
INFO: Load active rules (done) | time=8189ms
INFO: Load analysis cache
INFO: Load analysis cache (2.6 kB) | time=55ms
INFO: Preprocessing files...
INFO: 1 language detected in 101 preprocessed files
INFO: 0 files ignored because of scm ignore settings
INFO: Loading plugins for detected languages
INFO: Load/download plugins
INFO: Load/download plugins (done) | time=10ms
INFO: Inconsistent constructor declaration on bean with name 'org.sonarsource.scanner.api.internal.IsolatedClassloader@1a1d6a08-org.sonar.scanner.issue.IssueFilters': single autowire-marked constructor flagged as optional - this constructor is effectively required since there is no default constructor to fall back to: public org.sonar.scanner.issue.IssueFilters(org.sonar.api.batch.fs.internal.DefaultInputProject)
INFO: Load project repositories
INFO: Load project repositories (done) | time=56ms
INFO: Indexing files...
INFO: Project configuration:
INFO: 101 files indexed
INFO: Quality profile for java: TCC
INFO: ------------- Run sensors on module TCC Snippets Final 3
INFO: Load metrics repository
INFO: Load metrics repository (done) | time=77ms
INFO: Sensor JavaSensor [java]
INFO: No rules with 'symbolic-execution' tag were enabled, the Symbolic Execution Engine will not run during the analysis.
INFO: Server-side caching is enabled. The Java analyzer will not try to leverage data from a previous analysis.
INFO: Using ECJ batch to parse 100 Main java source files with batch size 156 KB.
INFO: Starting batch processing.
INFO: The Java analyzer cannot skip unchanged files in this context. A full analysis is performed for all files.
INFO: 100% analyzed
INFO: Batch processing: Done.
INFO: Did not optimize analysis for any files, performed a full analysis for all 100 files.
WARN: Dependencies/libraries were not provided for analysis of SOURCE files. The 'sonar.java.libraries' property is empty. Verify your configuration, as you might end up with less precise results.
WARN: Unresolved imports/types have been detected during analysis. Enable DEBUG mode to see them.
WARN: Use of preview features have been detected during analysis. Enable DEBUG mode to see them.
INFO: No "Test" source files to scan.
INFO: No "Generated" source files to scan.
INFO: Sensor JavaSensor [java] (done) | time=6382ms
INFO: Sensor SurefireSensor [java]
INFO: parsing [/home/oscar/Área de trabalho/TCC-Artur-Jackson-e-Oscar-de-Brito--BaseMLCQ/sonar-trechos/generated-snippets-batch-run/target/surefire-reports]
INFO: Sensor SurefireSensor [java] (done) | time=1ms
INFO: Sensor JaCoCo XML Report Importer [jacoco]
INFO: 'sonar.coverage.jacoco.xmlReportPaths' is not defined. Using default locations: target/site/jacoco/jacoco.xml,target/site/jacoco-it/jacoco.xml,build/reports/jacoco/test/jacocoTestReport.xml
INFO: No report imported, no coverage information will be imported by JaCoCo XML Report Importer
INFO: Sensor JaCoCo XML Report Importer [jacoco] (done) | time=2ms
INFO: Sensor IaC Docker Sensor [iac]
INFO: 0 source files to be analyzed
INFO: 0/0 source files have been analyzed
INFO: Sensor IaC Docker Sensor [iac] (done) | time=127ms
INFO: Sensor TextAndSecretsSensor [text]
INFO: Available processors: 2
INFO: Using 2 threads for analysis.
INFO: 100 source files to be analyzed
INFO: 100/100 source files have been analyzed
INFO: Sensor TextAndSecretsSensor [text] (done) | time=1355ms
INFO: ------------- Run sensors on project
INFO: Sensor Zero Coverage Sensor
INFO: Sensor Zero Coverage Sensor (done) | time=58ms
INFO: Sensor Java CPD Block Indexer
INFO: Sensor Java CPD Block Indexer (done) | time=389ms
INFO: SCM Publisher SCM provider for this project is: git
INFO: SCM Publisher 100 source files to be analyzed
INFO: SCM Publisher 0/100 source files have been analyzed (done) | time=81ms
WARN: Missing blame information for the following files:
WARN:   * Snippet_4371443.java
WARN:   * Snippet_6840403.java
WARN:   * Snippet_6244614.java
WARN:   * Snippet_9093112.java
WARN:   * Snippet_7856180.java
WARN:   * Snippet_4045338.java
WARN:   * Snippet_6971634.java
WARN:   * Snippet_4095326.java
WARN:   * Snippet_6293765.java
WARN:   * Snippet_7451347.java
WARN:   * Snippet_9139344.java
WARN:   * Snippet_4658287.java
WARN:   * Snippet_4051372.java
WARN:   * Snippet_4388389.java
WARN:   * Snippet_4417713.java
WARN:   * Snippet_8003697.java
WARN:   * Snippet_8768716.java
WARN:   * Snippet_5133545.java
WARN:   * Snippet_4003009.java
WARN:   * Snippet_4737348.java
WARN:   * Snippet_5214839.java
WARN:   * Snippet_6432034.java
WARN:   * Snippet_4567462.java
WARN:   * Snippet_3977475.java
WARN:   * Snippet_7727842.java
WARN:   * Snippet_4179381.java
WARN:   * Snippet_5220844.java
WARN:   * Snippet_8934890.java
WARN:   * Snippet_7187010.java
WARN:   * Snippet_4073835.java
WARN:   * Snippet_7161553.java
WARN:   * Snippet_5184123.java
WARN:   * Snippet_3919445.java
WARN:   * Snippet_7986025.java
WARN:   * Snippet_4522222.java
WARN:   * Snippet_6165395.java
WARN:   * Snippet_7046440.java
WARN:   * Snippet_7772686.java
WARN:   * Snippet_3945199.java
WARN:   * Snippet_6241200.java
WARN:   * Snippet_9278801.java
WARN:   * Snippet_5162987.java
WARN:   * Snippet_8951219.java
WARN:   * Snippet_3762849.java
WARN:   * Snippet_5182713.java
WARN:   * Snippet_6861082.java
WARN:   * Snippet_5901667.java
WARN:   * Snippet_4042280.java
WARN:   * Snippet_5818363.java
WARN:   * Snippet_7198779.java
WARN:   * Snippet_5252079.java
WARN:   * Snippet_3701417.java
WARN:   * Snippet_4162084.java
WARN:   * Snippet_5123754.java
WARN:   * Snippet_8452328.java
WARN:   * Snippet_7153322.java
WARN:   * Snippet_3947756.java
WARN:   * Snippet_5480114.java
WARN:   * Snippet_7481501.java
WARN:   * Snippet_6117995.java
WARN:   * Snippet_3938271.java
WARN:   * Snippet_7120110.java
WARN:   * Snippet_4640509.java
WARN:   * Snippet_7483452.java
WARN:   * Snippet_4773397.java
WARN:   * Snippet_6920729.java
WARN:   * Snippet_4244182.java
WARN:   * Snippet_4229996.java
WARN:   * Snippet_8400746.java
WARN:   * Snippet_7399428.java
WARN:   * Snippet_6057624.java
WARN:   * Snippet_4910241.java
WARN:   * Snippet_7227811.java
WARN:   * Snippet_6890147.java
WARN:   * Snippet_5598817.java
WARN:   * Snippet_4478069.java
WARN:   * Snippet_9243307.java
WARN:   * Snippet_7412708.java
WARN:   * Snippet_8886007.java
WARN:   * Snippet_6578382.java
WARN:   * Snippet_7465368.java
WARN:   * Snippet_7307669.java
WARN:   * Snippet_8917167.java
WARN:   * Snippet_7613495.java
WARN:   * Snippet_9025601.java
WARN:   * Snippet_4282272.java
WARN:   * Snippet_6289735.java
WARN:   * Snippet_3772084.java
WARN:   * Snippet_4425585.java
WARN:   * Snippet_5978414.java
WARN:   * Snippet_3862792.java
WARN:   * Snippet_7725777.java
WARN:   * Snippet_4747471.java
WARN:   * Snippet_8190652.java
WARN:   * Snippet_5052296.java
WARN:   * Snippet_7025249.java
WARN:   * Snippet_7665235.java
WARN:   * Snippet_6943892.java
WARN:   * Snippet_9161787.java
WARN:   * Snippet_8532133.java
WARN: This may lead to missing/broken features in SonarQube
INFO: CPD Executor 43 files had no CPD blocks
INFO: CPD Executor Calculating CPD for 57 files
INFO: CPD Executor CPD calculation finished (done) | time=49ms
INFO: SCM revision ID '26261eff0fdfe0b82ee446873a05666cce5522df'
INFO: Analysis report generated in 229ms, dir size=571.0 kB
INFO: Analysis report compressed in 587ms, zip size=247.7 kB
INFO: Analysis report uploaded in 48ms
INFO: ANALYSIS SUCCESSFUL, you can find the results at: http://localhost:9000/dashboard?id=tcc-snippets-final-3
INFO: Note that you will be able to access the updated dashboard once the server has processed the submitted analysis report
INFO: More about the report processing at http://localhost:9000/api/ce/task?id=c6c3cdf8-2fc4-4881-a65a-54ad99c536ab
INFO: Analysis total time: 22.793 s
INFO: ------------------------------------------------------------------------
INFO: EXECUTION SUCCESS
INFO: ------------------------------------------------------------------------
INFO: Total time: 26.129s
INFO: Final Memory: 18M/74M
INFO: ------------------------------------------------------------------------

================================================================================
[35/44] lote com 100 snippets
Arquivos:
Snippet_4169148.java
Snippet_5124033.java
Snippet_9344142.java
Snippet_6603072.java
Snippet_9476422.java
Snippet_7027539.java
Snippet_7548967.java
Snippet_5072938.java
Snippet_6312967.java
Snippet_7605003.java
Snippet_4687004.java
Snippet_4556325.java
Snippet_4527035.java
Snippet_7414155.java
Snippet_7722604.java
Snippet_6658744.java
Snippet_7625090.java
Snippet_4247131.java
Snippet_5340257.java
Snippet_4556934.java
Snippet_7539445.java
Snippet_4251331.java
Snippet_4767234.java
Snippet_4901851.java
Snippet_5281568.java
Snippet_5027180.java
Snippet_6164729.java
Snippet_7465317.java
Snippet_5547100.java
Snippet_5428702.java
Snippet_6835472.java
Snippet_7636168.java
Snippet_5953028.java
Snippet_5499603.java
Snippet_6630204.java
Snippet_6847017.java
Snippet_8747487.java
Snippet_5657118.java
Snippet_6986522.java
Snippet_8728960.java
Snippet_5280072.java
Snippet_4843205.java
Snippet_7424019.java
Snippet_9087427.java
Snippet_4714964.java
Snippet_5200864.java
Snippet_4130189.java
Snippet_3790421.java
Snippet_7875037.java
Snippet_6094004.java
Snippet_6430791.java
Snippet_7496171.java
Snippet_7257899.java
Snippet_6285002.java
Snippet_8314886.java
Snippet_4827314.java
Snippet_7700031.java
Snippet_6850932.java
Snippet_9012407.java
Snippet_8968857.java
Snippet_7533998.java
Snippet_4830091.java
Snippet_4096115.java
Snippet_4553880.java
Snippet_6532406.java
Snippet_3749791.java
Snippet_9510155.java
Snippet_5070999.java
Snippet_8932995.java
Snippet_7056882.java
Snippet_5102890.java
Snippet_5479893.java
Snippet_4936795.java
Snippet_7893182.java
Snippet_5573352.java
Snippet_4662159.java
Snippet_6329210.java
Snippet_8435719.java
Snippet_5409414.java
Snippet_8659626.java
Snippet_3848916.java
Snippet_5461108.java
Snippet_8428144.java
Snippet_7345031.java
Snippet_7121075.java
Snippet_6923161.java
Snippet_8615362.java
Snippet_7655847.java
Snippet_4846258.java
Snippet_6119399.java
Snippet_5097474.java
Snippet_4101310.java
Snippet_8644476.java
Snippet_4852058.java
Snippet_8229683.java
Snippet_5392679.java
Snippet_5015205.java
Snippet_7039207.java
Snippet_7580167.java
Snippet_8052959.java
INFO: Scanner configuration file: /home/oscar/sonar-scanner-5.0.1.3006-linux/conf/sonar-scanner.properties
INFO: Project root configuration file: /home/oscar/Área de trabalho/TCC-Artur-Jackson-e-Oscar-de-Brito--BaseMLCQ/sonar-trechos/generated-snippets-batch-run/sonar-project.properties
INFO: SonarScanner 5.0.1.3006
INFO: Java 17.0.7 Eclipse Adoptium (64-bit)
INFO: Linux 6.17.0-35-generic amd64
INFO: User cache: /home/oscar/.sonar/cache
INFO: Analyzing on SonarQube server 10.5.1.90531
INFO: Default locale: "pt_BR", source code encoding: "UTF-8"
INFO: Load global settings
INFO: Load global settings (done) | time=134ms
INFO: Server id: 147B411E-AZ1pIPMJY3k3y_epkpuj
INFO: User cache: /home/oscar/.sonar/cache
INFO: Loading required plugins
INFO: Load plugins index
INFO: Load plugins index (done) | time=59ms
INFO: Load/download plugins
INFO: Load/download plugins (done) | time=134ms
INFO: Process project properties
INFO: Process project properties (done) | time=12ms
INFO: Project key: tcc-snippets-final-3
INFO: Base dir: /home/oscar/Área de trabalho/TCC-Artur-Jackson-e-Oscar-de-Brito--BaseMLCQ/sonar-trechos/generated-snippets-batch-run
INFO: Working dir: /home/oscar/Área de trabalho/TCC-Artur-Jackson-e-Oscar-de-Brito--BaseMLCQ/sonar-trechos/generated-snippets-batch-run/.scannerwork
INFO: Load project settings for component key: 'tcc-snippets-final-3'
INFO: Load project settings for component key: 'tcc-snippets-final-3' (done) | time=29ms
INFO: Load quality profiles
INFO: Load quality profiles (done) | time=188ms
INFO: Load active rules
INFO: Load active rules (done) | time=7053ms
INFO: Load analysis cache
INFO: Load analysis cache (2.6 kB) | time=56ms
INFO: Preprocessing files...
INFO: 1 language detected in 101 preprocessed files
INFO: 0 files ignored because of scm ignore settings
INFO: Loading plugins for detected languages
INFO: Load/download plugins
INFO: Load/download plugins (done) | time=21ms
INFO: Inconsistent constructor declaration on bean with name 'org.sonarsource.scanner.api.internal.IsolatedClassloader@1a1d6a08-org.sonar.scanner.issue.IssueFilters': single autowire-marked constructor flagged as optional - this constructor is effectively required since there is no default constructor to fall back to: public org.sonar.scanner.issue.IssueFilters(org.sonar.api.batch.fs.internal.DefaultInputProject)
INFO: Load project repositories
INFO: Load project repositories (done) | time=34ms
INFO: Indexing files...
INFO: Project configuration:
INFO: 101 files indexed
INFO: Quality profile for java: TCC
INFO: ------------- Run sensors on module TCC Snippets Final 3
INFO: Load metrics repository
INFO: Load metrics repository (done) | time=53ms
INFO: Sensor JavaSensor [java]
INFO: No rules with 'symbolic-execution' tag were enabled, the Symbolic Execution Engine will not run during the analysis.
INFO: Server-side caching is enabled. The Java analyzer will not try to leverage data from a previous analysis.
INFO: Using ECJ batch to parse 100 Main java source files with batch size 156 KB.
INFO: Starting batch processing.
INFO: The Java analyzer cannot skip unchanged files in this context. A full analysis is performed for all files.
INFO: 100% analyzed
INFO: Batch processing: Done.
INFO: Did not optimize analysis for any files, performed a full analysis for all 100 files.
WARN: Dependencies/libraries were not provided for analysis of SOURCE files. The 'sonar.java.libraries' property is empty. Verify your configuration, as you might end up with less precise results.
WARN: Unresolved imports/types have been detected during analysis. Enable DEBUG mode to see them.
WARN: Use of preview features have been detected during analysis. Enable DEBUG mode to see them.
INFO: No "Test" source files to scan.
INFO: No "Generated" source files to scan.
INFO: Sensor JavaSensor [java] (done) | time=4002ms
INFO: Sensor SurefireSensor [java]
INFO: parsing [/home/oscar/Área de trabalho/TCC-Artur-Jackson-e-Oscar-de-Brito--BaseMLCQ/sonar-trechos/generated-snippets-batch-run/target/surefire-reports]
INFO: Sensor SurefireSensor [java] (done) | time=7ms
INFO: Sensor JaCoCo XML Report Importer [jacoco]
INFO: 'sonar.coverage.jacoco.xmlReportPaths' is not defined. Using default locations: target/site/jacoco/jacoco.xml,target/site/jacoco-it/jacoco.xml,build/reports/jacoco/test/jacocoTestReport.xml
INFO: No report imported, no coverage information will be imported by JaCoCo XML Report Importer
INFO: Sensor JaCoCo XML Report Importer [jacoco] (done) | time=3ms
INFO: Sensor IaC Docker Sensor [iac]
INFO: 0 source files to be analyzed
INFO: 0/0 source files have been analyzed
INFO: Sensor IaC Docker Sensor [iac] (done) | time=124ms
INFO: Sensor TextAndSecretsSensor [text]
INFO: Available processors: 2
INFO: Using 2 threads for analysis.
INFO: 100 source files to be analyzed
INFO: 100/100 source files have been analyzed
INFO: Sensor TextAndSecretsSensor [text] (done) | time=1270ms
INFO: ------------- Run sensors on project
INFO: Sensor Zero Coverage Sensor
INFO: Sensor Zero Coverage Sensor (done) | time=59ms
INFO: Sensor Java CPD Block Indexer
INFO: Sensor Java CPD Block Indexer (done) | time=164ms
INFO: SCM Publisher SCM provider for this project is: git
INFO: SCM Publisher 100 source files to be analyzed
INFO: SCM Publisher 0/100 source files have been analyzed (done) | time=69ms
WARN: Missing blame information for the following files:
WARN:   * Snippet_7893182.java
WARN:   * Snippet_5072938.java
WARN:   * Snippet_8615362.java
WARN:   * Snippet_5027180.java
WARN:   * Snippet_6430791.java
WARN:   * Snippet_8229683.java
WARN:   * Snippet_8314886.java
WARN:   * Snippet_7121075.java
WARN:   * Snippet_5280072.java
WARN:   * Snippet_8052959.java
WARN:   * Snippet_9087427.java
WARN:   * Snippet_7257899.java
WARN:   * Snippet_3848916.java
WARN:   * Snippet_5461108.java
WARN:   * Snippet_4130189.java
WARN:   * Snippet_7056882.java
WARN:   * Snippet_5102890.java
WARN:   * Snippet_3790421.java
WARN:   * Snippet_8968857.java
WARN:   * Snippet_7533998.java
WARN:   * Snippet_6094004.java
WARN:   * Snippet_5281568.java
WARN:   * Snippet_6850932.java
WARN:   * Snippet_6285002.java
WARN:   * Snippet_4901851.java
WARN:   * Snippet_6119399.java
WARN:   * Snippet_6164729.java
WARN:   * Snippet_6329210.java
WARN:   * Snippet_8644476.java
WARN:   * Snippet_4714964.java
WARN:   * Snippet_4830091.java
WARN:   * Snippet_4556325.java
WARN:   * Snippet_6532406.java
WARN:   * Snippet_5124033.java
WARN:   * Snippet_7027539.java
WARN:   * Snippet_8747487.java
WARN:   * Snippet_6312967.java
WARN:   * Snippet_6630204.java
WARN:   * Snippet_5097474.java
WARN:   * Snippet_4936795.java
WARN:   * Snippet_7345031.java
WARN:   * Snippet_5070999.java
WARN:   * Snippet_9344142.java
WARN:   * Snippet_5015205.java
WARN:   * Snippet_7722604.java
WARN:   * Snippet_5953028.java
WARN:   * Snippet_7496171.java
WARN:   * Snippet_8428144.java
WARN:   * Snippet_5657118.java
WARN:   * Snippet_8659626.java
WARN:   * Snippet_7655847.java
WARN:   * Snippet_7625090.java
WARN:   * Snippet_8435719.java
WARN:   * Snippet_9510155.java
WARN:   * Snippet_5409414.java
WARN:   * Snippet_4527035.java
WARN:   * Snippet_4846258.java
WARN:   * Snippet_7875037.java
WARN:   * Snippet_4096115.java
WARN:   * Snippet_4101310.java
WARN:   * Snippet_7424019.java
WARN:   * Snippet_4827314.java
WARN:   * Snippet_6835472.java
WARN:   * Snippet_5392679.java
WARN:   * Snippet_7465317.java
WARN:   * Snippet_5499603.java
WARN:   * Snippet_4767234.java
WARN:   * Snippet_4843205.java
WARN:   * Snippet_4852058.java
WARN:   * Snippet_5340257.java
WARN:   * Snippet_7548967.java
WARN:   * Snippet_9012407.java
WARN:   * Snippet_7039207.java
WARN:   * Snippet_7636168.java
WARN:   * Snippet_4556934.java
WARN:   * Snippet_6603072.java
WARN:   * Snippet_7580167.java
WARN:   * Snippet_5573352.java
WARN:   * Snippet_6658744.java
WARN:   * Snippet_4251331.java
WARN:   * Snippet_7700031.java
WARN:   * Snippet_6847017.java
WARN:   * Snippet_5200864.java
WARN:   * Snippet_8932995.java
WARN:   * Snippet_9476422.java
WARN:   * Snippet_5547100.java
WARN:   * Snippet_4687004.java
WARN:   * Snippet_5479893.java
WARN:   * Snippet_6923161.java
WARN:   * Snippet_4662159.java
WARN:   * Snippet_4553880.java
WARN:   * Snippet_4247131.java
WARN:   * Snippet_7539445.java
WARN:   * Snippet_6986522.java
WARN:   * Snippet_5428702.java
WARN:   * Snippet_4169148.java
WARN:   * Snippet_7605003.java
WARN:   * Snippet_3749791.java
WARN:   * Snippet_7414155.java
WARN:   * Snippet_8728960.java
WARN: This may lead to missing/broken features in SonarQube
INFO: CPD Executor 54 files had no CPD blocks
INFO: CPD Executor Calculating CPD for 46 files
INFO: CPD Executor CPD calculation finished (done) | time=32ms
INFO: SCM revision ID '26261eff0fdfe0b82ee446873a05666cce5522df'
INFO: Analysis report generated in 186ms, dir size=419.2 kB
INFO: Analysis report compressed in 363ms, zip size=208.4 kB
INFO: Analysis report uploaded in 69ms
INFO: ANALYSIS SUCCESSFUL, you can find the results at: http://localhost:9000/dashboard?id=tcc-snippets-final-3
INFO: Note that you will be able to access the updated dashboard once the server has processed the submitted analysis report
INFO: More about the report processing at http://localhost:9000/api/ce/task?id=27a7c42f-267b-43ba-ac01-233579209bdd
INFO: Analysis total time: 18.150 s
INFO: ------------------------------------------------------------------------
INFO: EXECUTION SUCCESS
INFO: ------------------------------------------------------------------------
INFO: Total time: 21.326s
INFO: Final Memory: 18M/74M
INFO: ------------------------------------------------------------------------

================================================================================
[36/44] lote com 100 snippets
Arquivos:
Snippet_6014861.java
Snippet_8382642.java
Snippet_6311026.java
Snippet_7763705.java
Snippet_8515408.java
Snippet_7962366.java
Snippet_7142098.java
Snippet_5025413.java
Snippet_7274207.java
Snippet_6546622.java
Snippet_7587149.java
Snippet_4489487.java
Snippet_9173375.java
Snippet_4400511.java
Snippet_7482780.java
Snippet_6192126.java
Snippet_8087321.java
Snippet_7211700.java
Snippet_5605416.java
Snippet_6009432.java
Snippet_4195038.java
Snippet_6341238.java
Snippet_8043712.java
Snippet_8539540.java
Snippet_8217946.java
Snippet_3763661.java
Snippet_5487652.java
Snippet_7268641.java
Snippet_6484821.java
Snippet_4034186.java
Snippet_5659423.java
Snippet_7320020.java
Snippet_5972837.java
Snippet_6636428.java
Snippet_5516476.java
Snippet_3900213.java
Snippet_7792934.java
Snippet_6912423.java
Snippet_7886991.java
Snippet_4256584.java
Snippet_7935629.java
Snippet_7076341.java
Snippet_7391055.java
Snippet_8224255.java
Snippet_5247450.java
Snippet_7759298.java
Snippet_8793481.java
Snippet_4175432.java
Snippet_4841390.java
Snippet_9171873.java
Snippet_8601907.java
Snippet_7416545.java
Snippet_7038229.java
Snippet_4055860.java
Snippet_4591956.java
Snippet_7513430.java
Snippet_5798457.java
Snippet_5687952.java
Snippet_8784533.java
Snippet_8600681.java
Snippet_5327402.java
Snippet_3827535.java
Snippet_9482329.java
Snippet_8931105.java
Snippet_5322883.java
Snippet_4440978.java
Snippet_8026786.java
Snippet_8579440.java
Snippet_4232055.java
Snippet_8660303.java
Snippet_9340516.java
Snippet_7111061.java
Snippet_7107337.java
Snippet_4456439.java
Snippet_5655899.java
Snippet_7743333.java
Snippet_4932611.java
Snippet_7455167.java
Snippet_8754569.java
Snippet_4691358.java
Snippet_6897923.java
Snippet_9171656.java
Snippet_7351843.java
Snippet_6260668.java
Snippet_4282143.java
Snippet_4816749.java
Snippet_4395308.java
Snippet_7161584.java
Snippet_3803712.java
Snippet_8169750.java
Snippet_4594162.java
Snippet_8584799.java
Snippet_3857472.java
Snippet_7674694.java
Snippet_3893413.java
Snippet_7277838.java
Snippet_7790763.java
Snippet_9117535.java
Snippet_7273813.java
Snippet_4734605.java
INFO: Scanner configuration file: /home/oscar/sonar-scanner-5.0.1.3006-linux/conf/sonar-scanner.properties
INFO: Project root configuration file: /home/oscar/Área de trabalho/TCC-Artur-Jackson-e-Oscar-de-Brito--BaseMLCQ/sonar-trechos/generated-snippets-batch-run/sonar-project.properties
INFO: SonarScanner 5.0.1.3006
INFO: Java 17.0.7 Eclipse Adoptium (64-bit)
INFO: Linux 6.17.0-35-generic amd64
INFO: User cache: /home/oscar/.sonar/cache
INFO: Analyzing on SonarQube server 10.5.1.90531
INFO: Default locale: "pt_BR", source code encoding: "UTF-8"
INFO: Load global settings
INFO: Load global settings (done) | time=108ms
INFO: Server id: 147B411E-AZ1pIPMJY3k3y_epkpuj
INFO: User cache: /home/oscar/.sonar/cache
INFO: Loading required plugins
INFO: Load plugins index
INFO: Load plugins index (done) | time=45ms
INFO: Load/download plugins
INFO: Load/download plugins (done) | time=108ms
INFO: Process project properties
INFO: Process project properties (done) | time=23ms
INFO: Project key: tcc-snippets-final-3
INFO: Base dir: /home/oscar/Área de trabalho/TCC-Artur-Jackson-e-Oscar-de-Brito--BaseMLCQ/sonar-trechos/generated-snippets-batch-run
INFO: Working dir: /home/oscar/Área de trabalho/TCC-Artur-Jackson-e-Oscar-de-Brito--BaseMLCQ/sonar-trechos/generated-snippets-batch-run/.scannerwork
INFO: Load project settings for component key: 'tcc-snippets-final-3'
INFO: Load project settings for component key: 'tcc-snippets-final-3' (done) | time=32ms
INFO: Load quality profiles
INFO: Load quality profiles (done) | time=133ms
INFO: Load active rules
INFO: Load active rules (done) | time=7926ms
INFO: Load analysis cache
INFO: Load analysis cache (2.6 kB) | time=45ms
INFO: Preprocessing files...
INFO: 1 language detected in 101 preprocessed files
INFO: 0 files ignored because of scm ignore settings
INFO: Loading plugins for detected languages
INFO: Load/download plugins
INFO: Load/download plugins (done) | time=10ms
INFO: Inconsistent constructor declaration on bean with name 'org.sonarsource.scanner.api.internal.IsolatedClassloader@1a1d6a08-org.sonar.scanner.issue.IssueFilters': single autowire-marked constructor flagged as optional - this constructor is effectively required since there is no default constructor to fall back to: public org.sonar.scanner.issue.IssueFilters(org.sonar.api.batch.fs.internal.DefaultInputProject)
INFO: Load project repositories
INFO: Load project repositories (done) | time=50ms
INFO: Indexing files...
INFO: Project configuration:
INFO: 101 files indexed
INFO: Quality profile for java: TCC
INFO: ------------- Run sensors on module TCC Snippets Final 3
INFO: Load metrics repository
INFO: Load metrics repository (done) | time=54ms
INFO: Sensor JavaSensor [java]
INFO: No rules with 'symbolic-execution' tag were enabled, the Symbolic Execution Engine will not run during the analysis.
INFO: Server-side caching is enabled. The Java analyzer will not try to leverage data from a previous analysis.
INFO: Using ECJ batch to parse 100 Main java source files with batch size 156 KB.
INFO: Starting batch processing.
INFO: The Java analyzer cannot skip unchanged files in this context. A full analysis is performed for all files.
INFO: 100% analyzed
INFO: Batch processing: Done.
INFO: Did not optimize analysis for any files, performed a full analysis for all 100 files.
WARN: Dependencies/libraries were not provided for analysis of SOURCE files. The 'sonar.java.libraries' property is empty. Verify your configuration, as you might end up with less precise results.
WARN: Unresolved imports/types have been detected during analysis. Enable DEBUG mode to see them.
WARN: Use of preview features have been detected during analysis. Enable DEBUG mode to see them.
INFO: No "Test" source files to scan.
INFO: No "Generated" source files to scan.
INFO: Sensor JavaSensor [java] (done) | time=6652ms
INFO: Sensor SurefireSensor [java]
INFO: parsing [/home/oscar/Área de trabalho/TCC-Artur-Jackson-e-Oscar-de-Brito--BaseMLCQ/sonar-trechos/generated-snippets-batch-run/target/surefire-reports]
INFO: Sensor SurefireSensor [java] (done) | time=2ms
INFO: Sensor JaCoCo XML Report Importer [jacoco]
INFO: 'sonar.coverage.jacoco.xmlReportPaths' is not defined. Using default locations: target/site/jacoco/jacoco.xml,target/site/jacoco-it/jacoco.xml,build/reports/jacoco/test/jacocoTestReport.xml
INFO: No report imported, no coverage information will be imported by JaCoCo XML Report Importer
INFO: Sensor JaCoCo XML Report Importer [jacoco] (done) | time=2ms
INFO: Sensor IaC Docker Sensor [iac]
INFO: 0 source files to be analyzed
INFO: 0/0 source files have been analyzed
INFO: Sensor IaC Docker Sensor [iac] (done) | time=130ms
INFO: Sensor TextAndSecretsSensor [text]
INFO: Available processors: 2
INFO: Using 2 threads for analysis.
INFO: 100 source files to be analyzed
INFO: 100/100 source files have been analyzed
INFO: Sensor TextAndSecretsSensor [text] (done) | time=1492ms
INFO: ------------- Run sensors on project
INFO: Sensor Zero Coverage Sensor
INFO: Sensor Zero Coverage Sensor (done) | time=55ms
INFO: Sensor Java CPD Block Indexer
INFO: Sensor Java CPD Block Indexer (done) | time=224ms
INFO: SCM Publisher SCM provider for this project is: git
INFO: SCM Publisher 100 source files to be analyzed
INFO: SCM Publisher 0/100 source files have been analyzed (done) | time=74ms
WARN: Missing blame information for the following files:
WARN:   * Snippet_9173375.java
WARN:   * Snippet_4456439.java
WARN:   * Snippet_5605416.java
WARN:   * Snippet_6897923.java
WARN:   * Snippet_6341238.java
WARN:   * Snippet_7790763.java
WARN:   * Snippet_7743333.java
WARN:   * Snippet_8224255.java
WARN:   * Snippet_7482780.java
WARN:   * Snippet_7038229.java
WARN:   * Snippet_4195038.java
WARN:   * Snippet_6636428.java
WARN:   * Snippet_5687952.java
WARN:   * Snippet_7513430.java
WARN:   * Snippet_8043712.java
WARN:   * Snippet_8217946.java
WARN:   * Snippet_4841390.java
WARN:   * Snippet_5487652.java
WARN:   * Snippet_7107337.java
WARN:   * Snippet_4440978.java
WARN:   * Snippet_7759298.java
WARN:   * Snippet_8026786.java
WARN:   * Snippet_4395308.java
WARN:   * Snippet_5659423.java
WARN:   * Snippet_3803712.java
WARN:   * Snippet_7886991.java
WARN:   * Snippet_7076341.java
WARN:   * Snippet_9340516.java
WARN:   * Snippet_7111061.java
WARN:   * Snippet_6014861.java
WARN:   * Snippet_8382642.java
WARN:   * Snippet_7351843.java
WARN:   * Snippet_5972837.java
WARN:   * Snippet_7161584.java
WARN:   * Snippet_8793481.java
WARN:   * Snippet_4489487.java
WARN:   * Snippet_4400511.java
WARN:   * Snippet_8660303.java
WARN:   * Snippet_7416545.java
WARN:   * Snippet_6192126.java
WARN:   * Snippet_4816749.java
WARN:   * Snippet_6311026.java
WARN:   * Snippet_7142098.java
WARN:   * Snippet_4734605.java
WARN:   * Snippet_4175432.java
WARN:   * Snippet_8931105.java
WARN:   * Snippet_6260668.java
WARN:   * Snippet_8515408.java
WARN:   * Snippet_7587149.java
WARN:   * Snippet_3857472.java
WARN:   * Snippet_7273813.java
WARN:   * Snippet_7962366.java
WARN:   * Snippet_7763705.java
WARN:   * Snippet_9117535.java
WARN:   * Snippet_4034186.java
WARN:   * Snippet_4256584.java
WARN:   * Snippet_7455167.java
WARN:   * Snippet_5327402.java
WARN:   * Snippet_7935629.java
WARN:   * Snippet_6546622.java
WARN:   * Snippet_4594162.java
WARN:   * Snippet_8169750.java
WARN:   * Snippet_4055860.java
WARN:   * Snippet_5322883.java
WARN:   * Snippet_7274207.java
WARN:   * Snippet_7320020.java
WARN:   * Snippet_5247450.java
WARN:   * Snippet_4591956.java
WARN:   * Snippet_9171873.java
WARN:   * Snippet_9482329.java
WARN:   * Snippet_3827535.java
WARN:   * Snippet_3893413.java
WARN:   * Snippet_7674694.java
WARN:   * Snippet_6009432.java
WARN:   * Snippet_8600681.java
WARN:   * Snippet_6912423.java
WARN:   * Snippet_6484821.java
WARN:   * Snippet_3763661.java
WARN:   * Snippet_5655899.java
WARN:   * Snippet_8539540.java
WARN:   * Snippet_5025413.java
WARN:   * Snippet_8784533.java
WARN:   * Snippet_8087321.java
WARN:   * Snippet_9171656.java
WARN:   * Snippet_4932611.java
WARN:   * Snippet_7277838.java
WARN:   * Snippet_7268641.java
WARN:   * Snippet_8601907.java
WARN:   * Snippet_7792934.java
WARN:   * Snippet_5516476.java
WARN:   * Snippet_8754569.java
WARN:   * Snippet_7391055.java
WARN:   * Snippet_3900213.java
WARN:   * Snippet_8584799.java
WARN:   * Snippet_8579440.java
WARN:   * Snippet_5798457.java
WARN:   * Snippet_7211700.java
WARN:   * Snippet_4282143.java
WARN:   * Snippet_4691358.java
WARN:   * Snippet_4232055.java
WARN: This may lead to missing/broken features in SonarQube
INFO: CPD Executor 41 files had no CPD blocks
INFO: CPD Executor Calculating CPD for 59 files
INFO: CPD Executor CPD calculation finished (done) | time=56ms
INFO: SCM revision ID '26261eff0fdfe0b82ee446873a05666cce5522df'
INFO: Analysis report generated in 185ms, dir size=563.9 kB
INFO: Analysis report compressed in 363ms, zip size=252.9 kB
INFO: Analysis report uploaded in 75ms
INFO: ANALYSIS SUCCESSFUL, you can find the results at: http://localhost:9000/dashboard?id=tcc-snippets-final-3
INFO: Note that you will be able to access the updated dashboard once the server has processed the submitted analysis report
INFO: More about the report processing at http://localhost:9000/api/ce/task?id=2ee36424-f564-4e29-b51b-50c0d576f815
INFO: Analysis total time: 21.760 s
INFO: ------------------------------------------------------------------------
INFO: EXECUTION SUCCESS
INFO: ------------------------------------------------------------------------
INFO: Total time: 25.058s
INFO: Final Memory: 18M/80M
INFO: ------------------------------------------------------------------------

================================================================================
[37/44] lote com 100 snippets
Arquivos:
Snippet_5534322.java
Snippet_3940608.java
Snippet_6721230.java
Snippet_7651598.java
Snippet_3797964.java
Snippet_9156673.java
Snippet_4075287.java
Snippet_8140898.java
Snippet_4909332.java
Snippet_5937629.java
Snippet_8118314.java
Snippet_7661107.java
Snippet_5091269.java
Snippet_8962194.java
Snippet_8421755.java
Snippet_7720470.java
Snippet_5467722.java
Snippet_9453064.java
Snippet_6167933.java
Snippet_4661962.java
Snippet_5418030.java
Snippet_8903716.java
Snippet_4953209.java
Snippet_9413571.java
Snippet_9394464.java
Snippet_6204790.java
Snippet_8314569.java
Snippet_4309297.java
Snippet_9251958.java
Snippet_7245995.java
Snippet_4089742.java
Snippet_3836401.java
Snippet_7324520.java
Snippet_6898198.java
Snippet_7037560.java
Snippet_5786929.java
Snippet_3834247.java
Snippet_9457761.java
Snippet_7168092.java
Snippet_8971449.java
Snippet_6234122.java
Snippet_8182379.java
Snippet_4449293.java
Snippet_7548776.java
Snippet_5839980.java
Snippet_7896708.java
Snippet_7375884.java
Snippet_7349490.java
Snippet_5460082.java
Snippet_5763217.java
Snippet_3849158.java
Snippet_6323354.java
Snippet_6016685.java
Snippet_5041287.java
Snippet_9394020.java
Snippet_6329919.java
Snippet_4708154.java
Snippet_7093536.java
Snippet_8953833.java
Snippet_6800794.java
Snippet_7589426.java
Snippet_7643210.java
Snippet_6703649.java
Snippet_9458075.java
Snippet_8144651.java
Snippet_8501404.java
Snippet_8232830.java
Snippet_5768014.java
Snippet_7671918.java
Snippet_5233290.java
Snippet_5545552.java
Snippet_3722097.java
Snippet_6287432.java
Snippet_9221780.java
Snippet_6961928.java
Snippet_7732540.java
Snippet_8423835.java
Snippet_9405775.java
Snippet_3799104.java
Snippet_7446120.java
Snippet_7001897.java
Snippet_7749788.java
Snippet_5767507.java
Snippet_5923532.java
Snippet_8128905.java
Snippet_4634029.java
Snippet_3986050.java
Snippet_5898336.java
Snippet_6221363.java
Snippet_6772849.java
Snippet_5434262.java
Snippet_5855589.java
Snippet_5893758.java
Snippet_3993530.java
Snippet_4668085.java
Snippet_7478608.java
Snippet_4400338.java
Snippet_7437145.java
Snippet_5732162.java
Snippet_4772031.java
INFO: Scanner configuration file: /home/oscar/sonar-scanner-5.0.1.3006-linux/conf/sonar-scanner.properties
INFO: Project root configuration file: /home/oscar/Área de trabalho/TCC-Artur-Jackson-e-Oscar-de-Brito--BaseMLCQ/sonar-trechos/generated-snippets-batch-run/sonar-project.properties
INFO: SonarScanner 5.0.1.3006
INFO: Java 17.0.7 Eclipse Adoptium (64-bit)
INFO: Linux 6.17.0-35-generic amd64
INFO: User cache: /home/oscar/.sonar/cache
INFO: Analyzing on SonarQube server 10.5.1.90531
INFO: Default locale: "pt_BR", source code encoding: "UTF-8"
INFO: Load global settings
INFO: Load global settings (done) | time=104ms
INFO: Server id: 147B411E-AZ1pIPMJY3k3y_epkpuj
INFO: User cache: /home/oscar/.sonar/cache
INFO: Loading required plugins
INFO: Load plugins index
INFO: Load plugins index (done) | time=53ms
INFO: Load/download plugins
INFO: Load/download plugins (done) | time=119ms
INFO: Process project properties
INFO: Process project properties (done) | time=17ms
INFO: Project key: tcc-snippets-final-3
INFO: Base dir: /home/oscar/Área de trabalho/TCC-Artur-Jackson-e-Oscar-de-Brito--BaseMLCQ/sonar-trechos/generated-snippets-batch-run
INFO: Working dir: /home/oscar/Área de trabalho/TCC-Artur-Jackson-e-Oscar-de-Brito--BaseMLCQ/sonar-trechos/generated-snippets-batch-run/.scannerwork
INFO: Load project settings for component key: 'tcc-snippets-final-3'
INFO: Load project settings for component key: 'tcc-snippets-final-3' (done) | time=31ms
INFO: Load quality profiles
INFO: Load quality profiles (done) | time=85ms
INFO: Load active rules
INFO: Load active rules (done) | time=7242ms
INFO: Load analysis cache
INFO: Load analysis cache (2.6 kB) | time=33ms
INFO: Preprocessing files...
INFO: 1 language detected in 101 preprocessed files
INFO: 0 files ignored because of scm ignore settings
INFO: Loading plugins for detected languages
INFO: Load/download plugins
INFO: Load/download plugins (done) | time=6ms
INFO: Inconsistent constructor declaration on bean with name 'org.sonarsource.scanner.api.internal.IsolatedClassloader@1a1d6a08-org.sonar.scanner.issue.IssueFilters': single autowire-marked constructor flagged as optional - this constructor is effectively required since there is no default constructor to fall back to: public org.sonar.scanner.issue.IssueFilters(org.sonar.api.batch.fs.internal.DefaultInputProject)
INFO: Load project repositories
INFO: Load project repositories (done) | time=42ms
INFO: Indexing files...
INFO: Project configuration:
INFO: 101 files indexed
INFO: Quality profile for java: TCC
INFO: ------------- Run sensors on module TCC Snippets Final 3
INFO: Load metrics repository
INFO: Load metrics repository (done) | time=38ms
INFO: Sensor JavaSensor [java]
INFO: No rules with 'symbolic-execution' tag were enabled, the Symbolic Execution Engine will not run during the analysis.
INFO: Server-side caching is enabled. The Java analyzer will not try to leverage data from a previous analysis.
INFO: Using ECJ batch to parse 100 Main java source files with batch size 156 KB.
INFO: Starting batch processing.
INFO: The Java analyzer cannot skip unchanged files in this context. A full analysis is performed for all files.
INFO: 100% analyzed
INFO: Batch processing: Done.
INFO: Did not optimize analysis for any files, performed a full analysis for all 100 files.
WARN: Dependencies/libraries were not provided for analysis of SOURCE files. The 'sonar.java.libraries' property is empty. Verify your configuration, as you might end up with less precise results.
WARN: Unresolved imports/types have been detected during analysis. Enable DEBUG mode to see them.
WARN: Use of preview features have been detected during analysis. Enable DEBUG mode to see them.
INFO: No "Test" source files to scan.
INFO: No "Generated" source files to scan.
INFO: Sensor JavaSensor [java] (done) | time=7210ms
INFO: Sensor SurefireSensor [java]
INFO: parsing [/home/oscar/Área de trabalho/TCC-Artur-Jackson-e-Oscar-de-Brito--BaseMLCQ/sonar-trechos/generated-snippets-batch-run/target/surefire-reports]
INFO: Sensor SurefireSensor [java] (done) | time=2ms
INFO: Sensor JaCoCo XML Report Importer [jacoco]
INFO: 'sonar.coverage.jacoco.xmlReportPaths' is not defined. Using default locations: target/site/jacoco/jacoco.xml,target/site/jacoco-it/jacoco.xml,build/reports/jacoco/test/jacocoTestReport.xml
INFO: No report imported, no coverage information will be imported by JaCoCo XML Report Importer
INFO: Sensor JaCoCo XML Report Importer [jacoco] (done) | time=2ms
INFO: Sensor IaC Docker Sensor [iac]
INFO: 0 source files to be analyzed
INFO: 0/0 source files have been analyzed
INFO: Sensor IaC Docker Sensor [iac] (done) | time=109ms
INFO: Sensor TextAndSecretsSensor [text]
INFO: Available processors: 2
INFO: Using 2 threads for analysis.
INFO: 100 source files to be analyzed
INFO: 100/100 source files have been analyzed
INFO: Sensor TextAndSecretsSensor [text] (done) | time=1438ms
INFO: ------------- Run sensors on project
INFO: Sensor Zero Coverage Sensor
INFO: Sensor Zero Coverage Sensor (done) | time=78ms
INFO: Sensor Java CPD Block Indexer
INFO: Sensor Java CPD Block Indexer (done) | time=225ms
INFO: SCM Publisher SCM provider for this project is: git
INFO: SCM Publisher 100 source files to be analyzed
INFO: SCM Publisher 0/100 source files have been analyzed (done) | time=51ms
WARN: Missing blame information for the following files:
WARN:   * Snippet_5893758.java
WARN:   * Snippet_4772031.java
WARN:   * Snippet_6221363.java
WARN:   * Snippet_4953209.java
WARN:   * Snippet_4708154.java
WARN:   * Snippet_5233290.java
WARN:   * Snippet_5091269.java
WARN:   * Snippet_6772849.java
WARN:   * Snippet_7001897.java
WARN:   * Snippet_4449293.java
WARN:   * Snippet_4909332.java
WARN:   * Snippet_9413571.java
WARN:   * Snippet_8140898.java
WARN:   * Snippet_7093536.java
WARN:   * Snippet_7661107.java
WARN:   * Snippet_8314569.java
WARN:   * Snippet_3849158.java
WARN:   * Snippet_8501404.java
WARN:   * Snippet_9394464.java
WARN:   * Snippet_7720470.java
WARN:   * Snippet_6204790.java
WARN:   * Snippet_8232830.java
WARN:   * Snippet_7245995.java
WARN:   * Snippet_3799104.java
WARN:   * Snippet_8903716.java
WARN:   * Snippet_5898336.java
WARN:   * Snippet_4089742.java
WARN:   * Snippet_8144651.java
WARN:   * Snippet_7671918.java
WARN:   * Snippet_9405775.java
WARN:   * Snippet_9221780.java
WARN:   * Snippet_8118314.java
WARN:   * Snippet_7643210.java
WARN:   * Snippet_7375884.java
WARN:   * Snippet_7651598.java
WARN:   * Snippet_5434262.java
WARN:   * Snippet_9251958.java
WARN:   * Snippet_5763217.java
WARN:   * Snippet_9458075.java
WARN:   * Snippet_5534322.java
WARN:   * Snippet_3834247.java
WARN:   * Snippet_7732540.java
WARN:   * Snippet_8182379.java
WARN:   * Snippet_6323354.java
WARN:   * Snippet_6898198.java
WARN:   * Snippet_3797964.java
WARN:   * Snippet_5839980.java
WARN:   * Snippet_9453064.java
WARN:   * Snippet_7749788.java
WARN:   * Snippet_7437145.java
WARN:   * Snippet_5041287.java
WARN:   * Snippet_5767507.java
WARN:   * Snippet_7478608.java
WARN:   * Snippet_4661962.java
WARN:   * Snippet_3993530.java
WARN:   * Snippet_7168092.java
WARN:   * Snippet_7589426.java
WARN:   * Snippet_5460082.java
WARN:   * Snippet_6961928.java
WARN:   * Snippet_4309297.java
WARN:   * Snippet_4400338.java
WARN:   * Snippet_7037560.java
WARN:   * Snippet_8962194.java
WARN:   * Snippet_7349490.java
WARN:   * Snippet_7324520.java
WARN:   * Snippet_8421755.java
WARN:   * Snippet_7446120.java
WARN:   * Snippet_8971449.java
WARN:   * Snippet_5937629.java
WARN:   * Snippet_6329919.java
WARN:   * Snippet_4075287.java
WARN:   * Snippet_5732162.java
WARN:   * Snippet_5768014.java
WARN:   * Snippet_5418030.java
WARN:   * Snippet_9156673.java
WARN:   * Snippet_5467722.java
WARN:   * Snippet_6721230.java
WARN:   * Snippet_6287432.java
WARN:   * Snippet_5545552.java
WARN:   * Snippet_6234122.java
WARN:   * Snippet_4634029.java
WARN:   * Snippet_3722097.java
WARN:   * Snippet_6800794.java
WARN:   * Snippet_8953833.java
WARN:   * Snippet_8128905.java
WARN:   * Snippet_9457761.java
WARN:   * Snippet_3836401.java
WARN:   * Snippet_4668085.java
WARN:   * Snippet_7896708.java
WARN:   * Snippet_6167933.java
WARN:   * Snippet_8423835.java
WARN:   * Snippet_9394020.java
WARN:   * Snippet_3986050.java
WARN:   * Snippet_6703649.java
WARN:   * Snippet_5855589.java
WARN:   * Snippet_5923532.java
WARN:   * Snippet_5786929.java
WARN:   * Snippet_6016685.java
WARN:   * Snippet_7548776.java
WARN:   * Snippet_3940608.java
WARN: This may lead to missing/broken features in SonarQube
INFO: CPD Executor 56 files had no CPD blocks
INFO: CPD Executor Calculating CPD for 44 files
INFO: CPD Executor CPD calculation finished (done) | time=63ms
INFO: SCM revision ID '26261eff0fdfe0b82ee446873a05666cce5522df'
INFO: Analysis report generated in 137ms, dir size=866.4 kB
INFO: Analysis report compressed in 415ms, zip size=319.3 kB
INFO: Analysis report uploaded in 23ms
INFO: ANALYSIS SUCCESSFUL, you can find the results at: http://localhost:9000/dashboard?id=tcc-snippets-final-3
INFO: Note that you will be able to access the updated dashboard once the server has processed the submitted analysis report
INFO: More about the report processing at http://localhost:9000/api/ce/task?id=1c43a169-f51f-461f-b800-af02394656e4
INFO: Analysis total time: 20.336 s
INFO: ------------------------------------------------------------------------
INFO: EXECUTION SUCCESS
INFO: ------------------------------------------------------------------------
INFO: Total time: 23.389s
INFO: Final Memory: 19M/74M
INFO: ------------------------------------------------------------------------

================================================================================
[38/44] lote com 100 snippets
Arquivos:
Snippet_9209481.java
Snippet_9312050.java
Snippet_4072654.java
Snippet_6734039.java
Snippet_8510347.java
Snippet_5371806.java
Snippet_5459981.java
Snippet_5030132.java
Snippet_4792710.java
Snippet_9411658.java
Snippet_7501833.java
Snippet_4059685.java
Snippet_6030681.java
Snippet_5052657.java
Snippet_4817934.java
Snippet_7195523.java
Snippet_6315350.java
Snippet_6546066.java
Snippet_7783504.java
Snippet_7733996.java
Snippet_5075417.java
Snippet_7225000.java
Snippet_8180004.java
Snippet_4865255.java
Snippet_7659358.java
Snippet_4944991.java
Snippet_6117399.java
Snippet_6266289.java
Snippet_8279744.java
Snippet_7628549.java
Snippet_4431504.java
Snippet_8533230.java
Snippet_6080166.java
Snippet_8777301.java
Snippet_9474336.java
Snippet_8100520.java
Snippet_5959185.java
Snippet_6479689.java
Snippet_8501968.java
Snippet_8845708.java
Snippet_8003657.java
Snippet_7134420.java
Snippet_6052388.java
Snippet_8497990.java
Snippet_7681058.java
Snippet_5354961.java
Snippet_7049236.java
Snippet_6864294.java
Snippet_9136234.java
Snippet_7343807.java
Snippet_6213445.java
Snippet_7907062.java
Snippet_4302252.java
Snippet_6174968.java
Snippet_4257893.java
Snippet_8213437.java
Snippet_4875906.java
Snippet_6860284.java
Snippet_3931780.java
Snippet_6212569.java
Snippet_6535592.java
Snippet_7446885.java
Snippet_7929441.java
Snippet_4487581.java
Snippet_4694769.java
Snippet_9421191.java
Snippet_7784926.java
Snippet_4197431.java
Snippet_8435822.java
Snippet_7751163.java
Snippet_8274779.java
Snippet_7657534.java
Snippet_8507718.java
Snippet_3719020.java
Snippet_7405705.java
Snippet_7294593.java
Snippet_4367124.java
Snippet_4847006.java
Snippet_5810647.java
Snippet_6442866.java
Snippet_5735246.java
Snippet_7448715.java
Snippet_7526716.java
Snippet_4568919.java
Snippet_6957883.java
Snippet_7198785.java
Snippet_8437389.java
Snippet_5892646.java
Snippet_6173466.java
Snippet_4044091.java
Snippet_7747391.java
Snippet_8219824.java
Snippet_7127663.java
Snippet_6281757.java
Snippet_4849361.java
Snippet_3921684.java
Snippet_3820002.java
Snippet_4364662.java
Snippet_4594104.java
Snippet_8855150.java
INFO: Scanner configuration file: /home/oscar/sonar-scanner-5.0.1.3006-linux/conf/sonar-scanner.properties
INFO: Project root configuration file: /home/oscar/Área de trabalho/TCC-Artur-Jackson-e-Oscar-de-Brito--BaseMLCQ/sonar-trechos/generated-snippets-batch-run/sonar-project.properties
INFO: SonarScanner 5.0.1.3006
INFO: Java 17.0.7 Eclipse Adoptium (64-bit)
INFO: Linux 6.17.0-35-generic amd64
INFO: User cache: /home/oscar/.sonar/cache
INFO: Analyzing on SonarQube server 10.5.1.90531
INFO: Default locale: "pt_BR", source code encoding: "UTF-8"
INFO: Load global settings
INFO: Load global settings (done) | time=119ms
INFO: Server id: 147B411E-AZ1pIPMJY3k3y_epkpuj
INFO: User cache: /home/oscar/.sonar/cache
INFO: Loading required plugins
INFO: Load plugins index
INFO: Load plugins index (done) | time=53ms
INFO: Load/download plugins
INFO: Load/download plugins (done) | time=135ms
INFO: Process project properties
INFO: Process project properties (done) | time=18ms
INFO: Project key: tcc-snippets-final-3
INFO: Base dir: /home/oscar/Área de trabalho/TCC-Artur-Jackson-e-Oscar-de-Brito--BaseMLCQ/sonar-trechos/generated-snippets-batch-run
INFO: Working dir: /home/oscar/Área de trabalho/TCC-Artur-Jackson-e-Oscar-de-Brito--BaseMLCQ/sonar-trechos/generated-snippets-batch-run/.scannerwork
INFO: Load project settings for component key: 'tcc-snippets-final-3'
INFO: Load project settings for component key: 'tcc-snippets-final-3' (done) | time=31ms
INFO: Load quality profiles
INFO: Load quality profiles (done) | time=106ms
INFO: Load active rules
INFO: Load active rules (done) | time=7876ms
INFO: Load analysis cache
INFO: Load analysis cache (2.6 kB) | time=27ms
INFO: Preprocessing files...
INFO: 1 language detected in 101 preprocessed files
INFO: 0 files ignored because of scm ignore settings
INFO: Loading plugins for detected languages
INFO: Load/download plugins
INFO: Load/download plugins (done) | time=13ms
INFO: Inconsistent constructor declaration on bean with name 'org.sonarsource.scanner.api.internal.IsolatedClassloader@1a1d6a08-org.sonar.scanner.issue.IssueFilters': single autowire-marked constructor flagged as optional - this constructor is effectively required since there is no default constructor to fall back to: public org.sonar.scanner.issue.IssueFilters(org.sonar.api.batch.fs.internal.DefaultInputProject)
INFO: Load project repositories
INFO: Load project repositories (done) | time=69ms
INFO: Indexing files...
INFO: Project configuration:
INFO: 101 files indexed
INFO: Quality profile for java: TCC
INFO: ------------- Run sensors on module TCC Snippets Final 3
INFO: Load metrics repository
INFO: Load metrics repository (done) | time=78ms
INFO: Sensor JavaSensor [java]
INFO: No rules with 'symbolic-execution' tag were enabled, the Symbolic Execution Engine will not run during the analysis.
INFO: Server-side caching is enabled. The Java analyzer will not try to leverage data from a previous analysis.
INFO: Using ECJ batch to parse 100 Main java source files with batch size 156 KB.
INFO: Starting batch processing.
INFO: The Java analyzer cannot skip unchanged files in this context. A full analysis is performed for all files.
INFO: 100% analyzed
INFO: Batch processing: Done.
INFO: Did not optimize analysis for any files, performed a full analysis for all 100 files.
WARN: Dependencies/libraries were not provided for analysis of SOURCE files. The 'sonar.java.libraries' property is empty. Verify your configuration, as you might end up with less precise results.
WARN: Unresolved imports/types have been detected during analysis. Enable DEBUG mode to see them.
WARN: Use of preview features have been detected during analysis. Enable DEBUG mode to see them.
INFO: No "Test" source files to scan.
INFO: No "Generated" source files to scan.
INFO: Sensor JavaSensor [java] (done) | time=4676ms
INFO: Sensor SurefireSensor [java]
INFO: parsing [/home/oscar/Área de trabalho/TCC-Artur-Jackson-e-Oscar-de-Brito--BaseMLCQ/sonar-trechos/generated-snippets-batch-run/target/surefire-reports]
INFO: Sensor SurefireSensor [java] (done) | time=3ms
INFO: Sensor JaCoCo XML Report Importer [jacoco]
INFO: 'sonar.coverage.jacoco.xmlReportPaths' is not defined. Using default locations: target/site/jacoco/jacoco.xml,target/site/jacoco-it/jacoco.xml,build/reports/jacoco/test/jacocoTestReport.xml
INFO: No report imported, no coverage information will be imported by JaCoCo XML Report Importer
INFO: Sensor JaCoCo XML Report Importer [jacoco] (done) | time=3ms
INFO: Sensor IaC Docker Sensor [iac]
INFO: 0 source files to be analyzed
INFO: 0/0 source files have been analyzed
INFO: Sensor IaC Docker Sensor [iac] (done) | time=151ms
INFO: Sensor TextAndSecretsSensor [text]
INFO: Available processors: 2
INFO: Using 2 threads for analysis.
INFO: 100 source files to be analyzed
INFO: 100/100 source files have been analyzed
INFO: Sensor TextAndSecretsSensor [text] (done) | time=1326ms
INFO: ------------- Run sensors on project
INFO: Sensor Zero Coverage Sensor
INFO: Sensor Zero Coverage Sensor (done) | time=47ms
INFO: Sensor Java CPD Block Indexer
INFO: Sensor Java CPD Block Indexer (done) | time=247ms
INFO: SCM Publisher SCM provider for this project is: git
INFO: SCM Publisher 100 source files to be analyzed
INFO: SCM Publisher 0/100 source files have been analyzed (done) | time=70ms
WARN: Missing blame information for the following files:
WARN:   * Snippet_4792710.java
WARN:   * Snippet_5354961.java
WARN:   * Snippet_4431504.java
WARN:   * Snippet_7733996.java
WARN:   * Snippet_7628549.java
WARN:   * Snippet_5371806.java
WARN:   * Snippet_4594104.java
WARN:   * Snippet_8855150.java
WARN:   * Snippet_9209481.java
WARN:   * Snippet_7526716.java
WARN:   * Snippet_6442866.java
WARN:   * Snippet_7929441.java
WARN:   * Snippet_7225000.java
WARN:   * Snippet_7049236.java
WARN:   * Snippet_6479689.java
WARN:   * Snippet_5052657.java
WARN:   * Snippet_4944991.java
WARN:   * Snippet_7659358.java
WARN:   * Snippet_7783504.java
WARN:   * Snippet_5030132.java
WARN:   * Snippet_7446885.java
WARN:   * Snippet_6266289.java
WARN:   * Snippet_3931780.java
WARN:   * Snippet_9312050.java
WARN:   * Snippet_6864294.java
WARN:   * Snippet_6213445.java
WARN:   * Snippet_4817934.java
WARN:   * Snippet_7343807.java
WARN:   * Snippet_6052388.java
WARN:   * Snippet_8777301.java
WARN:   * Snippet_8501968.java
WARN:   * Snippet_4487581.java
WARN:   * Snippet_7198785.java
WARN:   * Snippet_4059685.java
WARN:   * Snippet_8510347.java
WARN:   * Snippet_7681058.java
WARN:   * Snippet_7405705.java
WARN:   * Snippet_6212569.java
WARN:   * Snippet_5810647.java
WARN:   * Snippet_6315350.java
WARN:   * Snippet_4072654.java
WARN:   * Snippet_4865255.java
WARN:   * Snippet_4197431.java
WARN:   * Snippet_3921684.java
WARN:   * Snippet_8279744.java
WARN:   * Snippet_6080166.java
WARN:   * Snippet_8219824.java
WARN:   * Snippet_7195523.java
WARN:   * Snippet_6174968.java
WARN:   * Snippet_8100520.java
WARN:   * Snippet_5959185.java
WARN:   * Snippet_7127663.java
WARN:   * Snippet_8435822.java
WARN:   * Snippet_7501833.java
WARN:   * Snippet_7784926.java
WARN:   * Snippet_4875906.java
WARN:   * Snippet_6535592.java
WARN:   * Snippet_8507718.java
WARN:   * Snippet_5735246.java
WARN:   * Snippet_8533230.java
WARN:   * Snippet_8437389.java
WARN:   * Snippet_8845708.java
WARN:   * Snippet_8274779.java
WARN:   * Snippet_9136234.java
WARN:   * Snippet_6860284.java
WARN:   * Snippet_6173466.java
WARN:   * Snippet_3820002.java
WARN:   * Snippet_4257893.java
WARN:   * Snippet_5075417.java
WARN:   * Snippet_6957883.java
WARN:   * Snippet_4694769.java
WARN:   * Snippet_7747391.java
WARN:   * Snippet_4849361.java
WARN:   * Snippet_6117399.java
WARN:   * Snippet_4847006.java
WARN:   * Snippet_4568919.java
WARN:   * Snippet_7751163.java
WARN:   * Snippet_6030681.java
WARN:   * Snippet_6546066.java
WARN:   * Snippet_3719020.java
WARN:   * Snippet_4367124.java
WARN:   * Snippet_8003657.java
WARN:   * Snippet_7448715.java
WARN:   * Snippet_6281757.java
WARN:   * Snippet_6734039.java
WARN:   * Snippet_7294593.java
WARN:   * Snippet_8497990.java
WARN:   * Snippet_7657534.java
WARN:   * Snippet_4364662.java
WARN:   * Snippet_9411658.java
WARN:   * Snippet_5892646.java
WARN:   * Snippet_9474336.java
WARN:   * Snippet_8213437.java
WARN:   * Snippet_4302252.java
WARN:   * Snippet_7907062.java
WARN:   * Snippet_4044091.java
WARN:   * Snippet_8180004.java
WARN:   * Snippet_5459981.java
WARN:   * Snippet_7134420.java
WARN:   * Snippet_9421191.java
WARN: This may lead to missing/broken features in SonarQube
INFO: CPD Executor 45 files had no CPD blocks
INFO: CPD Executor Calculating CPD for 55 files
INFO: CPD Executor CPD calculation finished (done) | time=33ms
INFO: SCM revision ID '26261eff0fdfe0b82ee446873a05666cce5522df'
INFO: Analysis report generated in 177ms, dir size=472.9 kB
INFO: Analysis report compressed in 317ms, zip size=226.1 kB
INFO: Analysis report uploaded in 60ms
INFO: ANALYSIS SUCCESSFUL, you can find the results at: http://localhost:9000/dashboard?id=tcc-snippets-final-3
INFO: Note that you will be able to access the updated dashboard once the server has processed the submitted analysis report
INFO: More about the report processing at http://localhost:9000/api/ce/task?id=62fa858a-d911-40fb-9b67-74f213df5110
INFO: Analysis total time: 19.769 s
INFO: ------------------------------------------------------------------------
INFO: EXECUTION SUCCESS
INFO: ------------------------------------------------------------------------
INFO: Total time: 22.535s
INFO: Final Memory: 18M/74M
INFO: ------------------------------------------------------------------------

================================================================================
[39/44] lote com 100 snippets
Arquivos:
Snippet_4735672.java
Snippet_5319003.java
Snippet_7357470.java
Snippet_4794391.java
Snippet_7658621.java
Snippet_8025832.java
Snippet_4131952.java
Snippet_5456180.java
Snippet_7156185.java
Snippet_7205422.java
Snippet_7326860.java
Snippet_6522676.java
Snippet_5129580.java
Snippet_4095182.java
Snippet_7301073.java
Snippet_4462446.java
Snippet_7593524.java
Snippet_8968865.java
Snippet_8559249.java
Snippet_7880048.java
Snippet_6259739.java
Snippet_6512007.java
Snippet_4668044.java
Snippet_7372146.java
Snippet_6051731.java
Snippet_8998802.java
Snippet_6213525.java
Snippet_5392183.java
Snippet_7290109.java
Snippet_7110627.java
Snippet_6982865.java
Snippet_7810274.java
Snippet_8971685.java
Snippet_8966555.java
Snippet_5150385.java
Snippet_5264883.java
Snippet_3698602.java
Snippet_8132817.java
Snippet_6816458.java
Snippet_5845274.java
Snippet_5245618.java
Snippet_6921162.java
Snippet_7141504.java
Snippet_9537065.java
Snippet_8564748.java
Snippet_7645267.java
Snippet_7373999.java
Snippet_5702958.java
Snippet_7332291.java
Snippet_5925637.java
Snippet_4556348.java
Snippet_4283493.java
Snippet_6847809.java
Snippet_5210111.java
Snippet_7451343.java
Snippet_5832025.java
Snippet_5414612.java
Snippet_5857422.java
Snippet_8963823.java
Snippet_5310114.java
Snippet_6492058.java
Snippet_5242909.java
Snippet_8543153.java
Snippet_7533683.java
Snippet_4273565.java
Snippet_8213293.java
Snippet_9094711.java
Snippet_5333655.java
Snippet_7179618.java
Snippet_9302532.java
Snippet_8649493.java
Snippet_7327189.java
Snippet_4038375.java
Snippet_5989223.java
Snippet_5621210.java
Snippet_4582889.java
Snippet_7356604.java
Snippet_7595459.java
Snippet_7621803.java
Snippet_8791597.java
Snippet_7529982.java
Snippet_7402299.java
Snippet_6706164.java
Snippet_7939585.java
Snippet_9201031.java
Snippet_6538820.java
Snippet_3699849.java
Snippet_6016779.java
Snippet_7484147.java
Snippet_3918287.java
Snippet_4924493.java
Snippet_4549169.java
Snippet_6967137.java
Snippet_8539645.java
Snippet_5739211.java
Snippet_4234040.java
Snippet_6512990.java
Snippet_7108794.java
Snippet_6016987.java
Snippet_5333354.java
INFO: Scanner configuration file: /home/oscar/sonar-scanner-5.0.1.3006-linux/conf/sonar-scanner.properties
INFO: Project root configuration file: /home/oscar/Área de trabalho/TCC-Artur-Jackson-e-Oscar-de-Brito--BaseMLCQ/sonar-trechos/generated-snippets-batch-run/sonar-project.properties
INFO: SonarScanner 5.0.1.3006
INFO: Java 17.0.7 Eclipse Adoptium (64-bit)
INFO: Linux 6.17.0-35-generic amd64
INFO: User cache: /home/oscar/.sonar/cache
INFO: Analyzing on SonarQube server 10.5.1.90531
INFO: Default locale: "pt_BR", source code encoding: "UTF-8"
INFO: Load global settings
INFO: Load global settings (done) | time=111ms
INFO: Server id: 147B411E-AZ1pIPMJY3k3y_epkpuj
INFO: User cache: /home/oscar/.sonar/cache
INFO: Loading required plugins
INFO: Load plugins index
INFO: Load plugins index (done) | time=58ms
INFO: Load/download plugins
INFO: Load/download plugins (done) | time=129ms
INFO: Process project properties
INFO: Process project properties (done) | time=16ms
INFO: Project key: tcc-snippets-final-3
INFO: Base dir: /home/oscar/Área de trabalho/TCC-Artur-Jackson-e-Oscar-de-Brito--BaseMLCQ/sonar-trechos/generated-snippets-batch-run
INFO: Working dir: /home/oscar/Área de trabalho/TCC-Artur-Jackson-e-Oscar-de-Brito--BaseMLCQ/sonar-trechos/generated-snippets-batch-run/.scannerwork
INFO: Load project settings for component key: 'tcc-snippets-final-3'
INFO: Load project settings for component key: 'tcc-snippets-final-3' (done) | time=21ms
INFO: Load quality profiles
INFO: Load quality profiles (done) | time=134ms
INFO: Load active rules
INFO: Load active rules (done) | time=7214ms
INFO: Load analysis cache
INFO: Load analysis cache (2.6 kB) | time=21ms
INFO: Preprocessing files...
INFO: 1 language detected in 101 preprocessed files
INFO: 0 files ignored because of scm ignore settings
INFO: Loading plugins for detected languages
INFO: Load/download plugins
INFO: Load/download plugins (done) | time=10ms
INFO: Inconsistent constructor declaration on bean with name 'org.sonarsource.scanner.api.internal.IsolatedClassloader@1a1d6a08-org.sonar.scanner.issue.IssueFilters': single autowire-marked constructor flagged as optional - this constructor is effectively required since there is no default constructor to fall back to: public org.sonar.scanner.issue.IssueFilters(org.sonar.api.batch.fs.internal.DefaultInputProject)
INFO: Load project repositories
INFO: Load project repositories (done) | time=48ms
INFO: Indexing files...
INFO: Project configuration:
INFO: 101 files indexed
INFO: Quality profile for java: TCC
INFO: ------------- Run sensors on module TCC Snippets Final 3
INFO: Load metrics repository
INFO: Load metrics repository (done) | time=143ms
INFO: Sensor JavaSensor [java]
INFO: No rules with 'symbolic-execution' tag were enabled, the Symbolic Execution Engine will not run during the analysis.
INFO: Server-side caching is enabled. The Java analyzer will not try to leverage data from a previous analysis.
INFO: Using ECJ batch to parse 100 Main java source files with batch size 156 KB.
INFO: Starting batch processing.
INFO: The Java analyzer cannot skip unchanged files in this context. A full analysis is performed for all files.
INFO: 100% analyzed
INFO: Batch processing: Done.
INFO: Did not optimize analysis for any files, performed a full analysis for all 100 files.
WARN: Dependencies/libraries were not provided for analysis of SOURCE files. The 'sonar.java.libraries' property is empty. Verify your configuration, as you might end up with less precise results.
WARN: Unresolved imports/types have been detected during analysis. Enable DEBUG mode to see them.
WARN: Use of preview features have been detected during analysis. Enable DEBUG mode to see them.
INFO: No "Test" source files to scan.
INFO: No "Generated" source files to scan.
INFO: Sensor JavaSensor [java] (done) | time=5042ms
INFO: Sensor SurefireSensor [java]
INFO: parsing [/home/oscar/Área de trabalho/TCC-Artur-Jackson-e-Oscar-de-Brito--BaseMLCQ/sonar-trechos/generated-snippets-batch-run/target/surefire-reports]
INFO: Sensor SurefireSensor [java] (done) | time=2ms
INFO: Sensor JaCoCo XML Report Importer [jacoco]
INFO: 'sonar.coverage.jacoco.xmlReportPaths' is not defined. Using default locations: target/site/jacoco/jacoco.xml,target/site/jacoco-it/jacoco.xml,build/reports/jacoco/test/jacocoTestReport.xml
INFO: No report imported, no coverage information will be imported by JaCoCo XML Report Importer
INFO: Sensor JaCoCo XML Report Importer [jacoco] (done) | time=2ms
INFO: Sensor IaC Docker Sensor [iac]
INFO: 0 source files to be analyzed
INFO: 0/0 source files have been analyzed
INFO: Sensor IaC Docker Sensor [iac] (done) | time=91ms
INFO: Sensor TextAndSecretsSensor [text]
INFO: Available processors: 2
INFO: Using 2 threads for analysis.
INFO: 100 source files to be analyzed
INFO: 100/100 source files have been analyzed
INFO: Sensor TextAndSecretsSensor [text] (done) | time=1476ms
INFO: ------------- Run sensors on project
INFO: Sensor Zero Coverage Sensor
INFO: Sensor Zero Coverage Sensor (done) | time=50ms
INFO: Sensor Java CPD Block Indexer
INFO: Sensor Java CPD Block Indexer (done) | time=148ms
INFO: SCM Publisher SCM provider for this project is: git
INFO: SCM Publisher 100 source files to be analyzed
INFO: SCM Publisher 0/100 source files have been analyzed (done) | time=54ms
WARN: Missing blame information for the following files:
WARN:   * Snippet_7880048.java
WARN:   * Snippet_9302532.java
WARN:   * Snippet_7621803.java
WARN:   * Snippet_7402299.java
WARN:   * Snippet_5333354.java
WARN:   * Snippet_7593524.java
WARN:   * Snippet_6213525.java
WARN:   * Snippet_8132817.java
WARN:   * Snippet_6512007.java
WARN:   * Snippet_7939585.java
WARN:   * Snippet_4924493.java
WARN:   * Snippet_7529982.java
WARN:   * Snippet_8971685.java
WARN:   * Snippet_8966555.java
WARN:   * Snippet_4273565.java
WARN:   * Snippet_5925637.java
WARN:   * Snippet_5702958.java
WARN:   * Snippet_4582889.java
WARN:   * Snippet_7357470.java
WARN:   * Snippet_8213293.java
WARN:   * Snippet_5857422.java
WARN:   * Snippet_7595459.java
WARN:   * Snippet_5242909.java
WARN:   * Snippet_4283493.java
WARN:   * Snippet_9094711.java
WARN:   * Snippet_7533683.java
WARN:   * Snippet_6816458.java
WARN:   * Snippet_8791597.java
WARN:   * Snippet_5150385.java
WARN:   * Snippet_8539645.java
WARN:   * Snippet_7373999.java
WARN:   * Snippet_7327189.java
WARN:   * Snippet_7290109.java
WARN:   * Snippet_5319003.java
WARN:   * Snippet_7141504.java
WARN:   * Snippet_3698602.java
WARN:   * Snippet_8559249.java
WARN:   * Snippet_4549169.java
WARN:   * Snippet_5210111.java
WARN:   * Snippet_7451343.java
WARN:   * Snippet_7108794.java
WARN:   * Snippet_5129580.java
WARN:   * Snippet_5832025.java
WARN:   * Snippet_5333655.java
WARN:   * Snippet_7356604.java
WARN:   * Snippet_5392183.java
WARN:   * Snippet_9201031.java
WARN:   * Snippet_4462446.java
WARN:   * Snippet_7372146.java
WARN:   * Snippet_7110627.java
WARN:   * Snippet_7658621.java
WARN:   * Snippet_4095182.java
WARN:   * Snippet_7326860.java
WARN:   * Snippet_6492058.java
WARN:   * Snippet_7156185.java
WARN:   * Snippet_8025832.java
WARN:   * Snippet_5264883.java
WARN:   * Snippet_6967137.java
WARN:   * Snippet_6538820.java
WARN:   * Snippet_6982865.java
WARN:   * Snippet_8649493.java
WARN:   * Snippet_7205422.java
WARN:   * Snippet_5845274.java
WARN:   * Snippet_7332291.java
WARN:   * Snippet_7484147.java
WARN:   * Snippet_6847809.java
WARN:   * Snippet_7645267.java
WARN:   * Snippet_6522676.java
WARN:   * Snippet_8968865.java
WARN:   * Snippet_7810274.java
WARN:   * Snippet_4234040.java
WARN:   * Snippet_5621210.java
WARN:   * Snippet_4794391.java
WARN:   * Snippet_8543153.java
WARN:   * Snippet_9537065.java
WARN:   * Snippet_5456180.java
WARN:   * Snippet_5739211.java
WARN:   * Snippet_5310114.java
WARN:   * Snippet_5245618.java
WARN:   * Snippet_6706164.java
WARN:   * Snippet_4556348.java
WARN:   * Snippet_8963823.java
WARN:   * Snippet_4131952.java
WARN:   * Snippet_8998802.java
WARN:   * Snippet_6259739.java
WARN:   * Snippet_3918287.java
WARN:   * Snippet_4735672.java
WARN:   * Snippet_6921162.java
WARN:   * Snippet_4038375.java
WARN:   * Snippet_6051731.java
WARN:   * Snippet_3699849.java
WARN:   * Snippet_5989223.java
WARN:   * Snippet_8564748.java
WARN:   * Snippet_7179618.java
WARN:   * Snippet_4668044.java
WARN:   * Snippet_6016987.java
WARN:   * Snippet_6016779.java
WARN:   * Snippet_7301073.java
WARN:   * Snippet_5414612.java
WARN:   * Snippet_6512990.java
WARN: This may lead to missing/broken features in SonarQube
INFO: CPD Executor 45 files had no CPD blocks
INFO: CPD Executor Calculating CPD for 55 files
INFO: CPD Executor CPD calculation finished (done) | time=36ms
INFO: SCM revision ID '26261eff0fdfe0b82ee446873a05666cce5522df'
INFO: Analysis report generated in 106ms, dir size=676.7 kB
INFO: Analysis report compressed in 310ms, zip size=279.2 kB
INFO: Analysis report uploaded in 67ms
INFO: ANALYSIS SUCCESSFUL, you can find the results at: http://localhost:9000/dashboard?id=tcc-snippets-final-3
INFO: Note that you will be able to access the updated dashboard once the server has processed the submitted analysis report
INFO: More about the report processing at http://localhost:9000/api/ce/task?id=f46a7abe-62f5-4f27-a052-b8619dd7e401
INFO: Analysis total time: 19.266 s
INFO: ------------------------------------------------------------------------
INFO: EXECUTION SUCCESS
INFO: ------------------------------------------------------------------------
INFO: Total time: 22.398s
INFO: Final Memory: 18M/74M
INFO: ------------------------------------------------------------------------

================================================================================
[40/44] lote com 100 snippets
Arquivos:
Snippet_7812575.java
Snippet_7564248.java
Snippet_5510584.java
Snippet_6010190.java
Snippet_7065127.java
Snippet_4207492.java
Snippet_3879673.java
Snippet_4993120.java
Snippet_6984118.java
Snippet_4499277.java
Snippet_4960036.java
Snippet_8410032.java
Snippet_9092553.java
Snippet_3839517.java
Snippet_8785814.java
Snippet_5437215.java
Snippet_6661908.java
Snippet_8195539.java
Snippet_7376354.java
Snippet_5812130.java
Snippet_6501266.java
Snippet_7236664.java
Snippet_5542756.java
Snippet_9409891.java
Snippet_7761185.java
Snippet_4035683.java
Snippet_8292673.java
Snippet_5097365.java
Snippet_5421299.java
Snippet_5802620.java
Snippet_4558704.java
Snippet_7306360.java
Snippet_3817323.java
Snippet_9369034.java
Snippet_4747481.java
Snippet_8335195.java
Snippet_7883291.java
Snippet_8031279.java
Snippet_5275875.java
Snippet_5533033.java
Snippet_9279084.java
Snippet_8629477.java
Snippet_8008599.java
Snippet_4594723.java
Snippet_4721410.java
Snippet_6245494.java
Snippet_8264635.java
Snippet_3881454.java
Snippet_8347642.java
Snippet_5728323.java
Snippet_4206321.java
Snippet_7460730.java
Snippet_7828511.java
Snippet_4431712.java
Snippet_4999218.java
Snippet_4869703.java
Snippet_8953503.java
Snippet_7590824.java
Snippet_8292656.java
Snippet_7353142.java
Snippet_9198380.java
Snippet_5871795.java
Snippet_8733390.java
Snippet_7792893.java
Snippet_5440125.java
Snippet_9451809.java
Snippet_7594427.java
Snippet_4500508.java
Snippet_3822072.java
Snippet_5875400.java
Snippet_8424426.java
Snippet_4496060.java
Snippet_7980032.java
Snippet_7902148.java
Snippet_4435794.java
Snippet_8293792.java
Snippet_4801902.java
Snippet_8728404.java
Snippet_8673459.java
Snippet_4405841.java
Snippet_7652241.java
Snippet_7161125.java
Snippet_5845283.java
Snippet_8395860.java
Snippet_8432784.java
Snippet_6870293.java
Snippet_7787478.java
Snippet_5559770.java
Snippet_4184807.java
Snippet_7341316.java
Snippet_9489554.java
Snippet_7381763.java
Snippet_4652198.java
Snippet_5585822.java
Snippet_8537951.java
Snippet_3891048.java
Snippet_8276759.java
Snippet_8960720.java
Snippet_7886445.java
Snippet_8748649.java
INFO: Scanner configuration file: /home/oscar/sonar-scanner-5.0.1.3006-linux/conf/sonar-scanner.properties
INFO: Project root configuration file: /home/oscar/Área de trabalho/TCC-Artur-Jackson-e-Oscar-de-Brito--BaseMLCQ/sonar-trechos/generated-snippets-batch-run/sonar-project.properties
INFO: SonarScanner 5.0.1.3006
INFO: Java 17.0.7 Eclipse Adoptium (64-bit)
INFO: Linux 6.17.0-35-generic amd64
INFO: User cache: /home/oscar/.sonar/cache
INFO: Analyzing on SonarQube server 10.5.1.90531
INFO: Default locale: "pt_BR", source code encoding: "UTF-8"
INFO: Load global settings
INFO: Load global settings (done) | time=198ms
INFO: Server id: 147B411E-AZ1pIPMJY3k3y_epkpuj
INFO: User cache: /home/oscar/.sonar/cache
INFO: Loading required plugins
INFO: Load plugins index
INFO: Load plugins index (done) | time=90ms
INFO: Load/download plugins
INFO: Load/download plugins (done) | time=108ms
INFO: Process project properties
INFO: Process project properties (done) | time=13ms
INFO: Project key: tcc-snippets-final-3
INFO: Base dir: /home/oscar/Área de trabalho/TCC-Artur-Jackson-e-Oscar-de-Brito--BaseMLCQ/sonar-trechos/generated-snippets-batch-run
INFO: Working dir: /home/oscar/Área de trabalho/TCC-Artur-Jackson-e-Oscar-de-Brito--BaseMLCQ/sonar-trechos/generated-snippets-batch-run/.scannerwork
INFO: Load project settings for component key: 'tcc-snippets-final-3'
INFO: Load project settings for component key: 'tcc-snippets-final-3' (done) | time=42ms
INFO: Load quality profiles
INFO: Load quality profiles (done) | time=97ms
INFO: Load active rules
INFO: Load active rules (done) | time=7777ms
INFO: Load analysis cache
INFO: Load analysis cache (2.6 kB) | time=36ms
INFO: Preprocessing files...
INFO: 1 language detected in 101 preprocessed files
INFO: 0 files ignored because of scm ignore settings
INFO: Loading plugins for detected languages
INFO: Load/download plugins
INFO: Load/download plugins (done) | time=11ms
INFO: Inconsistent constructor declaration on bean with name 'org.sonarsource.scanner.api.internal.IsolatedClassloader@1a1d6a08-org.sonar.scanner.issue.IssueFilters': single autowire-marked constructor flagged as optional - this constructor is effectively required since there is no default constructor to fall back to: public org.sonar.scanner.issue.IssueFilters(org.sonar.api.batch.fs.internal.DefaultInputProject)
INFO: Load project repositories
INFO: Load project repositories (done) | time=41ms
INFO: Indexing files...
INFO: Project configuration:
INFO: 101 files indexed
INFO: Quality profile for java: TCC
INFO: ------------- Run sensors on module TCC Snippets Final 3
INFO: Load metrics repository
INFO: Load metrics repository (done) | time=44ms
INFO: Sensor JavaSensor [java]
INFO: No rules with 'symbolic-execution' tag were enabled, the Symbolic Execution Engine will not run during the analysis.
INFO: Server-side caching is enabled. The Java analyzer will not try to leverage data from a previous analysis.
INFO: Using ECJ batch to parse 100 Main java source files with batch size 156 KB.
INFO: Starting batch processing.
INFO: The Java analyzer cannot skip unchanged files in this context. A full analysis is performed for all files.
INFO: 100% analyzed
INFO: Batch processing: Done.
INFO: Did not optimize analysis for any files, performed a full analysis for all 100 files.
WARN: Dependencies/libraries were not provided for analysis of SOURCE files. The 'sonar.java.libraries' property is empty. Verify your configuration, as you might end up with less precise results.
WARN: Unresolved imports/types have been detected during analysis. Enable DEBUG mode to see them.
WARN: Use of preview features have been detected during analysis. Enable DEBUG mode to see them.
INFO: No "Test" source files to scan.
INFO: No "Generated" source files to scan.
INFO: Sensor JavaSensor [java] (done) | time=5483ms
INFO: Sensor SurefireSensor [java]
INFO: parsing [/home/oscar/Área de trabalho/TCC-Artur-Jackson-e-Oscar-de-Brito--BaseMLCQ/sonar-trechos/generated-snippets-batch-run/target/surefire-reports]
INFO: Sensor SurefireSensor [java] (done) | time=9ms
INFO: Sensor JaCoCo XML Report Importer [jacoco]
INFO: 'sonar.coverage.jacoco.xmlReportPaths' is not defined. Using default locations: target/site/jacoco/jacoco.xml,target/site/jacoco-it/jacoco.xml,build/reports/jacoco/test/jacocoTestReport.xml
INFO: No report imported, no coverage information will be imported by JaCoCo XML Report Importer
INFO: Sensor JaCoCo XML Report Importer [jacoco] (done) | time=2ms
INFO: Sensor IaC Docker Sensor [iac]
INFO: 0 source files to be analyzed
INFO: 0/0 source files have been analyzed
INFO: Sensor IaC Docker Sensor [iac] (done) | time=119ms
INFO: Sensor TextAndSecretsSensor [text]
INFO: Available processors: 2
INFO: Using 2 threads for analysis.
INFO: 100 source files to be analyzed
INFO: 100/100 source files have been analyzed
INFO: Sensor TextAndSecretsSensor [text] (done) | time=1633ms
INFO: ------------- Run sensors on project
INFO: Sensor Zero Coverage Sensor
INFO: Sensor Zero Coverage Sensor (done) | time=89ms
INFO: Sensor Java CPD Block Indexer
INFO: Sensor Java CPD Block Indexer (done) | time=228ms
INFO: SCM Publisher SCM provider for this project is: git
INFO: SCM Publisher 100 source files to be analyzed
INFO: SCM Publisher 0/100 source files have been analyzed (done) | time=70ms
WARN: Missing blame information for the following files:
WARN:   * Snippet_4652198.java
WARN:   * Snippet_9369034.java
WARN:   * Snippet_7980032.java
WARN:   * Snippet_5510584.java
WARN:   * Snippet_7812575.java
WARN:   * Snippet_4747481.java
WARN:   * Snippet_4801902.java
WARN:   * Snippet_8335195.java
WARN:   * Snippet_7236664.java
WARN:   * Snippet_6984118.java
WARN:   * Snippet_3891048.java
WARN:   * Snippet_4435794.java
WARN:   * Snippet_4869703.java
WARN:   * Snippet_9198380.java
WARN:   * Snippet_5559770.java
WARN:   * Snippet_6010190.java
WARN:   * Snippet_7590824.java
WARN:   * Snippet_4999218.java
WARN:   * Snippet_4960036.java
WARN:   * Snippet_3839517.java
WARN:   * Snippet_8785814.java
WARN:   * Snippet_8395860.java
WARN:   * Snippet_8629477.java
WARN:   * Snippet_6870293.java
WARN:   * Snippet_9409891.java
WARN:   * Snippet_4496060.java
WARN:   * Snippet_6501266.java
WARN:   * Snippet_8960720.java
WARN:   * Snippet_5533033.java
WARN:   * Snippet_6661908.java
WARN:   * Snippet_7652241.java
WARN:   * Snippet_8195539.java
WARN:   * Snippet_8424426.java
WARN:   * Snippet_5437215.java
WARN:   * Snippet_7761185.java
WARN:   * Snippet_4558704.java
WARN:   * Snippet_8276759.java
WARN:   * Snippet_7353142.java
WARN:   * Snippet_4405841.java
WARN:   * Snippet_8292656.java
WARN:   * Snippet_3817323.java
WARN:   * Snippet_5440125.java
WARN:   * Snippet_7306360.java
WARN:   * Snippet_7376354.java
WARN:   * Snippet_5845283.java
WARN:   * Snippet_3879673.java
WARN:   * Snippet_7460730.java
WARN:   * Snippet_5585822.java
WARN:   * Snippet_4431712.java
WARN:   * Snippet_7065127.java
WARN:   * Snippet_4184807.java
WARN:   * Snippet_9092553.java
WARN:   * Snippet_5871795.java
WARN:   * Snippet_4721410.java
WARN:   * Snippet_7594427.java
WARN:   * Snippet_8410032.java
WARN:   * Snippet_4206321.java
WARN:   * Snippet_7792893.java
WARN:   * Snippet_7828511.java
WARN:   * Snippet_8728404.java
WARN:   * Snippet_7381763.java
WARN:   * Snippet_5728323.java
WARN:   * Snippet_5802620.java
WARN:   * Snippet_6245494.java
WARN:   * Snippet_4035683.java
WARN:   * Snippet_5275875.java
WARN:   * Snippet_8031279.java
WARN:   * Snippet_7161125.java
WARN:   * Snippet_7883291.java
WARN:   * Snippet_3881454.java
WARN:   * Snippet_4207492.java
WARN:   * Snippet_9451809.java
WARN:   * Snippet_8264635.java
WARN:   * Snippet_7564248.java
WARN:   * Snippet_3822072.java
WARN:   * Snippet_8748649.java
WARN:   * Snippet_8432784.java
WARN:   * Snippet_8953503.java
WARN:   * Snippet_4500508.java
WARN:   * Snippet_7902148.java
WARN:   * Snippet_7787478.java
WARN:   * Snippet_4499277.java
WARN:   * Snippet_8292673.java
WARN:   * Snippet_8293792.java
WARN:   * Snippet_5421299.java
WARN:   * Snippet_5812130.java
WARN:   * Snippet_4993120.java
WARN:   * Snippet_4594723.java
WARN:   * Snippet_8673459.java
WARN:   * Snippet_8347642.java
WARN:   * Snippet_8008599.java
WARN:   * Snippet_7886445.java
WARN:   * Snippet_5542756.java
WARN:   * Snippet_7341316.java
WARN:   * Snippet_8537951.java
WARN:   * Snippet_8733390.java
WARN:   * Snippet_5097365.java
WARN:   * Snippet_5875400.java
WARN:   * Snippet_9489554.java
WARN:   * Snippet_9279084.java
WARN: This may lead to missing/broken features in SonarQube
INFO: CPD Executor 43 files had no CPD blocks
INFO: CPD Executor Calculating CPD for 57 files
INFO: CPD Executor CPD calculation finished (done) | time=37ms
INFO: SCM revision ID '26261eff0fdfe0b82ee446873a05666cce5522df'
INFO: Analysis report generated in 163ms, dir size=630.7 kB
INFO: Analysis report compressed in 376ms, zip size=270.9 kB
INFO: Analysis report uploaded in 63ms
INFO: ANALYSIS SUCCESSFUL, you can find the results at: http://localhost:9000/dashboard?id=tcc-snippets-final-3
INFO: Note that you will be able to access the updated dashboard once the server has processed the submitted analysis report
INFO: More about the report processing at http://localhost:9000/api/ce/task?id=a81d01ca-601f-4d26-89fb-875ee5e6ff46
INFO: Analysis total time: 19.780 s
INFO: ------------------------------------------------------------------------
INFO: EXECUTION SUCCESS
INFO: ------------------------------------------------------------------------
INFO: Total time: 23.103s
INFO: Final Memory: 18M/74M
INFO: ------------------------------------------------------------------------

================================================================================
[41/44] lote com 100 snippets
Arquivos:
Snippet_8538037.java
Snippet_5625012.java
Snippet_5303636.java
Snippet_3904736.java
Snippet_4285731.java
Snippet_5983157.java
Snippet_4368201.java
Snippet_6842405.java
Snippet_6989848.java
Snippet_5657210.java
Snippet_8140286.java
Snippet_3873752.java
Snippet_6795278.java
Snippet_4371368.java
Snippet_8568928.java
Snippet_7420655.java
Snippet_8430991.java
Snippet_8833156.java
Snippet_4051509.java
Snippet_9440897.java
Snippet_3742330.java
Snippet_6875532.java
Snippet_9199423.java
Snippet_7476496.java
Snippet_6840313.java
Snippet_6048776.java
Snippet_7619442.java
Snippet_4434538.java
Snippet_9131375.java
Snippet_8978233.java
Snippet_7221713.java
Snippet_4298894.java
Snippet_7755926.java
Snippet_5447313.java
Snippet_3705164.java
Snippet_3918098.java
Snippet_9397250.java
Snippet_8090357.java
Snippet_5944359.java
Snippet_7207869.java
Snippet_4128743.java
Snippet_3937045.java
Snippet_9188325.java
Snippet_8579511.java
Snippet_8574368.java
Snippet_4901849.java
Snippet_6329948.java
Snippet_6483071.java
Snippet_4977189.java
Snippet_8231971.java
Snippet_7207168.java
Snippet_7404871.java
Snippet_4613952.java
Snippet_5497852.java
Snippet_7523283.java
Snippet_4656234.java
Snippet_7100929.java
Snippet_5114470.java
Snippet_5040675.java
Snippet_4413486.java
Snippet_6846111.java
Snippet_7622719.java
Snippet_4198515.java
Snippet_8491397.java
Snippet_4232859.java
Snippet_9251517.java
Snippet_4303100.java
Snippet_8416563.java
Snippet_8783754.java
Snippet_4187027.java
Snippet_7325587.java
Snippet_8738655.java
Snippet_5237277.java
Snippet_6848482.java
Snippet_8009401.java
Snippet_7344807.java
Snippet_3727277.java
Snippet_9491780.java
Snippet_7284688.java
Snippet_7942055.java
Snippet_9009111.java
Snippet_9000671.java
Snippet_7129689.java
Snippet_5255988.java
Snippet_7468395.java
Snippet_6775552.java
Snippet_8132887.java
Snippet_6025184.java
Snippet_4428269.java
Snippet_5141485.java
Snippet_5657457.java
Snippet_4847579.java
Snippet_8419610.java
Snippet_4032784.java
Snippet_8423865.java
Snippet_7452135.java
Snippet_4980296.java
Snippet_9189634.java
Snippet_5958765.java
Snippet_4359600.java
INFO: Scanner configuration file: /home/oscar/sonar-scanner-5.0.1.3006-linux/conf/sonar-scanner.properties
INFO: Project root configuration file: /home/oscar/Área de trabalho/TCC-Artur-Jackson-e-Oscar-de-Brito--BaseMLCQ/sonar-trechos/generated-snippets-batch-run/sonar-project.properties
INFO: SonarScanner 5.0.1.3006
INFO: Java 17.0.7 Eclipse Adoptium (64-bit)
INFO: Linux 6.17.0-35-generic amd64
INFO: User cache: /home/oscar/.sonar/cache
INFO: Analyzing on SonarQube server 10.5.1.90531
INFO: Default locale: "pt_BR", source code encoding: "UTF-8"
INFO: Load global settings
INFO: Load global settings (done) | time=136ms
INFO: Server id: 147B411E-AZ1pIPMJY3k3y_epkpuj
INFO: User cache: /home/oscar/.sonar/cache
INFO: Loading required plugins
INFO: Load plugins index
INFO: Load plugins index (done) | time=41ms
INFO: Load/download plugins
INFO: Load/download plugins (done) | time=89ms
INFO: Process project properties
INFO: Process project properties (done) | time=10ms
INFO: Project key: tcc-snippets-final-3
INFO: Base dir: /home/oscar/Área de trabalho/TCC-Artur-Jackson-e-Oscar-de-Brito--BaseMLCQ/sonar-trechos/generated-snippets-batch-run
INFO: Working dir: /home/oscar/Área de trabalho/TCC-Artur-Jackson-e-Oscar-de-Brito--BaseMLCQ/sonar-trechos/generated-snippets-batch-run/.scannerwork
INFO: Load project settings for component key: 'tcc-snippets-final-3'
INFO: Load project settings for component key: 'tcc-snippets-final-3' (done) | time=24ms
INFO: Load quality profiles
INFO: Load quality profiles (done) | time=106ms
INFO: Load active rules
INFO: Load active rules (done) | time=6447ms
INFO: Load analysis cache
INFO: Load analysis cache (2.6 kB) | time=29ms
INFO: Preprocessing files...
INFO: 1 language detected in 101 preprocessed files
INFO: 0 files ignored because of scm ignore settings
INFO: Loading plugins for detected languages
INFO: Load/download plugins
INFO: Load/download plugins (done) | time=15ms
INFO: Inconsistent constructor declaration on bean with name 'org.sonarsource.scanner.api.internal.IsolatedClassloader@1a1d6a08-org.sonar.scanner.issue.IssueFilters': single autowire-marked constructor flagged as optional - this constructor is effectively required since there is no default constructor to fall back to: public org.sonar.scanner.issue.IssueFilters(org.sonar.api.batch.fs.internal.DefaultInputProject)
INFO: Load project repositories
INFO: Load project repositories (done) | time=87ms
INFO: Indexing files...
INFO: Project configuration:
INFO: 101 files indexed
INFO: Quality profile for java: TCC
INFO: ------------- Run sensors on module TCC Snippets Final 3
INFO: Load metrics repository
INFO: Load metrics repository (done) | time=49ms
INFO: Sensor JavaSensor [java]
INFO: No rules with 'symbolic-execution' tag were enabled, the Symbolic Execution Engine will not run during the analysis.
INFO: Server-side caching is enabled. The Java analyzer will not try to leverage data from a previous analysis.
INFO: Using ECJ batch to parse 100 Main java source files with batch size 156 KB.
INFO: Starting batch processing.
INFO: The Java analyzer cannot skip unchanged files in this context. A full analysis is performed for all files.
INFO: 100% analyzed
INFO: Batch processing: Done.
INFO: Did not optimize analysis for any files, performed a full analysis for all 100 files.
WARN: Dependencies/libraries were not provided for analysis of SOURCE files. The 'sonar.java.libraries' property is empty. Verify your configuration, as you might end up with less precise results.
WARN: Unresolved imports/types have been detected during analysis. Enable DEBUG mode to see them.
WARN: Use of preview features have been detected during analysis. Enable DEBUG mode to see them.
INFO: No "Test" source files to scan.
INFO: No "Generated" source files to scan.
INFO: Sensor JavaSensor [java] (done) | time=5041ms
INFO: Sensor SurefireSensor [java]
INFO: parsing [/home/oscar/Área de trabalho/TCC-Artur-Jackson-e-Oscar-de-Brito--BaseMLCQ/sonar-trechos/generated-snippets-batch-run/target/surefire-reports]
INFO: Sensor SurefireSensor [java] (done) | time=1ms
INFO: Sensor JaCoCo XML Report Importer [jacoco]
INFO: 'sonar.coverage.jacoco.xmlReportPaths' is not defined. Using default locations: target/site/jacoco/jacoco.xml,target/site/jacoco-it/jacoco.xml,build/reports/jacoco/test/jacocoTestReport.xml
INFO: No report imported, no coverage information will be imported by JaCoCo XML Report Importer
INFO: Sensor JaCoCo XML Report Importer [jacoco] (done) | time=2ms
INFO: Sensor IaC Docker Sensor [iac]
INFO: 0 source files to be analyzed
INFO: 0/0 source files have been analyzed
INFO: Sensor IaC Docker Sensor [iac] (done) | time=168ms
INFO: Sensor TextAndSecretsSensor [text]
INFO: Available processors: 2
INFO: Using 2 threads for analysis.
INFO: 100 source files to be analyzed
INFO: 100/100 source files have been analyzed
INFO: Sensor TextAndSecretsSensor [text] (done) | time=1197ms
INFO: ------------- Run sensors on project
INFO: Sensor Zero Coverage Sensor
INFO: Sensor Zero Coverage Sensor (done) | time=67ms
INFO: Sensor Java CPD Block Indexer
INFO: Sensor Java CPD Block Indexer (done) | time=248ms
INFO: SCM Publisher SCM provider for this project is: git
INFO: SCM Publisher 100 source files to be analyzed
INFO: SCM Publisher 0/100 source files have been analyzed (done) | time=55ms
WARN: Missing blame information for the following files:
WARN:   * Snippet_5657457.java
WARN:   * Snippet_3918098.java
WARN:   * Snippet_5497852.java
WARN:   * Snippet_5255988.java
WARN:   * Snippet_4359600.java
WARN:   * Snippet_9009111.java
WARN:   * Snippet_6795278.java
WARN:   * Snippet_9397250.java
WARN:   * Snippet_8416563.java
WARN:   * Snippet_7476496.java
WARN:   * Snippet_6846111.java
WARN:   * Snippet_6025184.java
WARN:   * Snippet_8738655.java
WARN:   * Snippet_7129689.java
WARN:   * Snippet_5983157.java
WARN:   * Snippet_7207869.java
WARN:   * Snippet_7344807.java
WARN:   * Snippet_6048776.java
WARN:   * Snippet_8090357.java
WARN:   * Snippet_4434538.java
WARN:   * Snippet_7468395.java
WARN:   * Snippet_8140286.java
WARN:   * Snippet_7207168.java
WARN:   * Snippet_8574368.java
WARN:   * Snippet_7284688.java
WARN:   * Snippet_6483071.java
WARN:   * Snippet_8833156.java
WARN:   * Snippet_3727277.java
WARN:   * Snippet_4371368.java
WARN:   * Snippet_6842405.java
WARN:   * Snippet_7755926.java
WARN:   * Snippet_5040675.java
WARN:   * Snippet_6989848.java
WARN:   * Snippet_4051509.java
WARN:   * Snippet_4232859.java
WARN:   * Snippet_8978233.java
WARN:   * Snippet_4656234.java
WARN:   * Snippet_8423865.java
WARN:   * Snippet_6775552.java
WARN:   * Snippet_8579511.java
WARN:   * Snippet_4198515.java
WARN:   * Snippet_8009401.java
WARN:   * Snippet_4285731.java
WARN:   * Snippet_5625012.java
WARN:   * Snippet_5958765.java
WARN:   * Snippet_6848482.java
WARN:   * Snippet_4428269.java
WARN:   * Snippet_4980296.java
WARN:   * Snippet_7221713.java
WARN:   * Snippet_9189634.java
WARN:   * Snippet_3705164.java
WARN:   * Snippet_4977189.java
WARN:   * Snippet_4187027.java
WARN:   * Snippet_9199423.java
WARN:   * Snippet_4413486.java
WARN:   * Snippet_7523283.java
WARN:   * Snippet_4303100.java
WARN:   * Snippet_5114470.java
WARN:   * Snippet_7404871.java
WARN:   * Snippet_4613952.java
WARN:   * Snippet_7100929.java
WARN:   * Snippet_7622719.java
WARN:   * Snippet_8568928.java
WARN:   * Snippet_4298894.java
WARN:   * Snippet_6329948.java
WARN:   * Snippet_9491780.java
WARN:   * Snippet_7942055.java
WARN:   * Snippet_9440897.java
WARN:   * Snippet_3937045.java
WARN:   * Snippet_5303636.java
WARN:   * Snippet_9251517.java
WARN:   * Snippet_8538037.java
WARN:   * Snippet_7619442.java
WARN:   * Snippet_7452135.java
WARN:   * Snippet_9000671.java
WARN:   * Snippet_8491397.java
WARN:   * Snippet_8132887.java
WARN:   * Snippet_8231971.java
WARN:   * Snippet_8783754.java
WARN:   * Snippet_4901849.java
WARN:   * Snippet_9188325.java
WARN:   * Snippet_4847579.java
WARN:   * Snippet_3904736.java
WARN:   * Snippet_6875532.java
WARN:   * Snippet_5657210.java
WARN:   * Snippet_7325587.java
WARN:   * Snippet_6840313.java
WARN:   * Snippet_8430991.java
WARN:   * Snippet_5944359.java
WARN:   * Snippet_5447313.java
WARN:   * Snippet_7420655.java
WARN:   * Snippet_5237277.java
WARN:   * Snippet_8419610.java
WARN:   * Snippet_4032784.java
WARN:   * Snippet_3742330.java
WARN:   * Snippet_4368201.java
WARN:   * Snippet_9131375.java
WARN:   * Snippet_5141485.java
WARN:   * Snippet_4128743.java
WARN:   * Snippet_3873752.java
WARN: This may lead to missing/broken features in SonarQube
INFO: CPD Executor 49 files had no CPD blocks
INFO: CPD Executor Calculating CPD for 51 files
INFO: CPD Executor CPD calculation finished (done) | time=72ms
INFO: SCM revision ID '26261eff0fdfe0b82ee446873a05666cce5522df'
INFO: Analysis report generated in 131ms, dir size=636.6 kB
INFO: Analysis report compressed in 320ms, zip size=266.8 kB
INFO: Analysis report uploaded in 25ms
INFO: ANALYSIS SUCCESSFUL, you can find the results at: http://localhost:9000/dashboard?id=tcc-snippets-final-3
INFO: Note that you will be able to access the updated dashboard once the server has processed the submitted analysis report
INFO: More about the report processing at http://localhost:9000/api/ce/task?id=098e8be5-371e-40c9-96f7-0519ad71a525
INFO: Analysis total time: 17.054 s
INFO: ------------------------------------------------------------------------
INFO: EXECUTION SUCCESS
INFO: ------------------------------------------------------------------------
INFO: Total time: 19.785s
INFO: Final Memory: 19M/74M
INFO: ------------------------------------------------------------------------

================================================================================
[42/44] lote com 100 snippets
Arquivos:
Snippet_4599156.java
Snippet_8618517.java
Snippet_3796407.java
Snippet_4354720.java
Snippet_7204833.java
Snippet_8608593.java
Snippet_7075624.java
Snippet_4960946.java
Snippet_7863608.java
Snippet_6632662.java
Snippet_6288812.java
Snippet_7197198.java
Snippet_5857991.java
Snippet_6546542.java
Snippet_7205348.java
Snippet_8168864.java
Snippet_4443762.java
Snippet_4068444.java
Snippet_6434677.java
Snippet_4826023.java
Snippet_7944714.java
Snippet_6244944.java
Snippet_4310155.java
Snippet_4315157.java
Snippet_5665524.java
Snippet_4432223.java
Snippet_4222807.java
Snippet_5338990.java
Snippet_9147019.java
Snippet_8895511.java
Snippet_4169071.java
Snippet_4230466.java
Snippet_7196708.java
Snippet_4258444.java
Snippet_4240751.java
Snippet_6013107.java
Snippet_7044394.java
Snippet_5710974.java
Snippet_5314620.java
Snippet_8962839.java
Snippet_8202824.java
Snippet_6923657.java
Snippet_8593029.java
Snippet_6629031.java
Snippet_7790376.java
Snippet_3711605.java
Snippet_7699101.java
Snippet_5423795.java
Snippet_4241628.java
Snippet_7909952.java
Snippet_5971146.java
Snippet_8919646.java
Snippet_8956366.java
Snippet_7996314.java
Snippet_5441269.java
Snippet_6257015.java
Snippet_4534287.java
Snippet_3851209.java
Snippet_4172212.java
Snippet_4577168.java
Snippet_8437805.java
Snippet_4383044.java
Snippet_6459500.java
Snippet_8672429.java
Snippet_9258251.java
Snippet_5642265.java
Snippet_9537015.java
Snippet_5107955.java
Snippet_8533645.java
Snippet_5715127.java
Snippet_5732513.java
Snippet_6454251.java
Snippet_4694033.java
Snippet_7375322.java
Snippet_7934496.java
Snippet_4257056.java
Snippet_4580142.java
Snippet_4206958.java
Snippet_8754073.java
Snippet_8039539.java
Snippet_8211343.java
Snippet_7483890.java
Snippet_8282686.java
Snippet_4566202.java
Snippet_4541684.java
Snippet_5717998.java
Snippet_8000801.java
Snippet_8841762.java
Snippet_6325165.java
Snippet_8836840.java
Snippet_4978959.java
Snippet_5975025.java
Snippet_8955314.java
Snippet_6858458.java
Snippet_6284070.java
Snippet_4329859.java
Snippet_7308132.java
Snippet_3986717.java
Snippet_4306236.java
Snippet_6181780.java
INFO: Scanner configuration file: /home/oscar/sonar-scanner-5.0.1.3006-linux/conf/sonar-scanner.properties
INFO: Project root configuration file: /home/oscar/Área de trabalho/TCC-Artur-Jackson-e-Oscar-de-Brito--BaseMLCQ/sonar-trechos/generated-snippets-batch-run/sonar-project.properties
INFO: SonarScanner 5.0.1.3006
INFO: Java 17.0.7 Eclipse Adoptium (64-bit)
INFO: Linux 6.17.0-35-generic amd64
INFO: User cache: /home/oscar/.sonar/cache
INFO: Analyzing on SonarQube server 10.5.1.90531
INFO: Default locale: "pt_BR", source code encoding: "UTF-8"
INFO: Load global settings
INFO: Load global settings (done) | time=106ms
INFO: Server id: 147B411E-AZ1pIPMJY3k3y_epkpuj
INFO: User cache: /home/oscar/.sonar/cache
INFO: Loading required plugins
INFO: Load plugins index
INFO: Load plugins index (done) | time=50ms
INFO: Load/download plugins
INFO: Load/download plugins (done) | time=74ms
INFO: Process project properties
INFO: Process project properties (done) | time=9ms
INFO: Project key: tcc-snippets-final-3
INFO: Base dir: /home/oscar/Área de trabalho/TCC-Artur-Jackson-e-Oscar-de-Brito--BaseMLCQ/sonar-trechos/generated-snippets-batch-run
INFO: Working dir: /home/oscar/Área de trabalho/TCC-Artur-Jackson-e-Oscar-de-Brito--BaseMLCQ/sonar-trechos/generated-snippets-batch-run/.scannerwork
INFO: Load project settings for component key: 'tcc-snippets-final-3'
INFO: Load project settings for component key: 'tcc-snippets-final-3' (done) | time=42ms
INFO: Load quality profiles
INFO: Load quality profiles (done) | time=155ms
INFO: Load active rules
INFO: Load active rules (done) | time=6190ms
INFO: Load analysis cache
INFO: Load analysis cache (2.6 kB) | time=18ms
INFO: Preprocessing files...
INFO: 1 language detected in 101 preprocessed files
INFO: 0 files ignored because of scm ignore settings
INFO: Loading plugins for detected languages
INFO: Load/download plugins
INFO: Load/download plugins (done) | time=14ms
INFO: Inconsistent constructor declaration on bean with name 'org.sonarsource.scanner.api.internal.IsolatedClassloader@1a1d6a08-org.sonar.scanner.issue.IssueFilters': single autowire-marked constructor flagged as optional - this constructor is effectively required since there is no default constructor to fall back to: public org.sonar.scanner.issue.IssueFilters(org.sonar.api.batch.fs.internal.DefaultInputProject)
INFO: Load project repositories
INFO: Load project repositories (done) | time=18ms
INFO: Indexing files...
INFO: Project configuration:
INFO: 101 files indexed
INFO: Quality profile for java: TCC
INFO: ------------- Run sensors on module TCC Snippets Final 3
INFO: Load metrics repository
INFO: Load metrics repository (done) | time=60ms
INFO: Sensor JavaSensor [java]
INFO: No rules with 'symbolic-execution' tag were enabled, the Symbolic Execution Engine will not run during the analysis.
INFO: Server-side caching is enabled. The Java analyzer will not try to leverage data from a previous analysis.
INFO: Using ECJ batch to parse 100 Main java source files with batch size 156 KB.
INFO: Starting batch processing.
INFO: The Java analyzer cannot skip unchanged files in this context. A full analysis is performed for all files.
INFO: 100% analyzed
INFO: Batch processing: Done.
INFO: Did not optimize analysis for any files, performed a full analysis for all 100 files.
WARN: Dependencies/libraries were not provided for analysis of SOURCE files. The 'sonar.java.libraries' property is empty. Verify your configuration, as you might end up with less precise results.
WARN: Unresolved imports/types have been detected during analysis. Enable DEBUG mode to see them.
WARN: Use of preview features have been detected during analysis. Enable DEBUG mode to see them.
INFO: No "Test" source files to scan.
INFO: No "Generated" source files to scan.
INFO: Sensor JavaSensor [java] (done) | time=5094ms
INFO: Sensor SurefireSensor [java]
INFO: parsing [/home/oscar/Área de trabalho/TCC-Artur-Jackson-e-Oscar-de-Brito--BaseMLCQ/sonar-trechos/generated-snippets-batch-run/target/surefire-reports]
INFO: Sensor SurefireSensor [java] (done) | time=3ms
INFO: Sensor JaCoCo XML Report Importer [jacoco]
INFO: 'sonar.coverage.jacoco.xmlReportPaths' is not defined. Using default locations: target/site/jacoco/jacoco.xml,target/site/jacoco-it/jacoco.xml,build/reports/jacoco/test/jacocoTestReport.xml
INFO: No report imported, no coverage information will be imported by JaCoCo XML Report Importer
INFO: Sensor JaCoCo XML Report Importer [jacoco] (done) | time=2ms
INFO: Sensor IaC Docker Sensor [iac]
INFO: 0 source files to be analyzed
INFO: 0/0 source files have been analyzed
INFO: Sensor IaC Docker Sensor [iac] (done) | time=117ms
INFO: Sensor TextAndSecretsSensor [text]
INFO: Available processors: 2
INFO: Using 2 threads for analysis.
INFO: 100 source files to be analyzed
INFO: 100/100 source files have been analyzed
INFO: Sensor TextAndSecretsSensor [text] (done) | time=1677ms
INFO: ------------- Run sensors on project
INFO: Sensor Zero Coverage Sensor
INFO: Sensor Zero Coverage Sensor (done) | time=58ms
INFO: Sensor Java CPD Block Indexer
INFO: Sensor Java CPD Block Indexer (done) | time=214ms
INFO: SCM Publisher SCM provider for this project is: git
INFO: SCM Publisher 100 source files to be analyzed
INFO: SCM Publisher 0/100 source files have been analyzed (done) | time=64ms
WARN: Missing blame information for the following files:
WARN:   * Snippet_4257056.java
WARN:   * Snippet_9147019.java
WARN:   * Snippet_8437805.java
WARN:   * Snippet_8618517.java
WARN:   * Snippet_3851209.java
WARN:   * Snippet_4354720.java
WARN:   * Snippet_6257015.java
WARN:   * Snippet_4315157.java
WARN:   * Snippet_5975025.java
WARN:   * Snippet_6632662.java
WARN:   * Snippet_4172212.java
WARN:   * Snippet_4978959.java
WARN:   * Snippet_6244944.java
WARN:   * Snippet_4694033.java
WARN:   * Snippet_8168864.java
WARN:   * Snippet_3711605.java
WARN:   * Snippet_6181780.java
WARN:   * Snippet_7863608.java
WARN:   * Snippet_7699101.java
WARN:   * Snippet_5717998.java
WARN:   * Snippet_7790376.java
WARN:   * Snippet_7483890.java
WARN:   * Snippet_7308132.java
WARN:   * Snippet_5642265.java
WARN:   * Snippet_8202824.java
WARN:   * Snippet_8955314.java
WARN:   * Snippet_5715127.java
WARN:   * Snippet_7197198.java
WARN:   * Snippet_8841762.java
WARN:   * Snippet_5441269.java
WARN:   * Snippet_6923657.java
WARN:   * Snippet_6434677.java
WARN:   * Snippet_7196708.java
WARN:   * Snippet_5710974.java
WARN:   * Snippet_7044394.java
WARN:   * Snippet_8672429.java
WARN:   * Snippet_8039539.java
WARN:   * Snippet_3796407.java
WARN:   * Snippet_4206958.java
WARN:   * Snippet_8211343.java
WARN:   * Snippet_7204833.java
WARN:   * Snippet_7996314.java
WARN:   * Snippet_4826023.java
WARN:   * Snippet_6284070.java
WARN:   * Snippet_8956366.java
WARN:   * Snippet_6858458.java
WARN:   * Snippet_8836840.java
WARN:   * Snippet_4169071.java
WARN:   * Snippet_8754073.java
WARN:   * Snippet_4383044.java
WARN:   * Snippet_4222807.java
WARN:   * Snippet_6459500.java
WARN:   * Snippet_4230466.java
WARN:   * Snippet_6629031.java
WARN:   * Snippet_4258444.java
WARN:   * Snippet_4541684.java
WARN:   * Snippet_4329859.java
WARN:   * Snippet_5338990.java
WARN:   * Snippet_4241628.java
WARN:   * Snippet_6013107.java
WARN:   * Snippet_4432223.java
WARN:   * Snippet_8919646.java
WARN:   * Snippet_7075624.java
WARN:   * Snippet_4577168.java
WARN:   * Snippet_5665524.java
WARN:   * Snippet_4443762.java
WARN:   * Snippet_8282686.java
WARN:   * Snippet_3986717.java
WARN:   * Snippet_5971146.java
WARN:   * Snippet_4599156.java
WARN:   * Snippet_7909952.java
WARN:   * Snippet_4240751.java
WARN:   * Snippet_5314620.java
WARN:   * Snippet_8533645.java
WARN:   * Snippet_8593029.java
WARN:   * Snippet_5107955.java
WARN:   * Snippet_5857991.java
WARN:   * Snippet_7934496.java
WARN:   * Snippet_6546542.java
WARN:   * Snippet_5732513.java
WARN:   * Snippet_6288812.java
WARN:   * Snippet_8895511.java
WARN:   * Snippet_8000801.java
WARN:   * Snippet_4960946.java
WARN:   * Snippet_4306236.java
WARN:   * Snippet_6325165.java
WARN:   * Snippet_7375322.java
WARN:   * Snippet_4534287.java
WARN:   * Snippet_7205348.java
WARN:   * Snippet_5423795.java
WARN:   * Snippet_4068444.java
WARN:   * Snippet_8962839.java
WARN:   * Snippet_4580142.java
WARN:   * Snippet_4310155.java
WARN:   * Snippet_9258251.java
WARN:   * Snippet_9537015.java
WARN:   * Snippet_8608593.java
WARN:   * Snippet_4566202.java
WARN:   * Snippet_6454251.java
WARN:   * Snippet_7944714.java
WARN: This may lead to missing/broken features in SonarQube
INFO: CPD Executor 37 files had no CPD blocks
INFO: CPD Executor Calculating CPD for 63 files
INFO: CPD Executor CPD calculation finished (done) | time=48ms
INFO: SCM revision ID '26261eff0fdfe0b82ee446873a05666cce5522df'
INFO: Analysis report generated in 125ms, dir size=776.9 kB
INFO: Analysis report compressed in 311ms, zip size=307.0 kB
INFO: Analysis report uploaded in 63ms
INFO: ANALYSIS SUCCESSFUL, you can find the results at: http://localhost:9000/dashboard?id=tcc-snippets-final-3
INFO: Note that you will be able to access the updated dashboard once the server has processed the submitted analysis report
INFO: More about the report processing at http://localhost:9000/api/ce/task?id=56bbf098-db4a-4793-b631-c29966bb3c2c
INFO: Analysis total time: 17.421 s
INFO: ------------------------------------------------------------------------
INFO: EXECUTION SUCCESS
INFO: ------------------------------------------------------------------------
INFO: Total time: 19.838s
INFO: Final Memory: 18M/74M
INFO: ------------------------------------------------------------------------

================================================================================
[43/44] lote com 100 snippets
Arquivos:
Snippet_4242573.java
Snippet_4330910.java
Snippet_3772718.java
Snippet_6035651.java
Snippet_6194793.java
Snippet_3905445.java
Snippet_7372565.java
Snippet_4287634.java
Snippet_6108863.java
Snippet_6445781.java
Snippet_4837876.java
Snippet_8565824.java
Snippet_8404033.java
Snippet_7640513.java
Snippet_7895531.java
Snippet_7180104.java
Snippet_5828765.java
Snippet_5946774.java
Snippet_8203593.java
Snippet_6627471.java
Snippet_5427627.java
Snippet_8873169.java
Snippet_4933194.java
Snippet_4906096.java
Snippet_4318095.java
Snippet_8959710.java
Snippet_4467152.java
Snippet_9484885.java
Snippet_6306509.java
Snippet_4236060.java
Snippet_6295036.java
Snippet_7140272.java
Snippet_7557707.java
Snippet_4731830.java
Snippet_3882178.java
Snippet_8970601.java
Snippet_7270024.java
Snippet_3699227.java
Snippet_5394068.java
Snippet_7644249.java
Snippet_9393147.java
Snippet_5800930.java
Snippet_9348514.java
Snippet_7066831.java
Snippet_4666091.java
Snippet_9205662.java
Snippet_5585565.java
Snippet_9122985.java
Snippet_6612013.java
Snippet_3723043.java
Snippet_8576209.java
Snippet_5345695.java
Snippet_8333384.java
Snippet_7017211.java
Snippet_4727936.java
Snippet_7377296.java
Snippet_6637982.java
Snippet_4756088.java
Snippet_3814315.java
Snippet_6466237.java
Snippet_8768107.java
Snippet_7726305.java
Snippet_7748712.java
Snippet_4283097.java
Snippet_8199173.java
Snippet_5374635.java
Snippet_5278361.java
Snippet_4700005.java
Snippet_4135214.java
Snippet_4508554.java
Snippet_9008469.java
Snippet_9234588.java
Snippet_5073287.java
Snippet_6026125.java
Snippet_7546490.java
Snippet_7899501.java
Snippet_8258895.java
Snippet_6606189.java
Snippet_6437526.java
Snippet_9539712.java
Snippet_6624209.java
Snippet_5142688.java
Snippet_8622582.java
Snippet_7863512.java
Snippet_9114822.java
Snippet_5952032.java
Snippet_7198476.java
Snippet_5938889.java
Snippet_4301441.java
Snippet_6647337.java
Snippet_7910247.java
Snippet_7201055.java
Snippet_3993481.java
Snippet_6182357.java
Snippet_4218788.java
Snippet_7272444.java
Snippet_6029853.java
Snippet_6725492.java
Snippet_7710744.java
Snippet_8662937.java
INFO: Scanner configuration file: /home/oscar/sonar-scanner-5.0.1.3006-linux/conf/sonar-scanner.properties
INFO: Project root configuration file: /home/oscar/Área de trabalho/TCC-Artur-Jackson-e-Oscar-de-Brito--BaseMLCQ/sonar-trechos/generated-snippets-batch-run/sonar-project.properties
INFO: SonarScanner 5.0.1.3006
INFO: Java 17.0.7 Eclipse Adoptium (64-bit)
INFO: Linux 6.17.0-35-generic amd64
INFO: User cache: /home/oscar/.sonar/cache
INFO: Analyzing on SonarQube server 10.5.1.90531
INFO: Default locale: "pt_BR", source code encoding: "UTF-8"
INFO: Load global settings
INFO: Load global settings (done) | time=124ms
INFO: Server id: 147B411E-AZ1pIPMJY3k3y_epkpuj
INFO: User cache: /home/oscar/.sonar/cache
INFO: Loading required plugins
INFO: Load plugins index
INFO: Load plugins index (done) | time=99ms
INFO: Load/download plugins
INFO: Load/download plugins (done) | time=137ms
INFO: Process project properties
INFO: Process project properties (done) | time=31ms
INFO: Project key: tcc-snippets-final-3
INFO: Base dir: /home/oscar/Área de trabalho/TCC-Artur-Jackson-e-Oscar-de-Brito--BaseMLCQ/sonar-trechos/generated-snippets-batch-run
INFO: Working dir: /home/oscar/Área de trabalho/TCC-Artur-Jackson-e-Oscar-de-Brito--BaseMLCQ/sonar-trechos/generated-snippets-batch-run/.scannerwork
INFO: Load project settings for component key: 'tcc-snippets-final-3'
INFO: Load project settings for component key: 'tcc-snippets-final-3' (done) | time=39ms
INFO: Load quality profiles
INFO: Load quality profiles (done) | time=113ms
INFO: Load active rules
INFO: Load active rules (done) | time=6179ms
INFO: Load analysis cache
INFO: Load analysis cache (2.6 kB) | time=57ms
INFO: Preprocessing files...
INFO: 1 language detected in 101 preprocessed files
INFO: 0 files ignored because of scm ignore settings
INFO: Loading plugins for detected languages
INFO: Load/download plugins
INFO: Load/download plugins (done) | time=5ms
INFO: Inconsistent constructor declaration on bean with name 'org.sonarsource.scanner.api.internal.IsolatedClassloader@1a1d6a08-org.sonar.scanner.issue.IssueFilters': single autowire-marked constructor flagged as optional - this constructor is effectively required since there is no default constructor to fall back to: public org.sonar.scanner.issue.IssueFilters(org.sonar.api.batch.fs.internal.DefaultInputProject)
INFO: Load project repositories
INFO: Load project repositories (done) | time=35ms
INFO: Indexing files...
INFO: Project configuration:
INFO: 101 files indexed
INFO: Quality profile for java: TCC
INFO: ------------- Run sensors on module TCC Snippets Final 3
INFO: Load metrics repository
INFO: Load metrics repository (done) | time=64ms
INFO: Sensor JavaSensor [java]
INFO: No rules with 'symbolic-execution' tag were enabled, the Symbolic Execution Engine will not run during the analysis.
INFO: Server-side caching is enabled. The Java analyzer will not try to leverage data from a previous analysis.
INFO: Using ECJ batch to parse 100 Main java source files with batch size 156 KB.
INFO: Starting batch processing.
INFO: The Java analyzer cannot skip unchanged files in this context. A full analysis is performed for all files.
INFO: 100% analyzed
INFO: Batch processing: Done.
INFO: Did not optimize analysis for any files, performed a full analysis for all 100 files.
WARN: Dependencies/libraries were not provided for analysis of SOURCE files. The 'sonar.java.libraries' property is empty. Verify your configuration, as you might end up with less precise results.
WARN: Unresolved imports/types have been detected during analysis. Enable DEBUG mode to see them.
WARN: Use of preview features have been detected during analysis. Enable DEBUG mode to see them.
INFO: No "Test" source files to scan.
INFO: No "Generated" source files to scan.
INFO: Sensor JavaSensor [java] (done) | time=5727ms
INFO: Sensor SurefireSensor [java]
INFO: parsing [/home/oscar/Área de trabalho/TCC-Artur-Jackson-e-Oscar-de-Brito--BaseMLCQ/sonar-trechos/generated-snippets-batch-run/target/surefire-reports]
INFO: Sensor SurefireSensor [java] (done) | time=1ms
INFO: Sensor JaCoCo XML Report Importer [jacoco]
INFO: 'sonar.coverage.jacoco.xmlReportPaths' is not defined. Using default locations: target/site/jacoco/jacoco.xml,target/site/jacoco-it/jacoco.xml,build/reports/jacoco/test/jacocoTestReport.xml
INFO: No report imported, no coverage information will be imported by JaCoCo XML Report Importer
INFO: Sensor JaCoCo XML Report Importer [jacoco] (done) | time=2ms
INFO: Sensor IaC Docker Sensor [iac]
INFO: 0 source files to be analyzed
INFO: 0/0 source files have been analyzed
INFO: Sensor IaC Docker Sensor [iac] (done) | time=117ms
INFO: Sensor TextAndSecretsSensor [text]
INFO: Available processors: 2
INFO: Using 2 threads for analysis.
INFO: 100 source files to be analyzed
INFO: 100/100 source files have been analyzed
INFO: Sensor TextAndSecretsSensor [text] (done) | time=1175ms
INFO: ------------- Run sensors on project
INFO: Sensor Zero Coverage Sensor
INFO: Sensor Zero Coverage Sensor (done) | time=46ms
INFO: Sensor Java CPD Block Indexer
INFO: Sensor Java CPD Block Indexer (done) | time=187ms
INFO: SCM Publisher SCM provider for this project is: git
INFO: SCM Publisher 100 source files to be analyzed
INFO: SCM Publisher 0/100 source files have been analyzed (done) | time=56ms
WARN: Missing blame information for the following files:
WARN:   * Snippet_4727936.java
WARN:   * Snippet_4933194.java
WARN:   * Snippet_3772718.java
WARN:   * Snippet_7546490.java
WARN:   * Snippet_7066831.java
WARN:   * Snippet_5946774.java
WARN:   * Snippet_6624209.java
WARN:   * Snippet_7748712.java
WARN:   * Snippet_7910247.java
WARN:   * Snippet_4330910.java
WARN:   * Snippet_6035651.java
WARN:   * Snippet_8258895.java
WARN:   * Snippet_4467152.java
WARN:   * Snippet_9348514.java
WARN:   * Snippet_5394068.java
WARN:   * Snippet_5142688.java
WARN:   * Snippet_7180104.java
WARN:   * Snippet_8970601.java
WARN:   * Snippet_7198476.java
WARN:   * Snippet_4287634.java
WARN:   * Snippet_7377296.java
WARN:   * Snippet_7863512.java
WARN:   * Snippet_3723043.java
WARN:   * Snippet_7140272.java
WARN:   * Snippet_8959710.java
WARN:   * Snippet_4218788.java
WARN:   * Snippet_6182357.java
WARN:   * Snippet_6194793.java
WARN:   * Snippet_6029853.java
WARN:   * Snippet_7272444.java
WARN:   * Snippet_6437526.java
WARN:   * Snippet_3993481.java
WARN:   * Snippet_7644249.java
WARN:   * Snippet_7372565.java
WARN:   * Snippet_7726305.java
WARN:   * Snippet_4283097.java
WARN:   * Snippet_9205662.java
WARN:   * Snippet_6108863.java
WARN:   * Snippet_6466237.java
WARN:   * Snippet_6725492.java
WARN:   * Snippet_5278361.java
WARN:   * Snippet_8333384.java
WARN:   * Snippet_3699227.java
WARN:   * Snippet_7557707.java
WARN:   * Snippet_8565824.java
WARN:   * Snippet_7270024.java
WARN:   * Snippet_7895531.java
WARN:   * Snippet_9122985.java
WARN:   * Snippet_6295036.java
WARN:   * Snippet_7201055.java
WARN:   * Snippet_9484885.java
WARN:   * Snippet_6637982.java
WARN:   * Snippet_5828765.java
WARN:   * Snippet_4756088.java
WARN:   * Snippet_4906096.java
WARN:   * Snippet_4236060.java
WARN:   * Snippet_7710744.java
WARN:   * Snippet_8199173.java
WARN:   * Snippet_6612013.java
WARN:   * Snippet_4666091.java
WARN:   * Snippet_9539712.java
WARN:   * Snippet_4242573.java
WARN:   * Snippet_6627471.java
WARN:   * Snippet_8622582.java
WARN:   * Snippet_5073287.java
WARN:   * Snippet_3814315.java
WARN:   * Snippet_8662937.java
WARN:   * Snippet_6026125.java
WARN:   * Snippet_5585565.java
WARN:   * Snippet_8873169.java
WARN:   * Snippet_4301441.java
WARN:   * Snippet_4700005.java
WARN:   * Snippet_4135214.java
WARN:   * Snippet_4318095.java
WARN:   * Snippet_8203593.java
WARN:   * Snippet_4508554.java
WARN:   * Snippet_6306509.java
WARN:   * Snippet_6445781.java
WARN:   * Snippet_6606189.java
WARN:   * Snippet_9008469.java
WARN:   * Snippet_3882178.java
WARN:   * Snippet_5374635.java
WARN:   * Snippet_7640513.java
WARN:   * Snippet_5952032.java
WARN:   * Snippet_7899501.java
WARN:   * Snippet_4837876.java
WARN:   * Snippet_6647337.java
WARN:   * Snippet_3905445.java
WARN:   * Snippet_8404033.java
WARN:   * Snippet_9234588.java
WARN:   * Snippet_5345695.java
WARN:   * Snippet_9114822.java
WARN:   * Snippet_5427627.java
WARN:   * Snippet_9393147.java
WARN:   * Snippet_4731830.java
WARN:   * Snippet_8576209.java
WARN:   * Snippet_7017211.java
WARN:   * Snippet_8768107.java
WARN:   * Snippet_5938889.java
WARN:   * Snippet_5800930.java
WARN: This may lead to missing/broken features in SonarQube
INFO: CPD Executor 51 files had no CPD blocks
INFO: CPD Executor Calculating CPD for 49 files
INFO: CPD Executor CPD calculation finished (done) | time=43ms
INFO: SCM revision ID '26261eff0fdfe0b82ee446873a05666cce5522df'
INFO: Analysis report generated in 126ms, dir size=619.7 kB
INFO: Analysis report compressed in 283ms, zip size=264.3 kB
INFO: Analysis report uploaded in 18ms
INFO: ANALYSIS SUCCESSFUL, you can find the results at: http://localhost:9000/dashboard?id=tcc-snippets-final-3
INFO: Note that you will be able to access the updated dashboard once the server has processed the submitted analysis report
INFO: More about the report processing at http://localhost:9000/api/ce/task?id=acb6287e-07a8-4403-9f5e-d49d12920fa2
INFO: Analysis total time: 17.460 s
INFO: ------------------------------------------------------------------------
INFO: EXECUTION SUCCESS
INFO: ------------------------------------------------------------------------
INFO: Total time: 20.288s
INFO: Final Memory: 18M/74M
INFO: ------------------------------------------------------------------------

================================================================================
[44/44] lote com 64 snippets
Arquivos:
Snippet_5416350.java
Snippet_6340833.java
Snippet_5492178.java
Snippet_4336814.java
Snippet_6638995.java
Snippet_5912760.java
Snippet_7492767.java
Snippet_7617518.java
Snippet_5412570.java
Snippet_7570873.java
Snippet_8575719.java
Snippet_6854666.java
Snippet_7717190.java
Snippet_4609125.java
Snippet_6218887.java
Snippet_4432039.java
Snippet_6976868.java
Snippet_6174003.java
Snippet_4124615.java
Snippet_4320152.java
Snippet_5738634.java
Snippet_7542297.java
Snippet_7009087.java
Snippet_4426916.java
Snippet_7693328.java
Snippet_4886061.java
Snippet_8631904.java
Snippet_4101390.java
Snippet_6623370.java
Snippet_7406616.java
Snippet_7525557.java
Snippet_4561905.java
Snippet_7716650.java
Snippet_4527162.java
Snippet_4618565.java
Snippet_7358376.java
Snippet_5985338.java
Snippet_5321469.java
Snippet_6854314.java
Snippet_7377589.java
Snippet_8201469.java
Snippet_5368964.java
Snippet_3763847.java
Snippet_6857065.java
Snippet_8537138.java
Snippet_6036658.java
Snippet_8169457.java
Snippet_5799553.java
Snippet_3943609.java
Snippet_9187819.java
Snippet_6214208.java
Snippet_6020057.java
Snippet_4535026.java
Snippet_3975932.java
Snippet_3988942.java
Snippet_8198529.java
Snippet_4478155.java
Snippet_4624680.java
Snippet_5098876.java
Snippet_6085688.java
Snippet_6340836.java
Snippet_6834927.java
Snippet_3931329.java
Snippet_4726345.java
INFO: Scanner configuration file: /home/oscar/sonar-scanner-5.0.1.3006-linux/conf/sonar-scanner.properties
INFO: Project root configuration file: /home/oscar/Área de trabalho/TCC-Artur-Jackson-e-Oscar-de-Brito--BaseMLCQ/sonar-trechos/generated-snippets-batch-run/sonar-project.properties
INFO: SonarScanner 5.0.1.3006
INFO: Java 17.0.7 Eclipse Adoptium (64-bit)
INFO: Linux 6.17.0-35-generic amd64
INFO: User cache: /home/oscar/.sonar/cache
INFO: Analyzing on SonarQube server 10.5.1.90531
INFO: Default locale: "pt_BR", source code encoding: "UTF-8"
INFO: Load global settings
INFO: Load global settings (done) | time=135ms
INFO: Server id: 147B411E-AZ1pIPMJY3k3y_epkpuj
INFO: User cache: /home/oscar/.sonar/cache
INFO: Loading required plugins
INFO: Load plugins index
INFO: Load plugins index (done) | time=69ms
INFO: Load/download plugins
INFO: Load/download plugins (done) | time=86ms
INFO: Process project properties
INFO: Process project properties (done) | time=16ms
INFO: Project key: tcc-snippets-final-3
INFO: Base dir: /home/oscar/Área de trabalho/TCC-Artur-Jackson-e-Oscar-de-Brito--BaseMLCQ/sonar-trechos/generated-snippets-batch-run
INFO: Working dir: /home/oscar/Área de trabalho/TCC-Artur-Jackson-e-Oscar-de-Brito--BaseMLCQ/sonar-trechos/generated-snippets-batch-run/.scannerwork
INFO: Load project settings for component key: 'tcc-snippets-final-3'
INFO: Load project settings for component key: 'tcc-snippets-final-3' (done) | time=29ms
INFO: Load quality profiles
INFO: Load quality profiles (done) | time=131ms
INFO: Load active rules
INFO: Load active rules (done) | time=6275ms
INFO: Load analysis cache
INFO: Load analysis cache (2.6 kB) | time=25ms
INFO: Preprocessing files...
INFO: 1 language detected in 65 preprocessed files
INFO: 0 files ignored because of scm ignore settings
INFO: Loading plugins for detected languages
INFO: Load/download plugins
INFO: Load/download plugins (done) | time=11ms
INFO: Inconsistent constructor declaration on bean with name 'org.sonarsource.scanner.api.internal.IsolatedClassloader@1a1d6a08-org.sonar.scanner.issue.IssueFilters': single autowire-marked constructor flagged as optional - this constructor is effectively required since there is no default constructor to fall back to: public org.sonar.scanner.issue.IssueFilters(org.sonar.api.batch.fs.internal.DefaultInputProject)
INFO: Load project repositories
INFO: Load project repositories (done) | time=41ms
INFO: Indexing files...
INFO: Project configuration:
INFO: 65 files indexed
INFO: Quality profile for java: TCC
INFO: ------------- Run sensors on module TCC Snippets Final 3
INFO: Load metrics repository
INFO: Load metrics repository (done) | time=50ms
INFO: Sensor JavaSensor [java]
INFO: No rules with 'symbolic-execution' tag were enabled, the Symbolic Execution Engine will not run during the analysis.
INFO: Server-side caching is enabled. The Java analyzer will not try to leverage data from a previous analysis.
INFO: Using ECJ batch to parse 64 Main java source files with batch size 156 KB.
INFO: Starting batch processing.
INFO: The Java analyzer cannot skip unchanged files in this context. A full analysis is performed for all files.
INFO: 100% analyzed
INFO: Batch processing: Done.
INFO: Did not optimize analysis for any files, performed a full analysis for all 64 files.
WARN: Dependencies/libraries were not provided for analysis of SOURCE files. The 'sonar.java.libraries' property is empty. Verify your configuration, as you might end up with less precise results.
WARN: Unresolved imports/types have been detected during analysis. Enable DEBUG mode to see them.
WARN: Use of preview features have been detected during analysis. Enable DEBUG mode to see them.
INFO: No "Test" source files to scan.
INFO: No "Generated" source files to scan.
INFO: Sensor JavaSensor [java] (done) | time=3076ms
INFO: Sensor SurefireSensor [java]
INFO: parsing [/home/oscar/Área de trabalho/TCC-Artur-Jackson-e-Oscar-de-Brito--BaseMLCQ/sonar-trechos/generated-snippets-batch-run/target/surefire-reports]
INFO: Sensor SurefireSensor [java] (done) | time=2ms
INFO: Sensor JaCoCo XML Report Importer [jacoco]
INFO: 'sonar.coverage.jacoco.xmlReportPaths' is not defined. Using default locations: target/site/jacoco/jacoco.xml,target/site/jacoco-it/jacoco.xml,build/reports/jacoco/test/jacocoTestReport.xml
INFO: No report imported, no coverage information will be imported by JaCoCo XML Report Importer
INFO: Sensor JaCoCo XML Report Importer [jacoco] (done) | time=2ms
INFO: Sensor IaC Docker Sensor [iac]
INFO: 0 source files to be analyzed
INFO: 0/0 source files have been analyzed
INFO: Sensor IaC Docker Sensor [iac] (done) | time=92ms
INFO: Sensor TextAndSecretsSensor [text]
INFO: Available processors: 2
INFO: Using 2 threads for analysis.
INFO: 64 source files to be analyzed
INFO: 64/64 source files have been analyzed
INFO: Sensor TextAndSecretsSensor [text] (done) | time=1131ms
INFO: ------------- Run sensors on project
INFO: Sensor Zero Coverage Sensor
INFO: Sensor Zero Coverage Sensor (done) | time=22ms
INFO: Sensor Java CPD Block Indexer
INFO: Sensor Java CPD Block Indexer (done) | time=112ms
INFO: SCM Publisher SCM provider for this project is: git
INFO: SCM Publisher 64 source files to be analyzed
INFO: SCM Publisher 0/64 source files have been analyzed (done) | time=82ms
WARN: Missing blame information for the following files:
WARN:   * Snippet_5799553.java
WARN:   * Snippet_6036658.java
WARN:   * Snippet_6085688.java
WARN:   * Snippet_7617518.java
WARN:   * Snippet_4426916.java
WARN:   * Snippet_3943609.java
WARN:   * Snippet_3988942.java
WARN:   * Snippet_7525557.java
WARN:   * Snippet_6854314.java
WARN:   * Snippet_6340836.java
WARN:   * Snippet_5738634.java
WARN:   * Snippet_3763847.java
WARN:   * Snippet_5912760.java
WARN:   * Snippet_4101390.java
WARN:   * Snippet_6857065.java
WARN:   * Snippet_8169457.java
WARN:   * Snippet_5368964.java
WARN:   * Snippet_7570873.java
WARN:   * Snippet_3975932.java
WARN:   * Snippet_4124615.java
WARN:   * Snippet_5492178.java
WARN:   * Snippet_6854666.java
WARN:   * Snippet_4535026.java
WARN:   * Snippet_7693328.java
WARN:   * Snippet_7009087.java
WARN:   * Snippet_4432039.java
WARN:   * Snippet_7542297.java
WARN:   * Snippet_4336814.java
WARN:   * Snippet_3931329.java
WARN:   * Snippet_5416350.java
WARN:   * Snippet_8198529.java
WARN:   * Snippet_6174003.java
WARN:   * Snippet_8201469.java
WARN:   * Snippet_7717190.java
WARN:   * Snippet_6638995.java
WARN:   * Snippet_8631904.java
WARN:   * Snippet_8575719.java
WARN:   * Snippet_4561905.java
WARN:   * Snippet_4726345.java
WARN:   * Snippet_9187819.java
WARN:   * Snippet_7716650.java
WARN:   * Snippet_6340833.java
WARN:   * Snippet_4478155.java
WARN:   * Snippet_4527162.java
WARN:   * Snippet_4609125.java
WARN:   * Snippet_4618565.java
WARN:   * Snippet_4624680.java
WARN:   * Snippet_7358376.java
WARN:   * Snippet_4886061.java
WARN:   * Snippet_5985338.java
WARN:   * Snippet_7377589.java
WARN:   * Snippet_7492767.java
WARN:   * Snippet_7406616.java
WARN:   * Snippet_6214208.java
WARN:   * Snippet_6218887.java
WARN:   * Snippet_6020057.java
WARN:   * Snippet_5412570.java
WARN:   * Snippet_5321469.java
WARN:   * Snippet_6976868.java
WARN:   * Snippet_4320152.java
WARN:   * Snippet_6834927.java
WARN:   * Snippet_6623370.java
WARN:   * Snippet_8537138.java
WARN:   * Snippet_5098876.java
WARN: This may lead to missing/broken features in SonarQube
INFO: CPD Executor 28 files had no CPD blocks
INFO: CPD Executor Calculating CPD for 36 files
INFO: CPD Executor CPD calculation finished (done) | time=27ms
INFO: SCM revision ID '26261eff0fdfe0b82ee446873a05666cce5522df'
INFO: Analysis report generated in 156ms, dir size=397.8 kB
INFO: Analysis report compressed in 258ms, zip size=158.4 kB
INFO: Analysis report uploaded in 50ms
INFO: ANALYSIS SUCCESSFUL, you can find the results at: http://localhost:9000/dashboard?id=tcc-snippets-final-3
INFO: Note that you will be able to access the updated dashboard once the server has processed the submitted analysis report
INFO: More about the report processing at http://localhost:9000/api/ce/task?id=bc5b30bc-f210-4690-bb5d-e55207f2c031
INFO: Analysis total time: 14.617 s
INFO: ------------------------------------------------------------------------
INFO: EXECUTION SUCCESS
INFO: ------------------------------------------------------------------------
INFO: Total time: 17.351s
INFO: Final Memory: 18M/68M
INFO: ------------------------------------------------------------------------

================================================================================
